StateAbbr,StateDesc,CountyName,CountyFIPS,TotalPopulation,TotalPop18plus,uninsured,had_checkup,dental_visit,lacks_transportation,food_insecurity,housing_insecurity,diabetes,high_blood_pressure,heart_disease,obesity,poor_health,depression,smoking,no_exercise
OK,Oklahoma,Haskell,40061,11832,9053,12.1,76.3,47.1,11.9,22.7,16.7,12.4,38.2,7.2,42.3,24.1,26.8,21.3,34.4
IL,Illinois,Lake,17097,708760,546551,9.7,75.1,63.6,6.8,13.0,11.6,9.8,29.4,4.6,32.9,15.4,18.5,10.5,19.4
KS,Kansas,Atchison,20005,16016,12523,9.3,73.6,60.7,7.7,13.8,12.2,10.0,32.6,5.8,38.8,18.6,22.3,17.0,27.4
AK,Alaska,Anchorage,2020,286075,219385,9.5,70.7,64.2,8.3,12.8,12.0,8.8,31.4,5.1,35.0,17.5,21.2,14.1,20.0
OK,Oklahoma,Seminole,40133,23565,17848,12.9,77.0,48.2,13.7,26.7,19.2,13.7,40.1,7.8,45.4,26.4,28.7,23.3,36.7
WV,West Virginia,Mineral,54057,26867,21526,7.8,77.8,55.7,8.2,13.9,12.1,11.7,36.2,6.1,39.4,21.6,32.3,18.3,28.8
MN,Minnesota,Blue Earth,27013,70006,56268,8.2,73.5,59.2,8.3,13.4,10.6,10.0,30.8,5.5,36.8,16.4,26.3,15.6,24.1
NE,Nebraska,Buffalo,31019,50697,39269,9.4,74.1,57.9,6.7,12.3,9.6,9.1,31.1,5.3,38.9,15.2,18.3,13.3,23.7
VA,Virginia,Albemarle,51003,115676,93582,6.7,77.7,72.3,5.5,8.8,8.3,8.7,28.5,4.5,29.0,13.3,21.8,9.6,18.6
MO,Missouri,Shelby,29205,5931,4506,10.6,74.8,53.9,10.5,17.7,14.5,11.5,35.6,6.9,40.6,23.8,27.1,21.4,32.7
MO,Missouri,Carroll,29033,8391,6542,9.9,75.4,56.3,9.0,15.1,13.0,10.6,32.9,6.1,38.8,21.4,26.7,19.1,31.3
IA,Iowa,Chickasaw,19037,11658,8978,8.3,73.4,68.1,7.0,12.3,10.1,9.5,31.2,5.5,39.6,17.5,20.6,16.1,25.3
NY,New York,Seneca,36099,32349,25660,7.6,78.1,60.9,8.8,16.2,13.9,9.1,30.6,5.8,34.8,18.3,22.4,15.7,26.7
MN,Minnesota,Faribault,27043,13873,10857,9.9,71.4,67.1,8.8,14.8,11.9,9.7,29.3,5.8,37.8,18.0,25.5,17.1,26.7
NE,Nebraska,Nance,31125,3274,2505,9.4,72.8,61.1,7.6,14.0,10.5,9.8,31.1,5.8,40.7,17.0,19.0,16.7,26.8
OH,Ohio,Mahoning,39099,225596,179979,9.6,76.3,59.6,9.4,17.2,14.1,11.8,34.1,6.2,38.9,20.0,25.9,17.6,26.5
MS,Mississippi,Chickasaw,28017,16866,12706,14.5,79.4,6.6,15.4,29.1,22.3,15.7,43.5,7.0,43.8,28.5,19.9,20.6,37.5
IL,Illinois,Hamilton,17065,7911,6144,8.8,75.2,59.5,8.9,16.6,13.2,10.7,33.0,6.2,40.1,20.5,25.1,17.6,24.8
MS,Mississippi,Sunflower,28133,24468,19260,16.5,82.0,6.3,19.2,37.2,27.7,18.3,49.5,7.6,48.9,31.9,17.2,21.9,41.5
MN,Minnesota,Norman,27107,6329,4857,9.0,71.2,63.2,8.3,13.7,11.0,9.6,30.1,5.6,35.8,17.6,25.6,16.4,24.8
AR,Arkansas,Grant,5053,18383,14319,9.7,75.7,53.9,7.9,14.3,11.9,9.8,35.2,6.0,36.6,20.4,26.0,15.7,28.0
VA,Virginia,Pittsylvania,51143,59571,49130,11.0,77.3,56.1,10.6,19.6,15.3,13.0,37.6,6.5,41.6,23.2,24.8,18.8,30.6
NM,New Mexico,Santa Fe,35049,155956,131762,14.0,66.0,67.9,8.7,15.9,14.0,9.3,25.3,5.0,25.9,18.4,23.4,10.4,19.8
ME,Maine,Sagadahoc,23023,37513,30865,7.9,78.6,63.7,7.5,10.2,9.8,8.0,27.7,5.3,29.5,15.4,29.2,14.3,20.2
LA,Louisiana,Tensas,22107,3764,2991,12.4,81.2,41.1,19.0,38.3,27.9,18.1,47.4,8.1,49.2,33.2,27.1,24.5,39.8
WI,Wisconsin,Buffalo,55011,13419,10742,8.4,74.6,68.0,7.0,12.3,10.1,9.4,29.0,5.5,39.4,17.0,25.4,15.4,27.5
IN,Indiana,Perry,18123,19209,15282,8.9,76.9,60.0,7.7,14.1,11.3,11.1,35.8,6.2,37.5,20.1,26.1,18.6,24.5
SC,South Carolina,Greenwood,45047,69460,54014,13.2,79.9,57.8,10.7,22.6,17.1,13.0,36.4,5.9,37.5,21.5,24.6,15.7,27.3
AZ,Arizona,Graham,4009,39525,29109,16.0,70.2,54.5,11.1,21.2,16.4,10.9,31.3,6.0,36.3,22.9,20.4,15.5,25.5
SC,South Carolina,Edgefield,45037,27607,23040,15.5,78.4,55.2,11.0,22.8,17.3,13.6,35.7,6.2,39.7,22.4,21.3,16.4,27.7
WV,West Virginia,Hardy,54031,14251,11484,10.6,78.3,49.4,10.7,19.7,15.4,14.2,40.0,7.2,41.5,26.4,32.0,22.1,33.5
OH,Ohio,Pickaway,39129,61086,47959,8.8,77.1,61.9,7.8,14.1,11.7,11.1,35.8,6.2,39.6,19.2,27.4,18.0,28.5
OH,Ohio,Wood,39173,132650,106092,7.4,78.6,66.4,6.7,11.7,10.0,10.2,32.3,5.6,38.9,16.5,27.8,13.9,23.0
MS,Mississippi,Noxubee,28103,9914,7406,15.7,81.4,6.5,19.1,37.3,28.2,18.0,47.7,7.3,46.5,31.5,18.7,21.9,40.6
ND,North Dakota,Rolette,38079,11728,7935,11.2,73.3,46.9,17.7,31.1,22.5,16.5,38.3,7.8,50.2,29.4,22.2,26.2,34.3
MT,Montana,Park,30067,17903,14881,8.7,68.3,63.8,7.2,10.9,9.2,7.9,27.3,5.2,30.0,16.3,24.2,13.7,20.4
UT,Utah,Beaver,49001,7233,5146,10.8,69.5,67.6,6.9,12.2,10.3,8.9,27.7,5.1,29.0,16.2,25.7,9.7,19.1
OH,Ohio,Geauga,39055,95407,74443,6.9,77.1,66.0,5.9,9.9,8.9,9.3,30.3,5.2,32.7,14.8,25.1,13.3,21.2
NH,New Hampshire,Carroll,33003,52448,44871,6.9,73.5,65.2,5.9,9.6,8.9,7.0,25.2,4.8,30.5,12.9,24.1,11.2,18.0
ND,North Dakota,Billings,38007,1034,812,7.6,72.9,65.7,6.4,11.2,9.2,9.2,30.8,5.6,36.4,16.0,20.3,14.0,22.7
GA,Georgia,Long,13183,19594,14123,16.3,76.9,53.5,11.1,21.1,18.0,13.0,37.5,6.0,37.9,22.6,20.8,16.8,30.3
MO,Missouri,Oregon,29149,8720,6668,11.6,75.3,48.9,11.8,20.5,16.2,12.5,36.1,7.3,41.2,26.2,27.9,23.6,34.4
NE,Nebraska,Richardson,31147,7689,6032,9.5,71.6,56.6,7.4,13.3,10.3,10.2,32.6,5.6,45.6,16.9,19.5,16.6,28.7
VA,Virginia,Madison,51113,14128,11351,9.1,76.4,66.0,7.4,12.7,10.8,10.2,31.9,5.4,37.7,17.9,25.2,14.6,23.6
MI,Michigan,Antrim,26009,24409,20323,6.1,77.4,73.5,6.9,11.9,9.9,8.8,30.3,5.4,36.4,15.9,27.8,14.1,20.8
IA,Iowa,Lee,19111,32565,25623,7.8,74.6,62.9,7.8,13.8,11.0,10.0,31.2,5.8,37.5,18.6,21.6,18.0,26.1
KS,Kansas,Decatur,20039,2712,2127,8.7,73.0,60.4,6.8,11.6,10.6,9.4,30.2,5.5,37.3,16.4,21.7,15.1,24.7
VA,Virginia,Colonial Heights,51570,18393,13796,9.0,77.6,66.1,7.8,13.5,12.0,10.5,32.5,5.1,37.7,17.5,23.7,13.1,24.0
IL,Illinois,Grundy,17063,53578,40665,8.6,75.8,67.2,7.0,12.8,11.5,9.1,29.6,5.0,36.1,16.4,22.5,13.2,21.7
NC,North Carolina,Bertie,37015,16922,14112,13.8,80.0,50.9,14.6,28.7,22.2,14.9,42.7,6.8,43.4,26.2,23.0,19.2,31.8
KS,Kansas,Barber,20007,4071,3137,9.3,73.5,58.9,7.7,13.8,12.1,10.0,32.3,6.0,38.6,18.5,22.6,17.1,27.1
NY,New York,Columbia,36021,60470,51121,6.2,77.7,64.7,7.4,13.0,11.7,8.5,28.6,5.2,30.7,15.3,21.1,12.9,22.3
MI,Michigan,Wexford,26165,34122,26384,7.8,76.9,64.4,9.0,16.5,12.5,10.3,33.2,6.3,38.8,19.9,29.5,17.8,24.7
UT,Utah,Grand,49019,9706,7722,10.4,69.7,64.8,7.8,13.7,10.9,9.3,28.8,5.4,28.2,17.5,26.4,10.4,19.2
GA,Georgia,Talbot,13263,5718,4784,16.4,78.4,48.1,15.0,29.4,23.7,16.0,42.6,6.8,43.3,27.2,20.4,19.5,34.5
NY,New York,Hamilton,36041,5082,4455,6.2,77.8,60.1,7.7,13.4,12.1,8.5,29.5,5.5,30.8,16.1,22.2,14.2,23.7
KS,Kansas,Pawnee,20145,6126,5127,10.9,73.4,62.8,7.6,13.6,12.4,10.0,32.1,5.8,38.0,18.4,20.5,16.8,26.8
NC,North Carolina,Vance,37181,42301,32113,13.8,80.3,54.1,13.6,26.3,20.9,13.9,40.0,6.4,42.8,24.5,24.1,17.8,30.0
GA,Georgia,Jeff Davis,13161,14906,11152,19.3,74.7,47.0,13.3,26.2,19.8,14.4,37.8,7.3,40.4,27.4,22.9,20.9,34.8
CA,California,Solano,6095,449218,351690,9.4,70.6,61.3,9.3,17.1,15.0,10.5,30.0,4.9,31.2,20.3,19.9,11.3,24.3
KS,Kansas,Leavenworth,20103,83518,63836,8.7,74.7,66.0,6.6,10.9,10.8,9.6,30.2,5.2,39.5,15.5,21.3,13.6,22.5
AL,Alabama,Autauga,1001,60342,46253,9.1,79.4,61.9,8.9,17.0,13.2,11.4,38.2,5.6,39.5,20.0,25.9,14.5,26.0
ME,Maine,Androscoggin,23001,113765,90589,9.5,77.6,61.2,10.3,14.6,14.1,10.3,29.6,6.0,36.1,19.3,30.8,16.9,25.8
SC,South Carolina,Clarendon,45027,31004,25502,15.3,80.1,54.5,13.1,28.2,21.2,15.0,40.7,6.5,38.4,25.5,23.5,18.0,31.5
IN,Indiana,Tippecanoe,18157,188792,150623,8.8,78.9,60.0,8.0,15.0,11.9,11.6,33.5,6.1,30.8,19.5,23.8,15.2,22.6
ID,Idaho,Bannock,16005,90400,67958,10.2,73.6,64.4,8.3,14.7,11.6,9.1,29.8,5.5,33.4,18.3,25.2,13.3,21.7
IL,Illinois,Moultrie,17139,14342,10780,8.8,74.6,61.3,7.9,14.8,12.1,9.5,31.2,5.5,38.4,18.9,25.0,16.4,23.2
NM,New Mexico,Rio Arriba,35039,39876,30988,20.3,66.6,56.1,14.1,27.6,22.3,13.7,30.5,6.1,40.2,26.9,21.5,14.9,29.0
MI,Michigan,Oakland,26125,1270426,1015769,5.5,79.3,72.8,6.4,11.4,9.5,8.5,30.3,4.8,30.9,13.8,21.5,10.9,18.2
NC,North Carolina,New Hanover,37129,238852,197058,8.7,78.4,68.1,7.2,11.8,10.2,9.2,31.7,5.3,31.8,15.9,25.7,12.2,20.3
NC,North Carolina,Martin,37117,21447,17125,12.6,79.0,53.9,12.4,23.9,18.9,13.1,38.8,6.4,40.4,23.8,25.9,18.2,28.6
AK,Alaska,Northwest Arctic,2188,7361,4551,14.2,66.9,42.9,18.9,32.1,24.4,14.6,38.1,7.9,40.9,29.9,20.3,28.6,30.8
MO,Missouri,Mercer,29129,3469,2611,11.4,75.6,56.8,10.5,17.9,14.8,11.8,35.4,6.7,41.4,23.8,27.4,20.8,33.2
MO,Missouri,Montgomery,29139,11459,8974,10.2,75.2,54.1,9.5,15.9,13.5,10.9,34.0,6.3,37.1,22.3,26.6,19.9,31.6
NE,Nebraska,Franklin,31061,2825,2223,9.5,73.0,60.4,7.8,14.2,10.8,10.1,32.3,6.0,39.7,17.5,19.9,16.9,27.6
GA,Georgia,Lumpkin,13187,35258,29477,12.1,76.0,59.6,8.1,14.1,11.8,10.8,32.9,5.8,31.0,19.0,22.9,15.4,25.2
SC,South Carolina,York,45091,298320,228347,10.1,77.2,64.0,7.1,14.4,11.6,10.3,32.4,4.7,36.8,16.0,22.4,11.1,22.6
NY,New York,Livingston,36051,61158,50385,6.1,77.7,61.9,7.5,13.1,12.0,8.5,29.9,5.3,31.9,15.8,21.6,13.3,22.4
MD,Maryland,Carroll,24013,176639,137462,6.8,73.5,66.0,5.7,9.5,9.3,8.5,29.8,4.7,37.4,13.4,23.5,11.0,22.0
OH,Ohio,Hardin,39065,30368,23282,9.1,76.8,51.9,8.8,16.1,12.7,11.9,36.7,6.7,41.8,20.7,27.5,19.3,30.4
NV,Nevada,Clark,32003,2336573,1824661,15.7,72.3,56.8,10.9,19.6,17.5,11.1,32.0,5.5,31.2,21.8,20.6,14.8,26.5
GA,Georgia,Camden,13039,58118,44234,12.9,76.1,56.2,9.2,16.5,14.3,11.7,34.7,5.8,37.9,19.9,21.1,15.5,27.1
KS,Kansas,Seward,20175,21067,14437,25.1,72.5,52.8,11.4,24.5,21.1,13.6,32.2,6.2,43.4,26.0,17.6,15.4,38.1
AR,Arkansas,Prairie,5117,8036,6369,11.3,76.8,49.0,10.0,18.9,14.7,11.3,38.6,6.6,40.5,23.9,25.8,18.1,32.1
MD,Maryland,Queen Anne's,24035,52508,41602,7.3,74.0,64.4,6.3,10.9,10.2,8.8,31.6,4.9,29.2,14.7,23.9,11.9,19.3
GA,Georgia,Terrell,13273,8718,6786,18.4,78.6,45.7,17.4,33.7,26.7,17.3,43.8,7.4,44.1,30.5,20.4,21.9,37.9
LA,Louisiana,St. Bernard,22087,44463,33008,11.3,79.7,52.2,13.4,27.2,20.4,14.3,40.3,7.0,42.2,26.9,28.1,19.7,33.2
ID,Idaho,Lemhi,16059,8441,6904,10.1,70.5,63.4,7.7,13.3,11.0,8.6,29.1,5.6,30.6,17.0,24.6,14.3,23.2
IN,Indiana,Porter,18127,175335,138304,8.7,77.8,63.9,6.9,13.0,10.9,10.6,34.3,5.4,39.8,17.9,24.4,14.7,24.5
WI,Wisconsin,Iowa,55049,23956,18836,7.2,73.9,69.2,6.2,10.5,9.1,8.6,27.2,5.2,38.2,15.5,25.0,13.9,26.5
NC,North Carolina,Edgecombe,37065,48832,37653,13.7,79.9,53.9,14.3,27.8,22.0,14.3,41.5,6.6,43.8,25.5,23.9,18.4,31.7
OH,Ohio,Scioto,39145,71969,56470,9.8,78.9,54.0,10.2,19.2,14.2,12.9,39.3,7.3,44.7,23.7,30.4,21.4,34.5
VA,Virginia,Norton,51720,3492,2702,10.6,76.5,56.5,10.7,19.2,14.4,13.1,36.7,6.9,40.7,23.9,27.8,20.1,30.2
MO,Missouri,Webster,29225,41472,29983,10.0,75.7,58.9,9.2,15.2,13.1,10.6,33.9,6.4,41.5,22.0,26.8,19.5,30.1
MS,Mississippi,Attala,28007,17359,13015,12.7,80.3,7.5,13.7,25.9,20.3,13.9,43.1,6.5,43.0,25.1,19.9,18.8,35.5
AR,Arkansas,Benton,5007,311013,232841,11.0,78.0,62.8,7.3,13.2,11.3,9.8,31.7,5.3,35.1,18.8,23.8,11.6,25.4
OH,Ohio,Muskingum,39119,86305,66808,8.5,79.4,60.3,8.5,15.0,12.3,12.0,35.3,6.4,43.9,20.1,29.0,18.5,28.5
IL,Illinois,Shelby,17173,20568,16229,7.8,75.2,57.8,7.6,13.8,11.5,9.6,31.1,5.6,37.6,17.8,24.3,15.8,22.6
IN,Indiana,Hendricks,18063,186387,140883,7.1,77.9,66.8,6.1,10.6,9.4,9.9,32.6,4.9,36.0,15.7,21.8,12.6,19.3
MI,Michigan,Monroe,26115,155045,123173,7.0,76.7,68.1,7.7,13.5,11.2,9.8,32.0,5.7,40.3,17.8,28.0,15.4,23.4
NY,New York,Sullivan,36105,79920,62695,9.0,78.0,61.1,9.4,17.7,15.4,10.0,31.0,5.6,31.8,18.6,20.1,13.8,27.4
CA,California,Placer,6061,423561,332465,5.9,71.2,68.9,6.6,10.7,10.0,7.9,27.4,4.4,27.2,15.4,22.5,9.6,17.9
MO,Missouri,Gentry,29075,6287,4635,10.1,75.0,54.0,9.2,15.5,13.1,10.6,33.5,6.2,40.9,21.8,26.2,19.5,31.4
VA,Virginia,Sussex,51183,10757,9043,11.8,78.6,58.9,12.0,22.4,18.6,14.4,40.6,6.3,45.7,23.9,20.6,17.6,29.9
OH,Ohio,Cuyahoga,39035,1233088,982384,8.6,78.1,63.0,9.3,17.5,14.5,11.3,34.2,5.5,35.4,18.9,24.7,15.2,23.6
MS,Mississippi,Lee,28081,82799,62227,10.5,80.2,9.2,10.0,18.6,14.7,12.3,41.3,5.7,36.3,20.7,20.5,15.5,31.2
NM,New Mexico,Harding,35021,624,540,17.9,66.0,57.9,12.5,24.4,19.1,12.4,32.5,6.6,36.5,25.6,24.3,15.6,27.7
MT,Montana,Golden Valley,30037,835,693,11.9,68.3,56.0,9.8,16.2,12.5,9.5,30.9,6.0,32.8,20.9,26.5,17.4,24.3
KS,Kansas,Wyandotte,20209,165281,120644,17.6,75.2,53.4,11.9,22.9,19.1,13.9,35.9,6.4,40.7,24.9,17.8,17.7,34.6
WV,West Virginia,Tyler,54095,7919,6382,8.8,78.0,54.5,9.4,16.8,13.6,12.8,38.9,6.7,42.5,23.6,32.4,20.9,31.8
VA,Virginia,Winchester,51840,27617,21446,13.1,77.0,64.0,10.2,18.9,15.0,12.9,35.1,6.4,38.3,22.6,24.7,16.3,28.5
MN,Minnesota,Wright,27171,151150,110472,7.1,73.5,69.3,6.2,9.6,8.6,8.2,28.4,4.7,34.8,13.9,24.8,12.5,19.8
MS,Mississippi,George,28039,25619,18726,11.6,77.0,9.3,10.0,18.1,13.7,11.7,37.3,6.4,36.9,22.0,21.9,18.2,31.0
VA,Virginia,Salem,51775,25600,20601,8.2,76.9,68.3,7.3,12.4,10.6,10.4,31.9,5.4,36.2,17.1,25.7,13.9,23.2
MO,Missouri,Pulaski,29169,53812,42066,10.3,76.7,58.8,9.1,15.1,13.8,10.9,34.1,5.8,38.4,20.6,24.0,16.8,29.1
NC,North Carolina,Hyde,37095,4607,3922,14.4,77.6,50.5,12.3,23.3,17.9,13.3,39.7,7.0,40.8,24.4,24.3,19.4,29.4
WI,Wisconsin,Price,55099,14102,11739,8.8,74.9,62.3,7.8,14.2,11.2,10.0,29.6,6.0,42.2,18.6,24.6,17.2,28.3
IN,Indiana,Kosciusko,18085,80364,61628,9.6,76.6,62.9,7.6,14.2,11.3,10.9,35.5,5.8,38.9,19.2,26.1,17.1,26.2
MO,Missouri,McDonald,29119,23903,17900,14.7,75.7,48.3,13.1,23.7,18.9,13.5,36.8,7.5,42.7,28.2,27.3,23.3,37.4
ND,North Dakota,LaMoure,38045,4096,3206,7.9,72.1,66.7,6.6,11.2,9.5,8.8,29.0,5.6,35.2,16.4,21.1,15.0,23.1
AL,Alabama,Bullock,1011,9897,7878,18.2,80.3,39.0,21.8,44.0,31.2,21.3,52.4,8.8,51.0,37.8,21.7,24.9,42.7
NE,Nebraska,Red Willow,31145,10457,8110,9.4,73.0,65.8,7.2,13.4,10.3,9.6,32.7,5.6,42.5,16.4,20.6,15.0,27.8
WI,Wisconsin,Taylor,55119,20058,15464,9.1,75.2,63.6,7.6,13.1,10.7,9.5,30.0,5.8,44.1,18.6,23.3,16.7,29.7
IA,Iowa,Shelby,19165,11806,9133,7.5,75.1,66.4,6.9,11.9,9.9,9.3,29.8,5.4,38.1,17.1,21.6,15.9,24.4
WV,West Virginia,Kanawha,54039,174805,140410,8.1,79.2,58.8,9.2,17.9,14.6,12.4,39.9,6.5,40.3,22.3,31.8,19.6,30.4
MD,Maryland,Garrett,24023,28423,23480,8.4,75.9,60.2,7.4,13.4,11.6,10.4,34.3,5.7,36.2,18.9,22.7,14.8,24.7
GA,Georgia,Gilmer,13123,32860,26936,15.0,74.7,59.6,8.5,15.3,12.9,10.8,32.4,5.9,34.1,20.1,22.6,15.5,26.3
AR,Arkansas,Chicot,5017,9538,7511,15.3,78.8,41.5,16.1,32.2,25.0,16.1,46.1,7.4,47.4,31.5,22.7,20.5,39.8
OH,Ohio,Miami,39109,110876,85630,7.5,76.5,65.4,6.9,12.0,10.4,10.3,32.0,5.6,33.3,16.5,26.6,15.5,24.6
MO,Missouri,Texas,29215,25619,20067,11.8,75.9,53.1,11.6,19.8,15.9,12.7,37.9,7.2,42.2,26.0,26.8,22.3,34.5
OH,Ohio,Richland,39139,125064,97954,9.5,76.2,60.9,9.1,16.4,13.6,12.1,34.3,6.5,39.2,20.5,27.3,18.6,28.8
VA,Virginia,Caroline,51033,32640,25204,10.5,77.2,64.1,9.1,16.4,13.9,12.0,35.4,5.6,41.3,20.0,23.5,15.1,26.8
LA,Louisiana,Lafayette,22055,249750,189467,8.0,81.0,58.6,10.2,19.4,15.1,11.9,37.1,5.9,34.3,20.7,26.2,15.9,23.9
MI,Michigan,Isabella,26073,64118,52691,7.9,78.4,64.0,10.1,18.5,14.0,11.6,35.5,6.7,43.1,21.4,29.8,18.6,27.3
IA,Iowa,Union,19175,11906,9293,7.8,75.6,63.5,7.5,13.1,10.5,9.8,31.9,5.6,37.6,17.7,21.8,16.5,25.6
GA,Georgia,Elbert,13105,20013,15564,15.2,76.8,50.8,11.6,22.4,18.2,13.3,38.0,6.3,38.3,23.6,21.6,18.3,30.8
IL,Illinois,Macoupin,17117,44018,35091,8.3,75.2,59.8,8.0,14.7,12.1,9.9,31.7,5.7,36.8,18.7,24.5,16.3,23.1
GA,Georgia,Schley,13249,4526,3488,13.5,76.1,55.6,9.8,18.0,15.1,12.1,35.6,5.9,37.2,21.1,22.2,16.4,27.6
NC,North Carolina,Rowan,37159,151661,118284,12.2,77.7,60.5,9.6,17.4,14.2,10.8,33.8,6.0,37.4,20.3,25.4,16.2,26.4
NJ,New Jersey,Somerset,34035,348842,275979,9.1,76.8,68.6,5.8,10.8,9.5,8.5,26.6,4.0,25.8,12.1,14.4,8.1,19.8
VA,Virginia,Frederick,51069,95994,74555,9.9,76.5,66.0,7.0,12.0,10.5,9.6,30.3,5.2,37.3,16.7,23.3,13.0,22.9
MO,Missouri,Jasper,29097,125056,94515,11.1,75.7,56.3,10.0,16.5,14.4,11.5,34.8,6.3,40.2,22.6,26.3,19.0,31.8
IL,Illinois,Cumberland,17035,10261,7994,7.5,75.4,62.4,7.1,12.7,10.9,9.2,30.9,5.4,38.5,16.9,24.5,14.8,21.6
NE,Nebraska,Gosper,31073,1847,1454,8.8,73.2,63.0,6.5,11.4,9.4,9.0,29.3,5.3,38.3,14.5,18.1,13.5,24.1
IL,Illinois,Rock Island,17161,141236,109684,10.4,75.7,62.6,9.2,17.6,14.6,10.8,31.5,5.7,40.1,19.7,21.3,15.1,23.8
MI,Michigan,Saginaw,26145,187782,147908,8.6,78.8,61.9,10.5,20.8,15.6,11.6,35.3,6.2,37.1,22.1,27.6,17.0,29.2
CA,California,Kings,6031,152682,111961,17.3,68.9,52.0,13.4,26.5,21.7,12.9,32.0,6.3,34.9,28.1,20.7,15.0,31.0
IL,Illinois,Adams,17001,64441,49972,7.6,75.7,60.9,7.6,13.8,11.6,9.6,31.6,5.4,38.2,17.4,23.8,15.0,22.6
MS,Mississippi,Kemper,28069,8584,7073,13.2,81.1,7.7,15.6,29.7,23.0,15.8,46.0,6.8,45.6,27.1,18.2,19.3,36.6
IA,Iowa,O'Brien,19141,14012,10569,8.7,74.5,64.6,7.9,14.2,11.1,10.0,31.3,5.8,39.3,18.8,22.2,17.2,26.2
LA,Louisiana,Washington,22117,44865,34243,10.5,78.4,52.8,14.0,28.1,20.7,14.9,42.1,7.3,45.6,28.0,28.3,22.2,36.2
MO,Missouri,Andrew,29003,18127,14052,8.1,75.3,60.9,7.2,11.3,10.6,9.2,32.3,5.3,35.8,17.5,25.0,15.6,25.5
MO,Missouri,Caldwell,29025,8955,6849,9.7,75.4,56.8,8.9,14.7,12.8,10.3,33.2,6.1,38.9,21.0,26.3,19.0,30.7
AL,Alabama,Chilton,1021,46431,35269,12.1,77.1,59.2,9.8,19.4,14.2,12.0,39.0,6.3,39.8,22.8,25.3,17.1,30.0
OK,Oklahoma,Pottawatomie,40125,73791,56848,10.7,78.1,53.9,10.3,19.4,14.8,11.5,37.9,6.5,41.4,21.8,26.5,18.5,31.5
NE,Nebraska,Kearney,31099,6770,5096,8.2,73.3,62.3,5.8,9.9,8.4,8.5,27.6,4.9,38.4,13.5,17.9,12.8,23.1
WV,West Virginia,Marion,54049,55807,44759,8.0,79.0,56.7,8.8,15.3,12.9,12.6,38.1,6.4,43.0,22.0,31.4,18.9,28.7
NJ,New Jersey,Monmouth,34025,642799,510015,8.3,76.4,68.7,5.8,9.8,9.3,7.8,27.7,4.4,30.3,13.0,15.1,9.8,18.4
MS,Mississippi,Harrison,28047,210612,161589,11.5,79.9,9.6,10.9,20.3,15.5,12.3,39.0,6.1,36.6,22.0,21.6,16.5,34.1
NE,Nebraska,Cherry,31031,5492,4162,9.0,72.0,56.0,7.7,13.5,10.5,10.1,30.5,5.8,40.9,16.5,18.5,15.9,26.3
MT,Montana,Custer,30017,11985,9637,9.5,69.0,62.2,7.8,12.3,10.0,8.5,28.9,5.3,32.7,17.3,25.2,14.8,22.2
AL,Alabama,Russell,1113,58744,44343,12.2,79.4,49.3,13.8,28.0,21.0,15.3,43.7,6.6,42.7,26.4,24.3,18.1,32.3
MT,Montana,Yellowstone,30111,170843,132003,9.2,72.8,61.2,7.6,11.9,9.8,8.2,28.3,4.9,34.0,17.4,28.2,14.2,20.0
WI,Wisconsin,Ashland,55003,16079,12754,8.8,74.5,59.8,8.9,15.6,12.6,10.8,30.1,6.2,41.4,19.6,26.8,18.0,29.7
LA,Louisiana,Iberia,22045,67659,50684,10.8,81.3,52.1,13.8,27.4,20.1,14.7,40.9,7.1,42.4,27.7,28.6,20.7,34.2
NV,Nevada,Lander,32015,5769,4270,14.5,69.4,58.3,10.9,19.7,16.1,11.1,32.0,6.4,34.9,23.4,23.5,17.8,27.4
MI,Michigan,Shiawassee,26155,68025,54057,7.2,77.9,68.3,8.1,14.5,11.6,9.9,32.1,5.9,38.5,19.0,29.6,16.6,24.5
GA,Georgia,Upson,13293,28263,21805,14.7,76.4,52.8,11.7,22.1,18.0,13.5,37.4,6.4,39.1,23.7,22.1,19.1,31.3
WV,West Virginia,Grant,54023,10921,8803,8.8,78.0,50.0,9.0,16.0,13.0,12.2,36.9,6.5,43.3,22.9,31.4,20.2,30.8
ND,North Dakota,Slope,38087,674,550,7.9,71.3,62.2,7.3,12.4,10.2,9.4,31.8,5.9,38.6,17.3,21.2,16.2,23.2
HI,Hawaii,Kalawao,15005,81,75,11.8,60.2,51.1,10.4,22.6,17.6,12.9,29.0,6.6,33.0,21.4,14.2,14.1,22.5
AR,Arkansas,Howard,5061,12533,9311,13.1,77.2,53.0,11.4,22.3,18.0,12.5,39.0,6.6,39.7,25.4,25.5,17.6,34.4
VA,Virginia,Buena Vista,51530,6566,5153,10.3,76.2,56.6,9.3,16.4,12.9,11.9,34.5,6.4,39.0,21.6,27.5,17.8,27.5
WV,West Virginia,Wetzel,54103,13890,10969,9.1,77.5,52.2,9.6,17.3,13.9,12.8,38.0,6.8,42.4,24.6,32.8,21.5,34.2
NE,Nebraska,Seward,31159,17671,13590,7.9,72.2,68.2,5.9,10.0,8.3,8.3,29.1,5.0,35.6,13.7,19.1,13.6,23.2
NY,New York,Oswego,36075,118162,94079,6.8,78.4,60.6,8.7,15.2,13.5,9.4,31.3,5.9,36.7,18.1,22.7,16.2,27.6
GA,Georgia,Pickens,13227,35969,29293,12.1,75.4,62.5,7.8,13.8,11.6,10.3,33.5,5.7,34.7,18.3,23.3,15.4,24.6
OK,Oklahoma,Noble,40103,10832,8403,10.0,76.9,59.1,8.8,16.5,13.0,10.5,35.3,6.1,41.8,19.6,26.9,17.4,31.1
LA,Louisiana,St. Martin,22099,51057,38941,10.1,79.6,54.6,12.1,24.5,18.9,13.1,39.3,6.6,45.0,25.4,29.4,19.7,32.0
ND,North Dakota,Burleigh,38015,100012,76833,6.5,73.3,69.6,5.7,8.9,8.0,8.1,27.6,4.9,35.5,13.7,19.8,12.1,17.7
IA,Iowa,Black Hawk,19013,130471,101949,7.4,77.8,63.4,8.0,13.5,10.3,10.8,32.4,5.7,42.0,18.5,21.6,16.9,23.5
RI,Rhode Island,Providence,44007,660615,528665,10.3,82.2,67.7,9.7,19.6,17.3,10.6,31.0,5.5,33.7,18.6,23.4,12.5,28.2
IN,Indiana,DeKalb,18033,44198,33580,8.4,77.5,62.9,7.2,13.3,10.7,10.8,34.1,5.8,43.5,19.4,27.4,17.0,24.6
VA,Virginia,Lexington,51678,7528,6479,8.3,77.0,70.2,7.2,12.1,10.6,10.5,32.3,5.3,35.7,17.0,24.7,13.2,22.8
MI,Michigan,Lake,26085,12734,10887,11.9,76.7,55.9,12.4,24.2,17.9,12.5,36.7,7.4,40.3,25.4,28.1,21.3,31.5
OK,Oklahoma,Canadian,40017,175829,131131,9.5,77.8,65.3,7.3,13.7,11.3,9.9,34.6,5.3,38.6,16.5,24.9,13.2,26.6
NY,New York,Richmond,36085,490687,385428,7.9,80.1,65.9,8.4,16.4,14.5,10.1,30.3,4.8,30.0,17.0,15.8,12.1,25.5
GA,Georgia,Jones,13169,28969,22439,12.4,77.0,56.3,9.7,17.9,15.4,12.0,35.6,5.7,39.4,20.5,21.7,16.1,28.6
MI,Michigan,Alcona,26001,10489,9146,7.2,77.4,62.2,8.4,15.2,11.9,9.9,32.1,6.1,39.1,18.7,29.3,17.0,24.7
IA,Iowa,Crawford,19047,16013,12050,14.3,75.2,61.0,9.9,19.8,14.9,12.2,33.2,6.3,43.1,22.7,19.5,17.1,31.5
MN,Minnesota,Chippewa,27023,12172,9114,10.4,71.1,66.3,9.1,15.5,12.2,10.1,28.6,5.8,40.8,18.5,25.6,17.0,27.0
OK,Oklahoma,Kay,40071,43641,32842,11.6,75.5,55.9,10.5,20.1,15.2,11.9,36.9,6.8,43.1,22.1,27.6,19.6,30.7
MI,Michigan,Grand Traverse,26055,96421,77995,5.7,77.8,73.2,6.5,11.0,9.5,8.4,29.4,5.1,35.3,15.6,27.0,13.2,21.0
IL,Illinois,Woodford,17203,38285,29234,6.5,76.0,63.4,6.2,10.5,9.4,8.6,29.6,4.9,37.3,15.0,23.2,12.6,19.3
NC,North Carolina,Dare,37055,38110,31485,8.1,77.6,71.3,5.9,9.6,8.5,8.1,29.7,4.9,31.0,13.8,26.0,11.4,18.4
NC,North Carolina,Wilkes,37193,66013,52999,12.6,76.8,57.7,9.4,17.5,13.4,10.7,34.4,6.4,38.2,21.0,28.5,17.8,25.9
NV,Nevada,Pershing,32027,6364,5279,15.6,68.3,55.8,9.7,17.2,14.8,10.3,31.4,6.0,35.3,21.9,20.1,16.8,25.2
MN,Minnesota,Hennepin,27053,1258713,989486,7.6,73.7,67.5,7.2,11.4,10.2,7.4,26.9,4.5,27.1,14.1,25.8,11.1,18.5
IN,Indiana,Marion,18097,968460,727834,10.7,79.0,59.6,9.6,18.7,14.5,12.8,38.0,5.8,38.4,21.0,25.3,15.2,24.4
KS,Kansas,Edwards,20047,2733,2119,14.5,73.7,61.5,9.0,17.3,14.9,11.1,32.9,6.1,40.2,20.9,21.1,17.1,30.4
MT,Montana,Ravalli,30081,47738,38925,9.8,68.0,65.8,7.0,10.7,9.0,7.3,26.1,4.9,31.7,16.3,24.4,13.2,18.3
VA,Virginia,Scott,51169,21433,17546,10.8,75.9,59.6,9.5,16.8,12.8,12.1,35.2,6.8,38.3,22.8,28.9,19.4,28.7
KS,Kansas,Lyon,20111,32172,24980,13.7,74.4,57.7,8.9,17.0,14.6,11.2,33.7,6.1,39.9,21.1,21.5,16.3,29.7
NC,North Carolina,Moore,37125,106898,83707,8.8,78.3,67.5,6.8,11.4,9.9,8.9,31.3,5.1,32.8,15.1,25.2,11.8,19.2
VA,Virginia,Culpeper,51047,54973,41294,11.0,76.5,63.6,8.0,14.1,12.4,10.9,33.3,5.4,38.2,18.6,23.3,13.8,24.9
ND,North Dakota,Ward,38101,68332,51945,7.6,72.2,63.5,6.3,10.4,9.3,8.8,31.4,5.1,34.7,15.0,20.6,13.3,22.7
GA,Georgia,Washington,13303,19820,15608,16.3,78.3,50.1,14.6,28.5,22.8,15.9,42.8,6.8,43.0,27.2,20.0,19.6,33.5
MN,Minnesota,Lake of the Woods,27077,3778,3059,7.8,71.9,63.1,7.4,11.6,9.9,8.9,27.9,5.3,35.6,15.7,25.1,15.6,23.3
AR,Arkansas,Logan,5083,21400,16752,11.3,76.2,51.5,9.8,18.4,14.1,11.3,38.2,6.7,37.7,24.0,27.3,18.3,31.7
OK,Oklahoma,Cleveland,40027,301193,240814,9.6,77.2,60.6,8.1,15.6,12.4,10.7,34.3,5.7,37.6,18.0,25.5,14.1,26.9
MO,Missouri,Clark,29045,6641,5096,10.6,75.1,51.2,10.1,17.2,14.1,11.3,34.6,6.8,41.4,23.8,27.2,21.5,33.0
MA,Massachusetts,Dukes,25007,20819,17186,4.2,78.8,72.0,6.6,9.7,9.6,7.3,27.1,4.7,25.3,13.5,25.7,11.2,16.9
KS,Kansas,Haskell,20081,3630,2660,16.8,72.6,57.1,9.2,18.6,15.3,11.5,31.6,6.1,42.4,21.9,20.7,16.9,32.1
SC,South Carolina,Sumter,45085,104165,79564,13.0,80.5,58.4,11.7,23.9,19.1,13.8,38.4,5.8,43.2,21.6,21.7,15.6,26.5
MS,Mississippi,Perry,28111,11315,8819,12.1,78.9,6.9,11.9,22.0,16.7,13.4,41.5,6.7,43.6,24.3,22.2,20.0,34.7
IL,Illinois,Piatt,17147,16714,13082,6.6,75.7,67.5,6.1,10.5,9.5,8.4,29.2,4.9,34.9,14.8,23.1,12.7,19.2
IA,Iowa,Guthrie,19077,10722,8454,6.9,73.7,66.9,6.6,11.2,9.3,9.1,30.0,5.2,37.2,15.9,21.0,15.2,23.9
AR,Arkansas,Saline,5125,129574,99649,9.6,77.3,62.4,7.9,14.4,12.2,9.5,35.5,5.7,34.4,20.0,25.6,14.3,27.8
GA,Georgia,Bulloch,13031,84327,67469,12.9,77.4,58.5,10.8,19.6,16.6,12.9,38.8,6.2,41.7,21.5,20.9,16.0,27.4
MD,Maryland,Anne Arundel,24003,594582,461032,7.3,78.2,68.3,6.3,11.9,10.9,9.1,31.4,4.6,34.2,15.5,20.4,10.5,19.8
NE,Nebraska,Webster,31181,3351,2578,9.4,72.1,60.0,7.1,12.8,10.2,9.8,30.5,5.5,39.1,16.0,18.9,15.1,25.0
WI,Wisconsin,St. Croix,55109,96763,74028,6.4,73.9,74.0,5.5,9.1,7.9,8.1,28.2,4.8,35.5,13.9,23.3,12.4,23.1
KS,Kansas,Chase,20017,2579,2057,11.3,74.5,60.8,8.5,15.4,13.0,10.8,33.1,6.3,38.8,19.7,21.7,17.3,27.6
AR,Arkansas,Woodruff,5147,5964,4659,13.3,77.3,46.0,13.3,26.4,19.8,13.7,41.4,7.4,39.3,29.1,26.6,21.3,37.7
NY,New York,Cayuga,36011,74485,60227,7.1,78.4,58.4,8.8,15.8,13.7,9.3,31.0,5.7,35.7,18.5,22.0,15.5,26.4
SC,South Carolina,Lee,45061,15967,12947,16.5,80.3,46.2,15.6,33.1,25.0,16.9,43.7,6.8,44.1,28.1,21.9,19.3,34.7
OH,Ohio,Allen,39003,100838,77234,8.7,79.3,57.0,8.7,15.7,13.4,12.2,34.3,6.3,40.0,19.6,28.2,17.6,28.1
NC,North Carolina,Cleveland,37045,101378,78793,11.4,77.9,55.2,10.1,18.5,14.7,11.2,36.3,6.2,38.6,20.8,26.9,16.9,26.2
MI,Michigan,Berrien,26021,152261,120080,7.7,77.1,65.3,9.2,17.1,13.7,10.7,33.7,6.0,38.9,19.3,27.1,15.5,25.6
LA,Louisiana,Catahoula,22025,8414,6589,12.5,78.8,54.1,14.9,30.0,21.7,15.0,42.1,7.6,41.6,29.6,27.7,22.8,35.7
NJ,New Jersey,Essex,34013,851117,652264,14.9,76.2,62.9,10.9,21.5,18.8,11.0,29.8,5.1,29.4,19.5,15.7,12.3,28.4
AL,Alabama,Lowndes,1085,9717,7570,14.7,81.4,44.6,19.8,40.3,29.0,19.4,50.4,7.8,51.3,33.8,22.0,22.2,39.3
MN,Minnesota,Swift,27151,9719,7508,9.7,71.8,63.0,8.9,14.8,12.0,10.1,30.6,5.8,39.1,18.3,26.7,17.6,25.8
MO,Missouri,St. Charles,29183,416659,323865,6.7,76.3,65.6,6.0,8.8,9.0,8.8,28.4,4.6,35.5,14.4,23.5,12.2,22.2
IN,Indiana,Vigo,18167,106153,84369,9.1,78.4,56.3,9.2,17.5,13.6,12.8,36.3,6.6,42.6,23.0,26.9,19.1,25.6
MS,Mississippi,Lawrence,28077,11741,8893,14.4,79.2,6.6,15.0,28.7,20.9,15.2,44.4,7.4,46.1,28.4,21.8,22.1,39.0
IN,Indiana,Clay,18021,26460,20399,8.5,77.9,57.1,7.8,14.8,11.3,11.5,36.0,6.1,42.9,20.8,27.8,18.2,26.1
ND,North Dakota,Mercer,38057,8309,6371,8.0,72.1,63.1,7.2,12.3,10.2,9.1,30.7,5.7,39.6,17.4,21.6,15.4,23.3
IA,Iowa,Jefferson,19101,15440,12891,7.0,75.7,62.8,7.4,13.0,10.1,10.1,31.9,5.7,39.7,17.6,20.3,14.8,24.1
GA,Georgia,Clarke,13059,129933,108382,13.2,77.4,57.1,10.7,19.3,16.2,13.3,36.5,6.0,33.7,21.3,21.0,14.4,27.4
AL,Alabama,DeKalb,1049,72569,55297,15.4,76.0,47.5,11.7,23.7,16.2,13.3,40.0,7.3,38.6,26.8,27.2,19.9,32.6
KS,Kansas,Russell,20167,6723,5253,10.2,73.9,62.5,8.3,14.7,12.7,10.2,32.7,6.1,41.8,19.6,22.7,18.1,28.3
IA,Iowa,Winnebago,19189,10571,8271,7.5,75.4,71.2,7.0,11.8,9.9,9.3,31.0,5.4,39.3,16.5,21.5,15.4,23.4
WI,Wisconsin,Milwaukee,55079,916205,700935,10.8,77.9,63.6,10.2,19.5,15.1,12.4,34.1,5.8,38.8,21.9,23.7,14.9,27.7
MT,Montana,Fergus,30027,11772,9316,9.8,68.9,63.7,8.0,12.9,10.5,8.4,29.7,5.5,31.2,17.6,25.1,15.1,21.7
ND,North Dakota,Grant,38037,2215,1740,8.7,72.3,57.0,8.3,14.6,11.4,10.3,32.9,6.4,41.8,19.7,22.5,17.8,27.0
NC,North Carolina,Haywood,37087,62969,52105,9.6,76.5,66.0,7.4,12.8,10.5,9.2,32.2,5.7,33.2,17.3,28.5,14.4,21.8
MT,Montana,Toole,30101,5133,4036,13.4,66.2,54.6,10.4,17.3,13.0,10.3,31.4,6.5,35.4,22.2,23.7,19.4,25.9
MT,Montana,Sheridan,30091,3498,2775,10.7,68.6,67.1,8.1,12.9,10.5,8.4,29.5,5.4,35.4,17.9,25.6,15.2,21.6
NC,North Carolina,Davie,37059,44599,35409,10.2,76.8,62.5,7.3,12.8,10.8,9.2,32.1,5.4,33.3,16.8,26.5,14.0,21.8
VA,Virginia,Orange,51137,38574,30240,9.2,77.7,64.4,7.5,12.9,11.3,10.2,32.5,5.3,36.9,17.4,24.7,13.9,23.3
MN,Minnesota,Mahnomen,27087,5280,3646,12.0,72.1,50.4,16.6,28.0,20.2,14.0,33.2,7.5,44.4,27.2,27.9,25.7,33.2
MT,Montana,Big Horn,30003,12751,8784,14.5,68.9,50.5,18.7,30.1,22.1,13.8,33.5,7.4,35.8,28.8,25.6,25.3,28.0
MN,Minnesota,Sherburne,27141,102206,75976,7.4,71.1,67.7,6.8,10.7,9.2,8.3,27.4,4.8,38.4,14.3,24.2,13.9,22.9
OH,Ohio,Holmes,39075,44386,31037,12.6,74.1,52.4,9.7,19.0,14.1,11.7,33.5,7.0,38.8,24.7,29.8,22.3,33.4
NE,Nebraska,Phelps,31137,9057,6814,9.8,72.5,64.1,7.0,12.7,9.9,9.4,30.1,5.4,39.1,16.0,19.1,15.2,25.5
MS,Mississippi,Union,28145,28284,21239,13.2,77.7,10.6,11.2,20.9,15.8,12.3,39.4,6.4,41.5,23.5,22.0,18.8,32.4
DE,Delaware,Sussex,10005,263509,216820,10.5,78.6,60.6,7.8,14.5,11.9,9.8,32.8,5.6,34.2,17.7,22.4,14.6,25.2
OK,Oklahoma,Lincoln,40081,34562,26523,10.8,75.9,53.0,10.0,19.2,14.5,11.4,37.7,6.7,43.9,21.5,26.8,19.2,31.6
ID,Idaho,Camas,16025,1232,960,10.9,71.0,66.7,7.5,12.5,10.6,8.4,27.7,5.3,29.3,16.6,23.0,12.5,21.3
MN,Minnesota,Murray,27101,8049,6312,8.9,71.0,62.3,7.7,12.6,10.5,9.1,28.2,5.4,36.7,16.8,26.1,15.5,24.4
OH,Ohio,Fairfield,39045,165360,125997,7.4,78.0,61.1,7.1,12.2,10.7,10.4,32.7,5.5,35.3,16.5,26.1,14.5,23.5
VA,Virginia,Amherst,51009,31396,25190,9.6,76.9,63.6,9.0,15.8,13.2,11.8,34.9,5.9,39.6,20.1,24.8,16.3,27.1
MO,Missouri,Howard,29089,10101,7943,8.7,76.4,57.3,8.3,13.2,12.0,10.1,32.8,5.8,36.0,19.7,26.2,17.0,28.3
NC,North Carolina,Randolph,37151,147458,114881,13.8,77.1,56.4,9.6,17.9,14.3,10.9,34.3,6.3,39.7,21.5,27.4,16.9,26.5
GA,Georgia,Douglas,13097,149160,111702,13.5,78.8,58.5,10.8,20.1,18.1,12.7,36.1,5.3,35.9,20.0,18.3,13.5,26.9
NM,New Mexico,De Baca,35011,1657,1294,16.4,65.7,59.3,10.9,20.4,17.3,10.9,30.8,6.1,33.0,23.0,24.6,14.8,25.2
OK,Oklahoma,Beaver,40007,5018,3798,16.1,76.1,57.5,9.5,19.3,15.4,11.3,35.6,6.3,39.0,21.4,24.0,15.8,32.4
AL,Alabama,Lamar,1075,13661,10648,11.5,77.1,54.3,10.9,21.3,15.1,12.9,40.4,6.9,40.8,24.8,26.5,19.5,30.0
NC,North Carolina,Cabarrus,37025,240016,180188,10.2,77.8,66.3,7.7,13.7,11.8,9.9,32.7,5.1,32.7,16.6,23.6,12.1,21.3
MO,Missouri,Douglas,29067,12228,9333,10.8,75.5,54.1,10.1,17.0,14.3,11.3,34.6,6.6,37.9,23.5,27.4,20.8,32.0
MI,Michigan,Ingham,26065,284637,229779,7.1,78.6,69.2,8.6,15.3,12.5,10.6,33.5,5.6,36.6,17.7,26.9,14.6,22.9
NE,Nebraska,Jefferson,31095,7054,5436,9.4,72.8,61.0,6.9,12.6,9.8,9.8,29.5,5.4,37.6,16.1,19.5,15.3,26.9
MA,Massachusetts,Nantucket,25019,14444,11509,4.8,79.6,74.9,6.0,9.0,9.4,7.2,25.8,4.3,26.9,12.3,22.7,8.8,16.4
MT,Montana,Lake,30047,33338,26163,10.8,70.3,56.3,10.8,16.6,13.3,9.3,29.3,5.8,33.2,19.8,26.7,16.2,21.9
MS,Mississippi,Winston,28159,17416,13573,13.7,81.0,7.6,15.3,29.7,21.9,15.7,44.8,7.2,42.0,27.2,19.8,20.5,36.0
AL,Alabama,Elmore,1051,90441,71010,9.5,78.9,59.5,9.2,17.9,13.5,11.4,38.2,5.8,38.7,20.8,23.6,15.1,25.4
MI,Michigan,Dickinson,26043,25982,20842,6.3,77.7,69.5,7.5,13.0,10.7,9.3,31.5,5.7,38.1,17.1,29.7,15.7,23.5
VA,Virginia,King George,51099,28568,21638,8.6,77.1,68.0,7.2,12.2,10.9,10.3,31.5,5.2,35.5,16.8,23.5,12.9,22.5
NY,New York,Washington,36115,60047,49075,6.7,78.6,61.9,7.9,13.9,12.5,8.6,30.0,5.4,31.2,16.9,21.7,14.9,24.8
IL,Illinois,McDonough,17109,26839,21974,8.4,76.0,57.1,8.9,16.4,13.3,10.8,33.5,6.0,39.2,19.7,24.3,16.1,23.6
GA,Georgia,Appling,13001,18457,13966,18.7,74.9,52.3,13.3,25.7,19.8,14.6,38.8,7.3,40.7,27.3,22.9,20.8,33.7
MT,Montana,Madison,30057,9521,8033,9.3,68.1,64.8,6.8,10.2,9.1,7.3,26.8,4.9,28.6,15.4,23.9,12.7,17.3
AL,Alabama,Perry,1105,7738,6081,14.5,81.9,42.3,20.7,41.9,29.8,20.5,51.9,8.2,54.0,35.4,23.4,23.3,40.3
MS,Mississippi,Calhoun,28013,12685,9911,14.9,78.4,6.9,14.2,26.7,20.1,14.6,42.8,7.1,41.3,27.5,21.2,20.8,35.6
IN,Indiana,Gibson,18051,32904,25197,8.4,77.9,55.6,7.7,14.2,11.4,10.8,33.9,6.0,39.4,19.8,27.6,18.0,24.6
MI,Michigan,Menominee,26109,22945,19083,7.5,76.8,63.9,8.6,15.6,12.2,9.9,32.7,6.1,38.9,19.2,29.8,17.4,25.0
AL,Alabama,Cleburne,1029,15639,12016,10.6,76.3,52.6,9.3,17.9,12.7,11.7,37.0,6.5,37.1,22.3,26.9,18.0,28.7
NE,Nebraska,Knox,31107,8298,6275,9.6,73.1,60.1,8.4,15.3,11.4,10.3,30.3,5.8,40.4,17.1,18.7,17.2,27.2
SC,South Carolina,Cherokee,45021,56714,43778,14.5,77.4,57.1,10.8,22.4,16.6,12.9,35.9,6.4,38.8,22.9,24.9,17.6,30.3
VA,Virginia,Alexandria,51510,155230,127357,7.8,78.2,73.8,6.2,10.4,9.5,9.8,30.1,4.5,31.2,14.6,20.6,8.6,19.4
WV,West Virginia,Pleasants,54073,7428,6004,8.9,77.1,53.3,8.8,15.4,12.7,12.2,38.2,6.5,43.5,23.1,31.8,19.9,31.2
ID,Idaho,Clearwater,16035,9214,7803,11.0,71.1,62.6,8.3,14.5,11.8,9.2,29.1,5.8,31.8,18.3,22.9,14.7,22.6
NJ,New Jersey,Salem,34033,65338,50965,11.6,75.6,65.0,8.9,16.6,14.4,9.7,32.3,5.4,33.8,18.5,19.4,14.8,26.5
MS,Mississippi,Issaquena,28055,1256,1128,20.0,79.0,6.0,18.8,36.9,27.2,17.8,48.9,8.0,47.3,33.1,17.1,24.0,42.1
NC,North Carolina,Washington,37187,10713,8617,13.8,80.0,52.0,15.0,28.9,22.5,14.8,42.0,7.1,44.1,26.8,25.6,20.2,32.0
ND,North Dakota,Towner,38095,2030,1581,9.5,72.6,56.5,8.7,15.3,12.3,10.4,32.8,6.3,43.9,19.8,22.3,17.6,27.3
AR,Arkansas,White,5145,78452,60279,11.4,75.7,51.5,9.8,19.4,14.2,10.9,37.1,6.7,40.0,23.6,27.1,17.9,31.6
NV,Nevada,Nye,32023,55720,46506,14.4,68.3,53.3,11.2,20.2,16.8,10.9,31.9,6.3,40.1,24.6,23.1,18.6,29.1
NE,Nebraska,Blaine,31009,436,344,8.6,72.4,61.6,7.0,12.4,9.7,9.4,30.9,5.5,38.8,15.8,19.2,15.5,26.3
MI,Michigan,Ontonagon,26131,5906,5167,7.3,77.0,63.3,8.7,15.8,12.4,10.1,33.1,6.3,37.2,19.2,29.3,17.7,24.7
WI,Wisconsin,Waupaca,55135,51388,41137,8.8,74.6,65.5,7.1,12.8,10.5,10.0,30.0,5.6,37.8,17.8,24.5,15.9,26.7
IN,Indiana,Fayette,18041,23362,18243,9.9,77.2,50.4,9.2,17.8,13.2,12.3,36.7,6.8,44.8,23.4,28.6,20.8,27.9
SC,South Carolina,Georgetown,45043,65731,54866,10.8,79.3,62.4,8.6,16.7,14.2,11.6,33.7,5.2,32.5,17.6,21.9,12.7,22.6
IN,Indiana,Warrick,18173,65867,50898,6.4,78.7,68.8,5.7,9.5,8.4,9.5,30.5,5.0,33.8,15.5,25.9,13.1,19.9
WV,West Virginia,Wood,54107,83052,65756,8.3,79.3,53.8,9.3,16.5,13.2,13.0,38.7,6.7,43.4,23.5,33.9,19.5,31.0
GA,Georgia,Pulaski,13235,10095,8287,15.7,77.9,51.1,13.3,25.8,21.0,13.8,38.2,6.5,41.1,25.9,23.1,19.4,32.5
NY,New York,Rensselaer,36083,159305,129327,5.9,78.0,65.9,7.3,12.9,11.9,8.5,28.8,5.0,31.7,14.8,20.6,12.2,22.5
WI,Wisconsin,Dodge,55027,88231,71376,9.0,76.2,61.8,7.1,12.8,10.7,9.2,28.8,5.5,42.5,17.0,23.8,15.0,27.0
AZ,Arizona,Yavapai,4025,249081,211150,11.8,69.6,60.4,8.0,13.8,11.8,8.0,27.0,5.1,27.6,17.6,21.6,12.9,19.9
NC,North Carolina,Carteret,37031,69615,58070,8.8,77.6,67.4,6.9,11.4,9.8,8.7,31.3,5.3,33.7,15.7,26.3,13.1,19.9
MN,Minnesota,Clearwater,27029,8644,6482,9.4,70.1,63.4,9.6,15.9,12.3,10.0,28.8,6.0,34.7,19.6,26.5,19.4,26.6
NY,New York,New York,36061,1597451,1381420,6.7,79.2,64.5,7.7,15.0,13.0,8.4,25.8,4.4,19.5,15.0,18.6,8.5,20.0
MI,Michigan,Huron,26063,30927,25092,7.7,76.7,65.1,8.6,15.9,12.2,10.1,32.4,6.1,38.8,19.2,29.0,17.5,26.0
ID,Idaho,Nez Perce,16069,42987,33960,9.9,73.1,66.3,8.2,14.0,11.3,8.8,30.4,5.6,38.1,17.2,25.2,14.1,23.7
MN,Minnesota,Brown,27015,25628,19942,8.6,73.2,62.0,7.6,12.2,10.1,9.0,28.4,5.2,36.2,16.0,25.1,15.5,23.1
IL,Illinois,Edgar,17045,16334,13132,8.6,75.1,59.1,8.4,15.7,12.7,10.2,32.6,5.9,37.5,19.6,24.8,17.0,24.5
IA,Iowa,Iowa,19095,16381,12590,7.0,75.8,70.3,6.6,11.2,9.1,9.1,30.5,5.3,43.1,16.3,21.5,15.0,23.1
MO,Missouri,Cooper,29053,16947,13165,9.0,75.8,56.4,8.3,13.4,12.2,10.0,32.7,5.7,37.7,19.4,25.1,17.2,29.2
KS,Kansas,Finney,20055,37466,26325,21.3,72.7,52.9,10.4,21.7,18.2,12.9,32.9,6.1,37.7,24.2,18.1,15.7,33.2
IN,Indiana,Benton,18007,8729,6634,10.2,77.2,55.0,8.7,16.6,12.7,11.9,35.2,6.4,42.4,22.4,27.6,19.1,26.8
IN,Indiana,Monroe,18105,139342,117382,7.2,79.0,60.1,7.4,13.2,10.2,11.0,32.6,5.8,35.7,18.6,26.7,14.3,21.9
IA,Iowa,Butler,19023,14172,11057,7.3,75.4,68.4,7.1,12.4,10.0,9.5,31.6,5.6,39.3,17.5,22.0,16.4,25.7
AR,Arkansas,Columbia,5027,22150,17425,11.6,79.1,51.6,12.6,25.0,19.7,13.5,41.8,6.8,39.9,26.2,24.2,18.0,34.6
NM,New Mexico,Taos,35055,34405,29128,15.0,65.1,61.8,10.0,18.8,15.6,10.7,28.3,5.4,28.1,20.4,22.5,11.7,22.7
MI,Michigan,Washtenaw,26161,365536,299903,5.4,77.0,71.9,6.8,11.5,9.6,8.6,28.3,4.9,29.0,13.5,26.7,10.8,16.5
MI,Michigan,Livingston,26093,196757,157470,5.1,78.0,72.6,5.7,9.3,7.9,7.6,26.9,4.7,31.9,13.3,26.6,12.0,19.5
OK,Oklahoma,Nowata,40105,9438,7235,10.7,76.8,53.8,11.5,21.3,16.2,12.3,37.7,6.9,40.3,22.7,27.0,20.6,33.2
MO,Missouri,St. Clair,29185,9752,7697,11.0,75.1,52.6,10.5,17.8,14.6,11.8,35.8,6.9,37.7,24.4,27.6,21.8,33.7
MS,Mississippi,Oktibbeha,28105,51203,42382,10.4,80.6,7.9,12.2,21.0,17.0,13.9,42.1,6.5,39.6,21.9,19.0,15.6,30.8
WI,Wisconsin,Monroe,55081,46151,34486,9.6,74.5,64.8,8.2,14.9,11.8,10.4,31.0,6.1,44.0,19.2,26.4,17.1,30.5
NY,New York,Bronx,36005,1356476,1031703,15.9,80.8,51.1,16.5,37.5,31.4,14.8,34.6,6.3,33.7,29.2,16.1,13.4,37.5
VA,Virginia,Roanoke,51161,97026,78314,7.5,77.7,69.5,6.4,10.7,9.6,9.5,30.4,5.1,34.4,15.2,26.0,12.3,21.1
KS,Kansas,Jewell,20089,2847,2244,9.9,74.4,59.5,8.4,15.1,12.6,10.7,33.4,6.5,39.8,20.2,23.1,18.7,28.9
ME,Maine,Somerset,23025,51302,41911,10.2,79.4,56.4,10.7,15.6,14.0,10.4,31.9,6.7,36.7,21.3,30.8,20.0,25.9
ND,North Dakota,Adams,38001,2163,1737,8.7,72.0,58.7,7.8,13.9,11.1,9.8,31.0,5.9,35.7,18.3,21.6,16.7,25.6
OH,Ohio,Vinton,39163,12474,9815,10.1,76.3,50.9,9.5,17.9,13.6,12.3,35.4,7.0,39.7,22.2,29.4,21.3,31.3
CA,California,Fresno,6019,1017162,737124,14.6,70.7,54.1,12.3,25.1,19.8,12.4,31.4,6.0,37.9,27.6,21.3,13.4,31.0
MS,Mississippi,Quitman,28119,5546,4262,16.0,82.1,5.6,21.4,40.7,30.4,19.5,50.6,7.9,51.1,33.9,19.1,23.7,43.8
LA,Louisiana,East Carroll,22035,6829,5465,16.0,81.0,38.7,23.5,46.8,33.6,21.3,52.5,9.5,51.7,39.7,25.0,29.1,44.1
WV,West Virginia,Webster,54101,8045,6456,11.2,77.5,49.9,11.6,21.6,16.3,14.1,40.2,7.7,42.6,28.6,34.1,24.9,37.9
KS,Kansas,Meade,20119,3911,2875,13.4,73.2,59.0,8.3,15.7,13.8,10.3,31.6,5.9,37.0,19.8,21.2,16.2,29.2
SC,South Carolina,Pickens,45077,135495,110529,12.2,76.9,58.9,8.8,17.9,13.4,11.4,34.0,6.0,37.3,20.0,25.8,15.1,25.8
GA,Georgia,White,13311,29026,23497,12.3,74.8,61.8,7.8,13.6,11.6,10.1,33.0,5.7,35.2,18.4,22.6,15.4,24.5
GA,Georgia,Harris,13145,36654,28872,10.3,77.2,62.6,7.0,11.7,11.0,9.9,31.7,4.9,32.4,15.9,19.9,12.2,21.3
AR,Arkansas,Miller,5091,42415,32396,12.6,78.0,46.8,12.5,24.7,19.0,13.1,40.8,7.0,38.0,26.9,25.3,19.3,36.6
MO,Missouri,Macon,29121,15161,11647,9.0,75.9,56.8,8.3,13.4,12.0,9.9,32.2,5.8,34.6,20.1,25.5,17.6,29.2
NC,North Carolina,Duplin,37061,49520,37683,16.6,77.7,55.6,11.9,22.8,18.2,12.7,37.3,6.4,39.6,24.1,24.4,16.8,28.5
IA,Iowa,Decatur,19053,7665,5875,8.5,74.1,62.6,8.4,15.1,11.6,10.6,31.6,6.1,41.7,19.7,22.4,18.0,26.8
KS,Kansas,Clark,20025,1847,1425,10.3,74.3,62.8,7.1,12.7,11.5,9.5,31.1,5.4,37.2,17.0,21.1,14.5,25.1
ID,Idaho,Blaine,16013,25041,20458,11.4,72.0,71.4,6.5,11.2,10.0,7.7,24.7,4.7,23.1,14.6,20.1,9.8,18.8
WI,Wisconsin,Racine,55101,196613,152563,10.1,75.0,60.8,7.8,15.0,12.0,10.4,30.3,5.4,42.2,18.1,23.1,14.8,30.1
NM,New Mexico,Cibola,35006,26780,20607,16.4,66.3,53.8,16.1,29.6,22.5,14.6,33.5,7.0,39.2,27.8,24.0,19.7,28.7
IL,Illinois,Jersey,17083,21091,16934,7.4,75.5,61.6,7.0,12.4,10.8,9.2,30.5,5.3,39.2,16.8,24.2,14.6,21.7
IA,Iowa,Marion,19125,33770,25965,6.2,75.5,71.8,5.9,10.0,8.4,8.7,30.0,5.0,40.0,15.1,22.1,14.0,21.4
NC,North Carolina,Alamance,37001,179165,139859,12.2,78.5,59.0,9.3,17.2,14.2,10.7,33.4,5.7,38.9,19.3,24.6,14.3,23.7
MN,Minnesota,Redwood,27127,15288,11470,9.0,71.6,64.1,8.7,14.7,11.4,10.0,28.8,5.6,36.9,17.7,25.4,17.1,24.3
VA,Virginia,Goochland,51075,27197,22738,6.7,77.2,73.6,5.6,8.8,8.5,8.7,30.0,4.5,32.8,13.7,22.8,10.5,18.9
OK,Oklahoma,Kingfisher,40073,15481,11404,12.5,75.5,57.9,8.5,16.5,13.3,10.3,34.5,6.0,37.2,19.4,24.3,15.8,32.5
MO,Missouri,Dallas,29059,17768,13540,10.8,75.1,53.9,10.5,18.1,14.8,11.7,34.6,6.8,39.3,24.0,27.5,21.8,33.0
CA,California,Amador,6005,41811,35299,8.1,68.3,64.9,8.0,13.3,12.2,8.6,29.3,5.2,29.5,18.5,23.2,12.4,20.5
AL,Alabama,Crenshaw,1041,13101,10066,11.7,78.5,52.2,11.5,23.0,16.8,13.4,40.8,6.5,40.3,24.8,25.0,18.5,30.9
LA,Louisiana,Madison,22065,9246,6887,13.3,82.0,43.5,21.5,42.6,30.9,19.6,49.6,8.6,50.1,36.4,27.2,26.2,42.5
MI,Michigan,Charlevoix,26029,26159,21621,5.9,77.5,67.3,6.7,11.4,9.6,8.6,29.8,5.3,35.0,15.3,27.1,13.7,20.1
OH,Ohio,Athens,39009,62706,53669,8.3,77.1,62.3,8.8,15.6,12.6,12.6,36.6,6.6,37.9,20.5,30.0,18.0,26.5
MN,Minnesota,Beltrami,27007,46718,35293,8.5,71.6,63.1,10.0,16.6,12.5,10.2,30.0,5.9,39.8,18.9,27.5,18.8,25.9
NE,Nebraska,Johnson,31097,5198,4248,12.6,70.9,62.0,7.7,14.5,11.5,10.1,31.0,5.7,38.1,17.2,16.1,15.7,29.1
GA,Georgia,Cobb,13067,776743,603821,10.9,77.0,67.3,7.4,12.6,11.9,10.1,30.7,4.7,29.6,15.5,18.3,10.3,21.3
IA,Iowa,Ringgold,19159,4642,3577,6.9,75.4,65.5,6.6,11.6,9.4,9.1,30.4,5.3,43.0,16.3,22.3,15.5,23.6
NY,New York,Wyoming,36121,39532,32281,7.4,77.9,61.2,8.4,15.1,13.4,9.0,31.4,5.6,35.4,17.4,21.7,15.2,24.6
MS,Mississippi,Wayne,28153,19703,14753,13.7,79.6,8.2,14.9,28.5,21.3,15.0,43.1,7.1,44.4,27.3,20.6,20.6,36.6
AL,Alabama,Marion,1093,29244,23108,11.7,76.5,54.2,10.3,20.3,14.1,12.3,39.3,6.9,42.5,24.1,27.3,19.2,30.1
MT,Montana,Daniels,30019,1633,1289,9.6,68.4,62.0,7.7,11.8,9.9,8.2,28.4,5.3,34.0,16.8,24.7,14.2,20.3
KS,Kansas,Rice,20159,9260,7052,10.5,75.0,62.6,7.4,13.0,11.9,10.0,31.8,5.6,40.6,17.7,21.2,15.4,27.4
AK,Alaska,Southeast Fairbanks,2240,7077,5262,11.7,64.2,52.7,9.8,15.4,12.8,9.0,32.8,6.2,35.0,20.3,19.7,18.0,25.1
IL,Illinois,Champaign,17019,205644,166549,7.7,75.9,60.4,8.2,15.2,12.7,10.6,31.4,5.3,34.0,17.5,22.3,12.9,21.3
MN,Minnesota,Jackson,27063,9919,7831,8.3,71.9,68.8,7.3,11.5,9.9,8.9,28.3,5.2,36.1,15.4,24.5,14.8,23.1
MO,Missouri,Randolph,29175,24109,18724,10.1,75.4,54.8,9.8,16.1,13.8,11.0,34.1,6.3,37.6,22.2,26.2,19.7,30.7
IN,Indiana,Scott,18143,24657,19068,9.9,76.9,53.6,8.8,16.9,12.7,11.8,36.2,6.4,41.8,22.8,28.2,20.0,28.6
NE,Nebraska,Thomas,31171,677,525,8.4,73.1,66.5,6.0,10.4,8.7,8.3,28.3,4.8,37.2,13.8,18.2,12.9,23.5
MN,Minnesota,Watonwan,27165,11077,8140,14.0,72.1,59.7,9.3,16.9,13.7,10.4,28.7,5.5,37.4,19.5,23.6,15.5,27.9
IA,Iowa,Warren,19181,55205,41762,6.0,75.2,67.1,5.6,9.1,7.9,8.4,29.0,4.7,38.7,13.8,21.1,12.8,21.0
WI,Wisconsin,Marathon,55073,138612,107632,8.1,74.2,68.6,6.7,11.9,9.8,8.8,29.4,5.4,36.0,16.7,25.1,14.5,26.4
GA,Georgia,Cherokee,13057,286602,222757,11.2,75.3,64.7,6.5,11.2,10.5,9.5,30.8,4.9,33.1,15.8,20.7,11.7,23.0
LA,Louisiana,Acadia,22001,56489,41929,10.8,78.7,53.9,13.3,27.1,19.0,14.3,40.8,7.3,41.7,27.9,31.4,22.2,35.0
VA,Virginia,Galax,51640,6717,4907,13.8,76.4,55.6,11.6,21.8,16.5,13.9,36.6,7.0,39.4,25.5,27.4,19.5,31.8
NC,North Carolina,Greene,37079,20530,16688,17.2,77.5,51.2,13.7,26.7,20.6,14.3,40.3,7.1,42.7,26.4,23.7,19.7,31.6
AR,Arkansas,Little River,5081,11805,9237,11.4,77.2,52.5,11.3,22.1,17.1,12.4,39.7,6.7,41.3,24.7,26.0,18.4,34.6
MO,Missouri,Polk,29167,32780,25174,10.2,76.3,51.4,9.8,16.5,13.8,11.2,34.2,6.5,39.5,22.8,27.1,20.0,32.1
WV,West Virginia,Lincoln,54043,19701,15393,11.1,78.2,46.7,11.7,21.9,16.6,14.4,40.3,7.8,45.2,28.8,34.4,25.1,34.0
CA,California,Santa Barbara,6083,441257,343138,12.1,69.6,65.3,9.9,18.6,15.9,10.3,29.4,5.3,27.6,22.4,21.8,11.6,24.2
OK,Oklahoma,Grady,40051,57375,44065,10.5,76.1,58.8,8.4,15.9,12.5,10.3,35.6,6.0,38.3,18.6,24.7,16.4,28.4
ND,North Dakota,Oliver,38065,1879,1434,7.0,72.4,62.6,5.9,9.5,8.6,8.3,28.6,5.2,34.6,14.6,20.9,13.7,21.7
MT,Montana,Richland,30083,11173,8358,9.6,67.7,63.4,7.0,10.5,9.2,7.7,27.6,5.1,37.6,16.2,23.8,13.8,22.3
NH,New Hampshire,Rockingham,33015,320689,262293,6.3,75.7,70.0,5.3,8.8,7.8,7.1,28.9,4.3,30.7,11.7,23.0,9.9,17.4
GA,Georgia,Fulton,13121,1079105,856802,10.2,77.8,65.4,8.3,14.7,13.4,10.7,33.4,4.7,28.1,16.3,16.8,9.9,20.1
NM,New Mexico,Mora,35033,4123,3454,21.3,66.6,56.8,11.8,23.9,20.4,12.7,29.8,5.7,33.7,24.1,19.8,11.2,27.6
MO,Missouri,Boone,29019,189463,151585,7.6,77.2,64.5,8.0,12.4,11.4,10.1,32.0,5.4,31.6,17.6,23.7,13.5,24.9
AL,Alabama,St. Clair,1115,95552,74442,9.5,77.8,61.0,8.6,16.1,12.4,10.9,37.2,5.8,39.2,20.1,25.9,15.2,26.3
CT,Connecticut,Southeastern Connecticut,9180,279634,226482,10.1,78.5,68.8,8.9,15.3,13.1,8.8,30.8,5.0,33.1,16.8,23.5,11.7,25.9
MN,Minnesota,Meeker,27093,23490,17928,8.3,72.3,66.5,7.6,12.1,10.1,9.4,28.0,5.4,37.1,15.9,25.4,16.1,24.3
NC,North Carolina,Perquimans,37143,13377,10937,10.8,78.2,63.6,9.3,16.9,13.8,10.7,34.9,5.9,37.5,19.4,26.2,15.9,24.6
AK,Alaska,Hoonah-Angoon,2105,2262,1889,11.3,66.2,52.5,12.4,19.7,16.0,10.4,33.2,6.5,36.4,21.8,20.5,19.7,24.3
NY,New York,Saratoga,36091,238711,193626,4.9,78.1,70.7,5.9,9.6,9.7,7.6,27.3,4.6,32.8,12.6,21.2,10.7,18.5
NJ,New Jersey,Burlington,34005,469167,373419,8.7,77.6,68.3,7.2,12.0,11.4,8.7,29.7,4.4,30.0,14.8,16.3,11.0,22.5
VA,Virginia,Fluvanna,51065,28462,22968,7.7,78.0,65.9,7.1,11.8,10.6,9.9,31.5,5.1,38.8,16.2,24.8,12.6,21.4
MA,Massachusetts,Worcester,25027,866866,690404,5.7,79.7,69.3,8.1,13.7,12.0,9.0,29.9,5.0,32.5,16.6,26.2,12.5,23.1
NY,New York,Fulton,36035,52234,41853,7.2,77.7,55.4,8.9,16.7,14.0,9.5,32.3,5.9,35.5,18.6,23.0,16.2,26.7
AL,Alabama,Franklin,1059,31802,23799,16.5,76.3,50.2,12.1,25.0,17.3,13.9,39.9,7.2,42.2,27.3,25.9,19.5,32.7
VA,Virginia,Bath,51017,4051,3378,11.4,75.6,57.3,10.4,18.9,14.2,12.6,36.2,7.2,38.7,24.1,27.8,20.3,29.5
ND,North Dakota,Foster,38031,3309,2554,7.0,72.4,64.2,6.3,10.3,9.0,8.7,30.0,5.3,35.9,15.5,21.6,13.9,22.1
OK,Oklahoma,McIntosh,40091,19603,15584,12.1,76.7,49.6,13.2,25.0,18.3,13.2,40.5,7.6,44.9,25.7,28.3,22.9,37.0
CA,California,Orange,6059,3135755,2489875,9.2,71.7,63.8,8.0,15.5,13.1,10.1,26.4,4.8,23.9,19.9,19.4,9.3,23.4
MO,Missouri,Barry,29009,35265,27271,12.8,74.7,53.5,10.7,18.8,15.4,11.6,34.0,6.7,37.7,24.4,26.0,20.7,34.4
VA,Virginia,Virginia Beach,51810,453649,355216,8.3,79.1,72.6,7.3,12.5,11.2,11.2,33.1,5.0,36.6,16.8,23.6,12.0,21.7
MS,Mississippi,Clay,28025,18206,14127,13.5,81.7,7.0,16.2,30.9,23.6,16.0,45.8,6.9,47.9,27.7,18.9,19.7,37.3
GA,Georgia,Laurens,13175,49941,37550,14.8,78.0,51.2,12.8,24.5,19.6,13.9,40.8,6.5,44.1,24.9,21.2,18.6,32.8
KS,Kansas,Gray,20069,5743,4076,13.3,72.6,61.2,7.9,15.0,12.9,9.8,30.5,5.8,39.9,19.6,21.7,16.1,28.4
NC,North Carolina,Lincoln,37109,95675,76148,10.1,76.8,62.6,7.3,12.6,10.8,9.1,31.9,5.4,34.4,16.6,26.3,14.0,21.5
GA,Georgia,Morgan,13211,21460,16735,11.2,76.2,64.2,7.5,13.3,11.9,10.1,33.7,5.0,31.6,16.9,20.8,13.3,23.2
AR,Arkansas,Perry,5105,10184,8014,11.0,75.6,53.4,9.4,17.6,13.7,10.8,36.7,6.6,38.6,23.2,26.7,18.0,32.0
MS,Mississippi,Sharkey,28125,3336,2528,16.5,82.0,4.9,21.6,41.5,30.6,19.6,51.2,8.1,50.5,34.3,18.8,23.5,44.3
MI,Michigan,Ottawa,26139,303372,234628,6.7,79.7,71.8,6.8,11.8,10.0,8.5,29.3,5.1,33.2,14.8,27.0,12.1,19.9
IN,Indiana,Ohio,18115,6004,4809,8.0,77.6,63.1,7.1,12.9,10.4,10.5,33.4,5.8,39.2,18.9,27.1,16.9,23.9
NE,Nebraska,Brown,31017,2853,2242,10.7,72.2,63.7,7.6,14.2,10.9,9.9,31.4,5.7,41.0,16.8,18.6,15.7,26.8
UT,Utah,Rich,49033,2670,1947,9.1,71.2,66.3,7.2,12.3,10.2,9.4,28.8,5.6,33.0,16.7,27.5,10.5,18.2
SC,South Carolina,Beaufort,45013,198979,165010,11.5,78.5,66.7,7.3,14.1,11.7,9.3,30.2,4.8,30.7,13.7,19.5,10.5,18.2
NE,Nebraska,McPherson,31117,383,316,7.6,74.0,58.7,6.6,11.5,9.1,9.2,30.0,5.5,39.3,14.9,19.1,14.4,25.3
ND,North Dakota,Ramsey,38071,11463,8724,8.1,73.5,64.6,8.1,13.5,11.3,9.8,30.9,5.9,41.4,18.0,21.9,16.3,24.4
IN,Indiana,White,18181,24917,19028,10.1,77.6,59.1,7.8,14.8,11.9,11.4,33.7,5.9,44.7,20.4,26.8,16.9,26.1
OH,Ohio,Noble,39121,14311,11564,9.8,75.9,54.9,8.5,15.6,12.5,11.8,35.3,7.0,41.6,21.1,27.3,19.7,30.0
WI,Wisconsin,Jefferson,55055,85743,69165,8.5,74.0,68.5,6.5,11.2,9.9,8.9,27.2,5.3,40.9,15.9,23.7,13.8,26.7
NM,New Mexico,Lincoln,35027,20029,16497,13.7,67.1,61.5,9.8,17.9,15.4,9.9,30.1,5.7,30.6,20.8,24.7,13.3,22.9
AR,Arkansas,Sharp,5135,17968,14333,11.9,76.6,48.0,10.7,20.3,15.2,11.7,37.6,7.2,39.5,26.3,28.4,20.3,34.7
MS,Mississippi,Monroe,28095,33609,26102,12.3,79.6,8.5,12.3,23.7,17.8,13.5,42.1,6.5,42.9,25.1,20.9,19.3,36.4
OH,Ohio,Logan,39091,46057,35588,8.3,76.8,58.9,7.8,13.8,11.5,11.1,33.3,6.1,38.9,18.8,26.7,17.7,27.6
ID,Idaho,Power,16077,8253,5792,17.5,71.1,58.1,10.3,19.2,15.3,10.6,30.4,6.1,38.0,21.8,21.8,14.3,27.4
MN,Minnesota,Pine,27115,30197,24419,9.4,72.3,63.3,8.9,14.9,11.8,10.1,31.8,5.9,39.1,18.9,26.4,18.2,25.8
WV,West Virginia,Braxton,54007,12162,9951,11.0,77.8,48.1,11.7,21.6,16.1,14.4,40.8,7.7,41.3,28.1,32.4,24.9,35.6
GA,Georgia,Fannin,13111,25955,21938,12.7,74.8,55.1,8.7,15.6,12.4,11.1,33.4,6.2,38.2,20.3,23.4,17.1,26.8
NC,North Carolina,Cherokee,37039,29959,25195,10.2,77.2,58.7,8.5,14.9,11.7,10.1,33.3,6.2,34.8,19.0,28.5,16.6,23.9
UT,Utah,Daggett,49009,992,782,10.8,70.1,65.9,7.6,13.5,10.9,9.4,30.0,5.7,32.8,17.8,26.7,11.4,20.5
VA,Virginia,Prince William,51153,489640,361424,10.7,78.9,68.9,7.3,13.2,11.8,10.8,31.9,4.7,33.7,16.4,20.1,10.9,23.0
MT,Montana,Musselshell,30065,5308,4266,11.3,68.0,58.3,8.7,14.4,11.3,9.0,29.8,5.7,35.3,19.2,25.5,15.9,24.3
DC,District of Columbia,District of Columbia,11001,678972,552380,6.2,77.0,69.3,7.8,13.8,12.0,8.5,30.3,4.1,25.1,13.5,21.0,9.5,15.3
MS,Mississippi,Covington,28031,18059,13606,12.1,80.0,8.5,12.5,23.5,18.3,13.3,42.1,6.4,40.4,23.7,19.9,18.2,33.8
IL,Illinois,Ford,17053,13250,10197,8.9,75.3,61.3,8.2,15.4,12.6,10.0,31.9,5.7,37.8,19.0,24.1,16.1,24.1
MN,Minnesota,Dakota,27037,447440,341048,7.4,73.8,71.6,6.4,10.0,8.7,8.4,26.8,4.4,34.2,13.7,23.5,11.3,21.8
CA,California,Modoc,6049,8500,6906,9.3,70.0,61.8,10.6,18.7,15.5,10.3,30.9,6.1,32.3,23.3,26.5,15.6,24.6
IL,Illinois,LaSalle,17099,108309,85477,9.8,75.4,60.3,8.1,15.7,13.1,10.0,31.2,5.6,37.9,18.6,23.4,15.3,23.6
VA,Virginia,Montgomery,51121,98666,83813,8.0,76.6,64.4,7.6,12.6,10.4,11.0,33.1,5.9,31.4,17.7,24.9,14.2,23.1
NE,Nebraska,Dodge,31053,37187,27891,12.8,72.9,60.9,7.7,14.6,11.2,10.0,29.7,5.5,40.3,17.2,17.3,15.6,27.2
GA,Georgia,Madison,13195,32191,24680,15.5,75.5,53.3,10.5,19.8,15.5,12.4,35.6,6.5,37.8,23.2,23.1,18.2,30.5
LA,Louisiana,Grant,22043,21911,17355,10.9,78.4,52.5,11.2,22.3,16.7,12.7,40.1,6.8,39.6,24.9,27.2,20.1,30.7
IA,Iowa,Henry,19087,19547,15436,8.2,74.5,62.2,7.5,12.9,10.6,10.2,32.1,5.7,39.1,18.1,21.2,16.7,24.8
NY,New York,Montgomery,36057,49368,37918,8.8,76.8,56.5,9.5,18.5,15.7,9.5,30.5,5.8,38.9,19.0,22.2,15.5,26.4
NY,New York,Ontario,36069,112494,91175,5.8,78.5,65.6,6.9,11.7,11.2,8.1,28.2,5.0,30.8,14.3,21.6,11.9,20.4
OH,Ohio,Trumbull,39155,200373,159197,9.1,77.4,55.7,9.2,17.3,13.7,12.1,33.8,6.5,39.8,20.3,27.2,19.1,29.3
AZ,Arizona,Navajo,4017,109175,82055,13.6,68.1,49.6,15.3,26.2,19.3,12.3,35.3,6.8,37.9,24.7,23.3,19.5,25.2
CA,California,Tehama,6103,64896,49286,11.3,68.9,57.0,11.0,20.1,16.9,10.6,30.5,6.1,31.8,24.4,25.2,15.5,26.0
NM,New Mexico,Union,35059,3964,3169,17.7,65.0,52.2,11.8,22.7,18.2,11.8,32.2,6.4,34.7,24.4,23.2,15.9,26.5
VA,Virginia,Fairfax,51600,25144,18626,8.5,77.8,68.8,6.1,10.6,8.9,10.2,29.5,4.6,31.6,14.6,19.7,9.2,20.4
NC,North Carolina,Swain,37173,13916,10906,11.9,77.7,55.4,12.4,21.9,16.3,12.5,36.5,6.8,40.8,23.7,27.9,20.4,26.5
AR,Arkansas,Clark,5019,21274,16965,11.0,79.0,50.6,11.5,21.6,17.3,12.9,41.6,6.8,43.2,24.9,26.0,17.4,33.1
GA,Georgia,Spalding,13255,69946,53654,15.4,77.0,51.9,12.0,23.4,19.3,13.6,38.8,6.2,39.9,23.6,20.7,17.4,30.1
LA,Louisiana,Ouachita,22073,157568,119007,8.8,80.8,54.9,12.7,25.2,19.3,13.9,42.1,6.6,44.1,24.0,26.2,18.2,32.3
KS,Kansas,Kingman,20095,7066,5406,9.4,74.0,61.3,7.2,12.7,11.2,9.6,31.6,5.7,39.3,17.7,22.5,16.4,26.3
MN,Minnesota,Roseau,27135,15252,11622,8.3,71.5,67.2,7.8,12.8,10.3,9.2,26.9,5.4,35.7,16.2,24.6,15.9,23.4
ID,Idaho,Fremont,16043,14196,10850,11.6,71.2,65.1,7.8,13.7,11.4,9.0,27.5,5.5,32.7,17.5,22.8,13.2,22.7
NE,Nebraska,Dakota,31043,21268,15010,17.9,73.8,55.3,9.5,19.9,15.5,11.9,30.0,5.7,44.6,20.0,16.0,14.9,32.7
ND,North Dakota,Sioux,38085,3643,2396,13.9,73.5,36.8,24.0,42.6,29.2,20.1,41.8,10.1,49.7,37.0,23.7,33.6,39.7
NC,North Carolina,Pamlico,37137,12423,10683,10.7,77.8,60.7,8.8,15.6,13.0,10.4,35.0,5.8,36.3,18.9,25.4,15.1,23.5
IA,Iowa,Cedar,19031,18302,14479,6.9,75.1,68.4,6.6,11.2,9.4,9.2,30.2,5.2,40.5,16.0,22.1,15.4,23.6
AK,Alaska,Lake and Peninsula,2164,1331,964,12.6,66.5,49.4,15.8,26.1,19.8,12.6,35.0,7.2,38.6,26.0,20.5,24.2,28.7
WI,Wisconsin,Ozaukee,55089,93460,74094,5.9,76.8,71.9,5.0,8.0,7.2,7.8,24.6,4.5,30.4,13.0,23.3,10.7,20.5
MO,Missouri,Saline,29195,23049,18077,11.2,76.0,57.4,9.6,16.2,14.2,11.2,33.0,6.0,39.2,21.7,25.3,17.6,31.5
SC,South Carolina,Dorchester,45035,169833,129270,11.5,79.3,65.2,8.4,16.0,13.5,11.4,32.8,5.2,35.0,17.8,22.1,13.1,24.0
KS,Kansas,Rawlins,20153,2463,1900,10.1,73.8,61.1,8.1,14.4,12.7,10.4,31.7,6.1,42.4,19.0,22.9,17.7,27.7
ME,Maine,Hancock,23009,56526,47589,8.1,78.9,65.7,7.8,10.6,10.6,8.1,27.9,5.4,29.4,15.6,27.7,13.9,18.7
MI,Michigan,Manistee,26101,25562,21306,7.7,77.3,65.5,8.5,15.5,12.5,9.9,32.1,6.0,37.0,18.9,28.3,16.6,26.0
OH,Ohio,Greene,39057,169691,135071,6.7,78.0,66.4,6.5,10.8,9.8,9.8,32.2,5.3,38.5,15.1,24.9,12.9,21.9
IA,Iowa,Dubuque,19061,98887,76789,6.7,75.9,63.6,6.6,11.6,9.4,8.8,27.4,5.1,34.9,15.5,20.3,14.3,21.8
ND,North Dakota,McIntosh,38051,2488,1958,9.4,72.1,60.7,7.9,14.1,11.3,9.8,31.2,5.9,36.7,19.1,21.8,17.1,25.4
KS,Kansas,Coffey,20031,8251,6507,9.2,74.6,55.9,7.2,12.7,11.3,9.7,31.5,5.7,36.9,17.3,22.4,16.8,25.4
GA,Georgia,Lowndes,13185,120712,91064,14.4,78.1,55.5,11.6,22.0,18.4,13.4,37.3,6.1,40.2,22.7,20.3,16.2,29.9
IL,Illinois,Bureau,17011,32729,26017,9.8,75.5,58.2,8.3,15.6,12.8,10.1,31.0,5.7,38.4,18.9,24.1,15.4,23.8
KS,Kansas,Smith,20183,3590,2863,8.5,74.4,63.4,6.8,11.5,10.5,9.2,30.6,5.5,39.6,16.3,21.7,15.9,26.4
IN,Indiana,Randolph,18135,24216,18722,9.7,76.7,56.9,8.5,16.1,12.6,11.5,34.9,6.4,38.7,21.9,27.2,19.4,27.2
AR,Arkansas,Johnson,5071,26129,19835,14.4,75.5,45.2,11.1,22.1,16.5,12.4,38.2,7.2,37.5,26.6,26.2,18.7,35.7
NY,New York,Dutchess,36027,297150,243026,6.9,77.8,67.7,7.4,13.0,12.6,8.3,29.2,4.8,28.5,14.3,19.6,11.3,20.7
OH,Ohio,Clinton,39027,41938,32506,8.6,77.1,56.9,8.3,14.9,12.2,11.2,33.5,6.3,39.9,19.7,27.4,18.3,29.0
LA,Louisiana,Terrebonne,22109,103616,77948,9.7,80.0,58.2,11.3,22.5,16.5,13.2,37.8,6.6,41.0,24.4,28.0,18.8,32.2
GA,Georgia,Ben Hill,13017,17128,12939,17.9,77.4,45.8,15.2,29.9,23.1,16.0,41.8,7.2,41.5,28.6,21.7,21.7,36.4
IL,Illinois,Union,17181,16667,13274,9.9,75.2,60.0,9.3,17.9,14.1,10.9,33.0,6.2,39.8,21.2,24.4,17.6,26.0
NC,North Carolina,Gates,37073,10343,8363,10.9,77.8,59.2,10.4,19.1,15.6,11.7,36.5,6.1,38.5,20.9,26.1,17.1,26.7
WI,Wisconsin,Forest,55041,9325,7503,10.1,75.3,60.8,9.8,17.4,13.8,12.0,33.9,6.6,45.8,22.3,27.6,20.6,32.4
MN,Minnesota,Ramsey,27123,536075,413891,7.8,73.7,63.5,8.7,14.9,11.4,9.8,28.6,5.1,32.3,17.8,25.9,12.8,20.0
VA,Virginia,Brunswick,51025,15749,13267,12.7,78.5,55.2,13.3,25.3,20.6,15.1,40.6,6.6,43.7,25.8,21.6,18.6,32.3
VA,Virginia,Halifax,51083,33432,26643,11.9,76.8,58.8,12.4,23.3,18.1,14.3,38.7,6.7,40.6,24.9,24.4,19.5,30.9
MD,Maryland,Washington,24043,155813,122221,9.9,77.5,59.3,8.9,16.7,14.9,11.4,34.8,5.9,39.0,19.4,23.7,15.3,28.4
AL,Alabama,Tallapoosa,1123,40677,32607,10.7,79.0,55.4,10.8,21.0,15.9,12.7,40.8,6.3,39.6,23.4,25.2,16.9,27.8
IL,Illinois,Iroquois,17075,26136,20557,10.3,74.7,60.6,8.9,17.2,14.0,10.6,32.8,5.9,40.8,20.3,24.5,17.0,25.0
NC,North Carolina,Ashe,37009,27063,22627,11.2,76.6,61.2,8.3,14.6,11.5,9.9,33.5,6.1,36.3,19.3,27.6,16.2,23.8
IA,Iowa,Taylor,19173,5924,4508,9.0,74.7,63.8,7.5,13.5,11.0,10.0,32.3,5.7,40.0,18.5,22.1,17.0,26.4
IL,Illinois,Wayne,17191,15761,12269,9.0,75.1,61.2,8.7,16.3,13.1,10.5,32.8,6.1,40.0,20.3,25.0,17.6,25.3
OK,Oklahoma,Ottawa,40115,30287,22537,12.2,76.2,49.5,12.8,23.9,17.7,13.2,37.4,7.5,42.3,24.5,27.9,22.3,35.4
IN,Indiana,Jackson,18071,46460,34546,10.6,76.9,54.9,7.9,15.6,12.1,11.6,33.8,6.0,39.4,20.7,26.2,17.4,25.9
CA,California,San Benito,6069,68175,51135,14.3,68.5,62.6,9.8,19.2,16.9,10.5,28.5,5.0,31.3,22.6,20.3,10.8,25.0
MS,Mississippi,Madison,28089,112511,85633,8.4,81.1,12.9,8.6,14.6,12.8,10.8,37.1,4.9,36.0,16.9,18.2,11.9,25.6
KS,Kansas,Neosho,20133,15420,11698,9.9,74.3,58.9,8.2,14.9,12.8,10.6,32.8,6.1,39.9,19.1,22.0,17.4,27.1
IA,Iowa,Pocahontas,19151,6976,5362,8.5,75.1,67.9,7.7,13.6,11.0,9.8,30.6,5.6,36.7,18.1,21.4,16.7,25.9
NY,New York,Warren,36113,65380,54087,5.7,78.3,61.4,7.1,11.9,11.0,8.3,28.7,5.0,30.9,15.5,22.6,12.6,21.5
NJ,New Jersey,Warren,34041,111252,89862,9.8,74.8,67.9,6.9,12.3,11.4,8.0,29.1,4.7,32.3,15.3,18.7,11.7,23.6
WV,West Virginia,Roane,54087,13743,11044,11.1,76.8,44.8,11.6,21.8,16.1,14.5,40.7,7.8,41.3,29.1,33.9,24.6,36.9
GA,Georgia,Grady,13131,26066,19695,17.8,76.8,51.1,12.7,24.4,20.1,14.0,38.4,6.6,38.5,25.0,21.3,18.2,34.3
LA,Louisiana,Avoyelles,22009,38408,29196,11.7,79.1,48.5,15.5,30.9,22.5,15.2,44.1,7.8,43.2,30.1,28.9,23.7,36.6
AR,Arkansas,Desha,5041,10479,7909,16.8,78.8,39.9,18.2,36.6,27.4,17.1,46.7,8.1,46.6,34.8,24.5,23.0,44.3
MT,Montana,Judith Basin,30045,2093,1704,10.2,68.7,61.7,8.5,13.6,10.8,9.0,30.3,5.9,31.7,18.6,25.9,15.7,22.3
IN,Indiana,Steuben,18151,34917,28111,8.4,77.3,66.5,7.1,13.0,10.6,10.6,33.3,5.8,35.4,19.2,27.0,16.4,23.3
MN,Minnesota,Wabasha,27157,21683,16964,7.6,72.3,69.1,6.8,10.7,9.1,8.5,26.3,5.0,37.5,15.0,24.4,14.4,21.7
GA,Georgia,Bartow,13015,115041,88588,13.7,76.0,58.1,8.5,15.2,13.3,10.8,34.3,5.5,38.4,19.7,21.5,15.1,25.6
MO,Missouri,Henry,29083,22485,17438,10.4,75.5,57.2,9.8,16.4,14.0,11.0,34.2,6.5,38.6,22.7,26.9,20.3,31.5
OK,Oklahoma,Beckham,40009,22042,16887,14.9,75.3,53.1,11.2,22.7,16.8,12.4,39.1,7.2,40.1,24.0,24.5,20.2,34.6
AK,Alaska,Petersburg,2195,3427,2729,10.3,64.9,59.5,8.1,12.9,11.3,8.5,30.2,5.4,30.8,17.1,19.2,15.3,20.4
MN,Minnesota,Koochiching,27071,11751,9706,8.0,71.6,62.3,7.9,12.6,10.3,9.3,29.7,5.6,37.1,16.6,25.9,16.8,25.1
AR,Arkansas,Drew,5043,16945,13230,12.6,78.4,51.3,12.5,24.6,19.2,13.5,41.8,7.1,45.0,26.7,25.0,18.6,35.1
IL,Illinois,Massac,17127,13661,10895,9.0,75.2,59.7,9.1,17.2,13.9,10.8,32.7,5.9,40.8,20.3,24.6,17.2,24.7
ND,North Dakota,Dickey,38021,4900,3734,7.9,72.0,61.6,6.7,11.4,9.6,9.2,30.5,5.6,39.6,16.4,21.4,14.8,23.1
GA,Georgia,Catoosa,13047,68910,54038,11.6,75.2,63.1,7.6,13.0,11.3,10.3,31.7,5.5,33.9,17.9,22.2,14.9,24.0
MN,Minnesota,Isanti,27059,43182,33233,8.3,71.1,65.2,7.6,12.2,10.0,8.8,28.0,5.3,32.4,16.1,25.4,16.1,23.6
KS,Kansas,Wabaunsee,20197,7057,5423,8.5,73.9,65.0,6.4,11.1,10.2,8.9,29.8,5.3,35.3,16.0,21.5,14.8,24.0
UT,Utah,Summit,49043,42759,33254,7.8,73.0,74.5,4.9,7.9,7.2,7.2,24.2,4.3,19.3,11.7,23.4,6.5,13.7
MS,Mississippi,Jasper,28061,16013,12328,13.0,80.9,7.8,14.5,28.2,21.7,15.2,44.3,6.7,45.2,26.1,19.3,19.4,38.1
AR,Arkansas,Boone,5009,38530,29802,10.0,76.2,53.6,8.6,16.0,12.9,10.4,34.6,6.3,40.8,21.4,26.9,17.0,28.9
OH,Ohio,Morrow,39117,35595,27894,8.5,77.2,56.8,7.6,13.4,11.2,11.0,32.6,6.1,39.4,18.9,26.7,17.8,28.1
CA,California,Yolo,6113,220544,177405,9.3,71.3,60.7,9.2,16.8,14.1,10.1,28.1,5.2,27.9,20.7,23.3,11.1,23.6
MS,Mississippi,Amite,28005,12442,9961,13.5,79.5,6.6,14.7,28.1,21.2,15.1,43.2,7.2,45.4,27.2,20.9,21.5,38.4
NC,North Carolina,Jones,37103,9401,7647,12.8,78.2,55.7,11.8,22.3,17.1,12.7,38.2,6.7,39.6,23.5,26.5,18.6,28.6
GA,Georgia,Crisp,13081,19631,15039,16.6,77.9,51.0,15.2,29.5,23.3,16.0,42.2,7.2,44.9,28.0,21.4,20.4,35.3
MD,Maryland,Cecil,24015,105672,82332,8.4,75.2,63.6,7.6,13.9,12.4,11.0,34.9,5.4,40.8,18.5,24.0,15.4,26.7
UT,Utah,Washington,49053,202452,153718,10.3,69.1,70.4,6.9,12.2,9.7,8.8,29.2,5.1,34.1,16.5,26.8,8.7,15.9
AL,Alabama,Baldwin,1003,253507,200397,8.8,77.5,62.4,7.5,14.2,11.0,10.4,37.0,5.5,35.0,17.7,23.9,13.3,23.7
MT,Montana,Beaverhead,30001,9885,8156,10.1,69.3,62.3,8.0,12.6,10.3,8.4,28.9,5.5,29.3,17.3,25.6,14.2,19.9
NE,Nebraska,Harlan,31083,3045,2375,9.0,72.7,64.9,6.7,11.8,9.5,9.0,29.8,5.4,35.5,15.2,18.6,14.7,26.4
MI,Michigan,Benzie,26019,18441,15317,6.2,77.4,70.1,7.0,11.9,10.0,8.9,30.3,5.4,35.4,16.1,28.4,14.1,21.1
IA,Iowa,Lucas,19117,8747,6665,8.6,74.9,61.9,8.2,14.9,11.5,10.6,32.5,6.2,39.8,19.9,22.6,18.9,26.9
OK,Oklahoma,Dewey,40043,4286,3145,10.7,76.0,54.4,9.3,17.7,13.5,11.0,36.3,6.4,38.4,20.1,26.1,18.1,30.8
MO,Missouri,Gasconade,29073,14705,11709,9.1,75.7,59.7,8.3,13.4,12.0,10.0,32.8,5.9,39.2,20.3,26.7,18.2,28.0
GA,Georgia,Rabun,13241,17442,14652,13.3,75.4,60.6,8.4,14.8,12.4,10.9,33.8,5.9,34.3,19.4,22.6,15.2,26.2
GA,Georgia,Towns,13281,13035,11309,11.0,75.8,62.6,7.6,12.9,11.0,10.3,32.8,5.6,33.0,17.8,23.4,14.5,23.9
CT,Connecticut,Naugatuck Valley,9140,456128,364230,11.3,77.9,68.3,9.2,16.6,14.4,8.8,28.1,4.9,30.7,16.3,21.8,11.9,25.4
AK,Alaska,Denali,2068,1584,1291,9.5,65.9,61.8,7.5,11.9,10.5,7.7,29.9,5.4,29.9,15.9,19.7,15.2,20.4
OK,Oklahoma,Wagoner,40145,89280,68338,9.7,76.3,58.8,8.4,15.4,12.7,10.3,35.1,5.8,35.8,17.9,25.2,15.5,27.5
NE,Nebraska,Hamilton,31081,9537,7226,7.9,74.1,67.0,5.9,10.2,8.4,8.3,28.7,5.1,40.8,13.6,18.0,12.9,23.0
CA,California,Madera,6039,162858,118944,18.1,69.0,54.5,14.2,28.5,22.8,12.8,31.8,6.4,36.7,30.2,21.9,14.9,31.6
VA,Virginia,Northumberland,51133,12391,10687,8.8,78.1,64.2,8.0,14.0,12.6,10.8,33.4,5.3,37.2,17.9,23.0,13.2,22.8
NC,North Carolina,Stanly,37167,65699,51434,11.2,76.8,60.1,9.0,16.2,13.0,10.5,33.9,6.0,36.3,19.5,26.7,16.3,24.2
MO,Missouri,Pettis,29159,43530,32613,11.0,76.2,57.2,9.3,15.7,14.1,10.8,32.4,6.0,36.3,22.0,25.4,18.2,30.9
NY,New York,Onondaga,36067,467873,370637,6.1,80.3,64.2,8.1,14.3,13.2,9.3,31.9,5.3,37.4,15.7,22.8,12.4,22.3
MT,Montana,Treasure,30103,772,586,9.6,68.5,63.6,8.0,12.4,10.3,8.3,28.9,5.3,34.1,17.2,25.1,14.4,20.7
MT,Montana,Carbon,30009,11419,9474,9.2,68.7,64.8,7.3,11.1,9.4,8.2,30.6,5.2,32.6,16.7,25.2,13.8,19.9
VA,Virginia,Covington,51580,5545,4241,11.6,76.3,61.3,11.2,20.8,15.8,13.4,36.8,6.8,40.7,24.6,26.9,20.5,31.1
ND,North Dakota,Griggs,38039,2248,1789,6.9,71.7,64.7,6.1,10.2,8.8,8.3,30.1,5.2,37.9,15.1,20.8,13.8,20.7
WI,Wisconsin,Portage,55097,71024,57775,7.6,76.1,66.2,6.4,11.9,9.5,8.7,27.0,5.4,36.5,16.2,25.1,14.0,24.4
WV,West Virginia,Jefferson,54037,59787,47507,8.2,78.7,61.8,7.6,13.0,11.7,11.2,35.9,5.6,37.9,18.9,28.8,15.1,25.3
MD,Maryland,Harford,24025,264644,206050,7.1,77.6,67.4,6.5,11.4,10.9,9.7,31.7,4.7,35.4,15.0,22.4,10.9,19.7
CA,California,Siskiyou,6093,42905,34437,8.2,70.0,60.4,10.0,17.2,14.7,9.9,30.3,5.9,32.0,22.1,26.2,15.2,23.4
GA,Georgia,Gordon,13129,59757,46142,17.2,74.2,51.1,10.0,18.9,15.5,12.2,35.0,6.3,35.0,23.0,23.0,17.3,30.7
AL,Alabama,Butler,1013,18382,14276,11.8,80.1,49.0,14.1,28.6,21.2,15.2,44.8,6.7,40.7,27.0,23.8,19.0,35.1
KS,Kansas,Geary,20061,35047,23726,12.0,76.3,58.0,10.1,18.9,16.3,12.2,35.5,6.3,36.1,21.3,20.7,17.6,31.8
AL,Alabama,Talladega,1121,81132,64467,11.4,79.5,52.3,11.9,23.6,17.7,14.2,43.0,6.6,45.4,24.9,23.7,18.0,31.1
AR,Arkansas,Bradley,5011,10104,7612,16.1,78.0,46.1,13.8,27.8,21.7,14.3,42.9,7.2,42.6,29.6,24.3,19.3,38.6
GA,Georgia,Screven,13251,14174,11178,15.0,77.8,50.7,12.6,24.3,19.8,14.1,39.9,6.4,39.7,24.5,21.0,18.5,31.2
KS,Kansas,Lincoln,20105,2920,2286,9.2,74.4,63.9,7.8,13.7,11.9,10.2,32.8,6.1,40.5,18.7,22.8,17.2,27.1
GA,Georgia,Effingham,13103,71541,52772,11.8,76.1,62.0,7.8,13.5,12.3,10.6,33.2,5.3,37.2,17.5,20.6,13.7,24.2
VA,Virginia,Warren,51187,41843,32854,10.0,75.6,63.8,7.8,13.4,11.6,10.7,32.2,5.8,37.7,18.7,25.1,15.0,24.7
OK,Oklahoma,Tulsa,40143,682868,513124,11.8,75.8,58.6,9.6,18.4,15.0,10.8,33.8,6.0,35.9,19.9,27.5,15.0,30.4
IL,Illinois,St. Clair,17163,251018,194116,8.2,78.3,61.7,9.2,17.3,15.0,11.2,35.1,5.4,38.6,18.8,21.6,14.3,24.0
GA,Georgia,Troup,13285,70742,53548,14.2,77.5,56.8,11.8,22.3,18.3,13.3,37.6,6.1,35.9,23.1,21.1,17.1,31.2
NE,Nebraska,Garfield,31071,1763,1422,7.7,73.0,67.3,6.1,10.4,8.4,8.6,28.7,5.1,39.7,14.0,18.3,13.6,23.7
MS,Mississippi,Lafayette,28071,58467,47706,9.5,79.9,10.7,9.7,16.9,13.7,11.8,37.0,5.8,37.0,19.1,20.0,14.6,28.1
IL,Illinois,Menard,17129,11954,9394,7.2,75.6,62.6,7.0,12.3,10.7,9.0,30.4,5.2,37.4,16.5,24.0,14.2,20.9
GA,Georgia,Wilkinson,13319,8725,6784,14.8,77.4,48.8,12.5,23.9,19.7,14.1,39.6,6.4,41.1,24.3,21.4,18.6,32.1
IA,Iowa,Allamakee,19005,14074,10623,8.8,73.4,64.6,7.6,13.7,11.1,9.8,31.8,5.8,42.5,18.3,21.7,16.8,25.3
KS,Kansas,Greeley,20071,1181,861,10.9,74.5,66.3,6.7,12.0,11.2,9.3,29.6,5.2,36.9,16.4,20.7,13.5,25.0
AK,Alaska,Matanuska-Susitna,2170,115239,86125,9.9,69.9,55.8,8.6,13.1,11.8,8.3,30.4,5.7,37.0,18.1,22.1,17.0,22.5
MI,Michigan,St. Clair,26147,159874,127824,7.2,78.0,68.2,8.1,14.7,11.8,9.5,32.7,5.8,36.2,18.5,28.9,16.6,24.2
CA,California,Kern,6029,913820,654092,16.7,70.9,52.1,13.6,26.8,21.8,13.3,32.2,6.3,36.2,28.2,22.6,14.7,32.1
MD,Maryland,Caroline,24011,33593,25618,11.2,76.4,55.3,10.0,20.0,16.4,11.8,36.5,6.3,41.3,21.1,25.1,17.4,27.3
OK,Oklahoma,Hughes,40063,13436,10505,13.5,75.8,48.6,13.0,25.1,18.4,13.4,39.9,7.5,42.2,25.2,25.8,22.5,35.4
LA,Louisiana,Pointe Coupee,22077,20000,15744,9.7,80.4,52.7,12.4,24.8,18.9,13.3,40.4,6.5,40.0,24.5,27.8,19.2,32.0
IN,Indiana,Pike,18125,12106,9417,8.9,77.1,58.9,7.9,14.9,11.5,11.2,34.3,6.2,37.7,20.6,27.0,18.9,25.7
OH,Ohio,Seneca,39147,54527,42948,8.6,76.3,57.2,7.7,13.6,11.5,11.1,32.0,5.9,36.3,18.7,26.4,17.2,28.3
IA,Iowa,Clarke,19039,9588,7120,12.0,74.0,58.3,9.7,18.8,14.2,11.6,32.8,6.4,43.2,22.3,21.6,19.2,30.3
MN,Minnesota,Fillmore,27045,21522,16319,8.1,71.7,63.9,7.5,11.9,9.9,9.0,29.4,5.3,40.7,16.1,25.6,16.1,23.4
OH,Ohio,Ashland,39005,52190,40545,8.6,77.0,59.3,8.1,14.6,11.7,11.2,34.9,6.3,38.5,19.8,27.4,18.4,29.0
MS,Mississippi,Tallahatchie,28135,11837,9494,16.0,80.1,6.1,17.0,32.6,24.8,17.0,48.0,7.4,45.1,29.9,18.8,21.2,39.8
NC,North Carolina,Columbus,37047,50121,39774,12.9,78.3,51.9,12.1,22.7,17.8,12.8,39.2,6.6,41.2,23.6,25.5,19.0,29.5
NE,Nebraska,Kimball,31105,3289,2640,12.7,72.1,54.8,8.9,17.1,12.6,10.9,31.3,6.1,42.5,19.4,19.2,17.9,30.9
OH,Ohio,Madison,39097,44602,35840,8.7,77.2,59.2,7.5,13.3,11.3,10.8,34.3,5.9,36.8,17.8,25.2,16.3,26.0
NJ,New Jersey,Gloucester,34015,308423,243231,8.8,75.6,67.6,6.8,12.2,11.7,8.9,33.2,4.6,31.5,14.7,19.1,12.1,22.7
CA,California,Sacramento,6067,1584288,1226535,8.8,69.2,61.7,9.5,16.6,14.7,10.3,28.9,5.1,29.5,21.4,22.7,11.8,21.1
MI,Michigan,Tuscola,26157,52826,42309,7.9,76.5,62.6,8.6,15.9,12.4,10.1,32.6,6.2,41.4,19.9,29.1,17.7,25.5
GA,Georgia,Walker,13295,69489,54798,13.2,75.3,52.9,8.8,15.8,13.0,11.1,34.5,6.0,37.8,20.4,22.6,17.0,28.4
WI,Wisconsin,Burnett,55013,17092,14468,8.7,73.5,60.0,7.9,13.9,11.3,10.0,29.4,5.9,38.8,18.2,25.2,17.0,28.2
AZ,Arizona,Greenlee,4011,9369,6858,16.1,70.6,57.4,8.8,16.5,14.0,10.1,28.7,5.0,33.0,19.7,19.3,11.6,23.1
OH,Ohio,Huron,39077,58199,44611,9.5,77.3,64.0,7.9,14.4,12.0,11.1,32.9,6.1,34.9,19.0,26.8,17.6,28.9
NE,Nebraska,Sheridan,31161,4928,3887,10.6,70.9,59.7,8.3,15.2,11.7,10.0,31.5,5.7,36.7,16.9,18.3,16.2,29.1
UT,Utah,Kane,49025,8425,6481,8.8,70.9,67.6,6.8,11.8,9.5,8.9,28.7,5.2,33.4,16.0,26.8,9.7,17.9
NH,New Hampshire,Cheshire,33005,77703,63936,7.4,71.2,64.4,6.6,10.6,9.4,7.5,27.9,4.9,30.2,14.5,25.0,12.4,19.5
VA,Virginia,Spotsylvania,51177,149588,113315,9.8,76.8,66.9,7.5,13.4,11.8,11.1,33.6,5.1,40.0,17.8,23.2,12.7,23.9
IN,Indiana,Decatur,18031,26399,20278,8.3,76.8,62.7,7.0,13.1,10.5,10.4,33.5,5.7,37.5,19.0,27.0,16.8,25.2
NY,New York,Otsego,36077,60126,51237,6.3,76.7,64.4,8.1,13.9,12.5,9.0,29.5,5.5,32.1,16.8,21.5,14.0,23.8
OH,Ohio,Crawford,39033,41529,32618,9.1,76.0,56.4,8.6,15.6,12.4,11.5,33.9,6.6,39.5,19.9,28.5,19.0,30.2
ND,North Dakota,Cass,38017,196362,152955,6.2,75.2,66.0,5.8,9.5,8.3,8.5,29.3,5.2,35.1,14.2,23.4,12.0,18.3
MT,Montana,Pondera,30073,6125,4691,12.3,67.6,58.0,11.6,19.7,14.6,10.5,31.0,6.4,37.5,23.1,26.8,19.9,27.1
NE,Nebraska,Rock,31149,1271,987,8.4,73.2,62.2,6.4,11.4,9.0,8.8,29.1,5.2,39.1,14.9,18.6,14.3,24.9
IA,Iowa,Boone,19015,26590,21104,6.6,75.4,67.9,6.2,10.3,8.8,8.9,31.0,5.1,42.9,15.5,21.3,14.4,23.3
WV,West Virginia,Summers,54089,11581,9749,10.6,78.4,50.7,12.0,22.3,17.4,14.3,39.7,7.3,39.8,28.1,33.2,23.4,35.9
LA,Louisiana,St. Landry,22097,81464,59706,11.2,80.7,49.4,15.8,31.2,23.0,15.7,43.4,7.5,40.5,30.5,27.4,22.4,35.2
MI,Michigan,Keweenaw,26083,2172,1839,5.2,77.7,72.4,6.3,10.5,8.9,8.5,30.1,5.3,34.3,14.9,28.1,12.8,19.5
MN,Minnesota,Sibley,27143,15084,11635,9.6,71.6,64.4,8.0,13.3,11.0,9.2,28.7,5.5,38.8,17.0,24.7,16.0,25.8
NC,North Carolina,Bladen,37017,29484,23400,12.8,79.0,56.4,12.0,22.5,17.8,12.7,38.9,6.5,41.3,23.2,25.8,17.5,29.1
NE,Nebraska,Perkins,31135,2795,2130,9.4,73.1,60.3,6.6,11.8,9.3,9.0,29.8,5.3,40.7,15.1,18.3,14.3,24.6
KS,Kansas,Dickinson,20041,18445,14195,9.1,74.3,64.1,6.9,12.1,11.1,9.3,30.9,5.5,39.4,17.5,22.0,15.3,26.4
KS,Kansas,Ness,20135,2618,2030,11.4,73.7,60.7,7.6,13.9,12.2,9.9,31.1,5.6,36.1,18.2,21.5,16.0,27.5
MA,Massachusetts,Essex,25009,810089,642879,6.5,79.1,70.1,8.1,14.1,12.6,8.7,28.0,5.0,30.0,16.1,23.0,11.5,23.2
KS,Kansas,Barton,20009,24899,18848,12.3,74.8,60.8,8.6,16.5,14.0,10.8,32.5,6.1,39.2,20.2,21.5,16.9,28.7
IN,Indiana,Madison,18095,132504,104288,9.3,78.2,56.3,8.6,16.6,13.0,11.8,36.3,6.1,36.3,21.3,27.7,18.8,27.9
IA,Iowa,Franklin,19069,9875,7448,10.7,74.4,62.3,8.5,16.0,12.6,10.9,31.9,6.1,40.9,20.1,21.7,17.4,28.2
MN,Minnesota,Houston,27055,18582,14697,7.3,71.5,63.7,6.7,10.4,8.9,8.4,26.1,5.0,34.0,15.0,24.5,14.2,23.5
UT,Utah,Wayne,49055,2614,2014,9.6,70.8,64.1,8.0,14.1,11.1,9.9,30.7,5.9,34.2,18.0,27.3,11.1,20.5
IN,Indiana,Tipton,18159,15256,12151,7.8,77.7,63.9,6.9,12.6,10.2,10.4,32.9,5.7,36.5,18.3,26.7,16.2,22.8
KS,Kansas,Montgomery,20125,30568,23384,11.2,73.7,56.1,9.4,17.3,14.2,11.1,34.4,6.3,39.3,20.6,22.9,18.6,27.8
MO,Missouri,Dunklin,29069,27032,20004,13.5,75.7,49.6,12.9,23.3,18.7,13.1,38.7,7.2,46.4,28.0,27.8,23.4,40.6
MN,Minnesota,Le Sueur,27079,29255,22562,8.2,72.2,61.5,6.9,11.0,9.5,8.7,27.8,5.0,35.0,14.9,24.7,14.4,21.1
MO,Missouri,St. Louis,29189,987059,771815,7.3,77.3,62.2,8.0,12.6,12.6,9.6,32.5,4.8,31.5,16.8,23.6,13.6,24.2
MI,Michigan,Eaton,26045,108820,86607,6.6,78.4,71.5,7.3,12.9,11.1,9.3,31.0,5.3,38.8,16.4,27.9,13.6,22.7
LA,Louisiana,Caddo,22017,226386,173794,9.2,82.2,54.1,14.0,28.8,21.9,14.5,42.5,6.7,42.3,26.0,27.6,18.6,31.8
IA,Iowa,Osceola,19143,5978,4643,10.3,73.9,64.1,8.5,16.0,12.4,10.6,31.8,6.0,40.1,20.1,21.7,18.0,27.8
MO,Missouri,Putnam,29171,4638,3551,9.3,76.5,59.9,8.6,13.8,12.3,10.2,33.1,6.0,35.1,20.2,26.2,17.8,29.1
LA,Louisiana,Webster,22119,35238,27304,10.7,79.9,48.8,15.8,31.5,22.6,15.7,43.4,7.7,44.7,30.0,28.9,23.4,37.0
AL,Alabama,Fayette,1057,15967,12532,11.5,77.5,49.5,11.0,21.3,15.2,13.1,40.9,6.9,40.6,24.5,27.3,19.4,30.6
NE,Nebraska,Custer,31041,10581,8019,8.7,72.9,61.0,6.7,11.8,9.6,9.3,30.9,5.4,40.2,14.6,18.0,14.7,26.0
OK,Oklahoma,Adair,40001,19627,14357,14.1,76.1,45.4,16.4,31.4,22.1,15.2,40.5,8.2,46.1,29.6,27.0,26.2,39.7
AL,Alabama,Lauderdale,1077,96814,78262,9.5,77.7,59.5,8.8,16.1,12.3,11.0,35.9,5.9,36.7,20.2,25.2,15.4,25.8
MD,Maryland,Worcester,24047,54171,44887,7.7,78.4,63.0,7.2,12.8,11.9,9.7,32.5,5.1,33.5,16.1,22.6,13.1,23.1
IL,Illinois,Alexander,17003,4695,3690,11.1,77.2,49.8,13.4,26.6,21.0,13.8,38.7,6.8,45.3,25.9,23.2,20.2,30.4
OK,Oklahoma,Coal,40029,5266,4013,13.2,76.0,47.1,14.0,27.0,19.0,13.9,39.5,7.9,42.9,26.9,29.0,24.1,37.4
AR,Arkansas,Montgomery,5097,8620,7004,12.0,76.2,50.9,10.3,19.4,14.6,11.4,37.4,7.1,41.1,24.8,27.8,18.8,32.6
WV,West Virginia,Mingo,54059,22023,17103,12.4,77.8,46.2,13.8,26.6,18.8,15.8,42.8,8.5,43.0,32.5,36.0,28.0,41.5
MO,Missouri,Carter,29035,5303,4026,11.5,75.9,52.3,11.4,19.9,15.8,12.2,36.5,7.2,39.8,26.2,28.3,23.1,34.8
NV,Nevada,Douglas,32005,49545,42375,9.7,71.2,67.2,7.3,11.8,10.8,8.1,27.2,5.0,27.3,16.5,21.2,12.6,18.8
IA,Iowa,Dickinson,19059,18056,14615,6.1,74.7,65.9,6.0,9.9,8.5,8.5,29.3,5.0,37.6,14.7,20.6,13.9,21.5
ID,Idaho,Bonner,16017,52547,42293,9.6,70.1,64.6,7.5,12.2,10.3,8.4,28.2,5.6,31.8,16.9,23.3,13.2,21.1
NE,Nebraska,Burt,31021,6727,5218,9.3,72.9,62.5,7.3,13.4,10.4,9.7,31.8,5.6,40.6,16.0,18.9,16.0,26.7
GA,Georgia,Baker,13007,2743,2242,17.6,78.0,51.8,15.8,30.8,23.5,16.9,42.4,7.5,43.3,28.8,21.1,21.0,35.9
MO,Missouri,Atchison,29005,5107,4077,9.5,75.7,56.4,9.1,14.9,12.8,10.9,34.7,6.3,41.6,21.3,27.0,18.8,31.0
AK,Alaska,Bethel,2050,18224,11798,15.9,64.9,37.0,21.9,37.0,26.5,14.7,39.7,8.6,39.4,32.7,20.3,31.2,34.4
GA,Georgia,Columbia,13073,165162,124488,10.4,78.1,61.3,7.3,12.5,11.5,10.7,34.1,4.8,32.8,15.8,19.8,11.8,23.7
WI,Wisconsin,Grant,55043,51409,40536,8.7,74.6,61.4,7.6,13.6,10.9,10.3,29.4,5.9,42.7,18.1,25.2,16.5,30.8
CA,California,Colusa,6011,22037,16122,18.0,68.1,55.9,12.4,25.0,21.2,12.2,29.6,5.9,35.3,27.5,21.9,13.5,29.8
GA,Georgia,Calhoun,13037,5457,4642,18.8,77.5,41.5,15.8,31.0,24.5,17.1,44.9,7.3,43.6,29.2,17.5,21.1,36.2
IL,Illinois,White,17193,13401,10554,9.5,75.2,55.1,9.5,18.0,14.0,11.1,33.4,6.4,39.3,21.8,25.5,18.8,26.3
IL,Illinois,Hancock,17067,17186,13505,7.9,75.4,63.6,7.6,13.7,11.5,9.7,31.5,5.6,38.9,17.8,24.0,15.3,22.9
VA,Virginia,Martinsville,51690,13763,9946,12.8,78.9,53.1,14.5,27.5,21.6,15.9,40.8,7.0,44.7,27.4,23.9,19.3,32.9
GA,Georgia,Dade,13083,16165,13017,12.2,75.3,60.5,7.8,13.6,11.6,10.2,32.6,5.7,35.2,18.8,23.8,15.8,25.0
NM,New Mexico,Sierra,35051,11488,9643,16.4,65.1,56.2,12.6,24.0,18.8,11.9,32.3,6.8,38.1,25.4,25.1,17.3,27.2
IN,Indiana,Wells,18179,28555,21512,8.3,77.1,60.1,7.0,13.1,10.6,10.4,34.3,5.7,41.9,18.8,26.9,16.8,24.2
AL,Alabama,Cullman,1043,92016,71431,10.5,76.9,54.8,8.8,16.4,12.2,11.0,37.3,6.3,36.2,21.5,26.5,16.9,25.9
MT,Montana,Granite,30039,3595,3047,10.5,68.4,60.7,8.1,12.9,10.4,8.4,29.4,5.5,30.6,18.0,24.7,15.1,21.4
OK,Oklahoma,Craig,40035,14494,11115,12.6,76.2,48.2,13.1,25.0,18.2,13.2,39.6,7.5,41.9,25.2,27.1,22.8,34.4
MN,Minnesota,Olmsted,27109,164784,125821,6.8,71.4,70.1,6.6,10.1,8.6,8.4,27.4,4.6,36.5,13.4,24.7,11.4,20.6
AR,Arkansas,Garland,5051,99784,80189,11.0,76.3,56.3,9.6,17.9,15.1,11.1,37.8,6.4,39.3,22.7,25.9,16.1,28.3
ND,North Dakota,Sargent,38081,3776,2992,7.9,72.1,60.7,6.5,10.9,9.5,9.0,29.9,5.4,41.3,16.0,20.9,14.4,22.6
AR,Arkansas,Phillips,5107,14961,11146,14.3,80.6,39.1,18.4,36.0,27.6,17.2,49.0,7.8,48.6,33.7,24.0,21.8,41.9
IA,Iowa,Dallas,19049,111092,81838,5.6,75.5,75.3,5.3,8.3,7.7,8.5,28.5,4.4,32.4,12.9,19.2,10.7,19.2
OH,Ohio,Wyandot,39175,21457,16768,7.8,76.7,63.2,6.8,11.9,10.2,10.2,32.9,5.6,35.5,16.7,26.1,15.9,25.3
VA,Virginia,Powhatan,51145,32105,26175,7.7,76.8,72.3,6.2,10.1,9.1,9.4,31.3,5.1,35.5,15.6,23.6,12.6,20.9
IN,Indiana,Harrison,18061,40006,31213,7.8,77.2,62.1,6.9,12.4,10.2,10.2,33.4,5.7,42.2,18.4,26.1,16.3,23.0
AL,Alabama,Henry,1067,17899,14236,10.9,78.2,49.7,10.8,21.3,15.7,12.8,40.4,6.3,41.2,23.1,24.8,17.1,29.1
MI,Michigan,Arenac,26011,15145,12334,7.9,76.6,63.3,9.0,16.6,12.8,10.3,33.0,6.4,38.4,20.3,29.7,18.4,25.6
ND,North Dakota,Logan,38047,1869,1414,8.8,71.8,59.1,7.6,13.3,10.8,9.5,31.4,6.0,40.9,18.2,22.0,16.3,25.0
NY,New York,Tioga,36107,47715,38115,6.2,77.9,65.6,7.8,13.7,12.3,8.6,30.2,5.4,30.5,16.0,22.6,14.3,24.2
MO,Missouri,Osage,29151,13468,10389,8.1,75.7,60.6,7.3,11.4,10.6,9.2,31.3,5.5,35.6,18.0,25.3,16.4,26.5
AK,Alaska,Skagway,2230,1095,925,10.0,66.2,58.8,7.6,11.9,10.5,7.8,29.7,5.1,35.0,16.2,20.2,14.6,19.9
MS,Mississippi,Greene,28041,13601,11108,13.4,77.8,7.8,11.7,22.0,16.8,13.1,41.5,6.7,41.9,24.1,20.0,19.5,33.1
KS,Kansas,Ellsworth,20053,6357,5224,9.9,73.8,59.4,7.0,12.1,11.2,9.6,32.4,5.5,39.9,17.3,19.5,15.6,25.7
GA,Georgia,Jasper,13159,16455,12575,13.9,76.1,55.3,9.9,18.4,15.0,12.1,35.5,6.1,36.6,21.5,22.6,17.3,29.0
NC,North Carolina,Hoke,37093,54446,39888,12.9,79.5,57.5,11.9,22.4,18.2,13.2,38.2,6.2,38.1,22.8,24.4,16.2,28.1
CA,California,Santa Clara,6085,1877592,1503217,6.9,70.4,67.3,6.5,11.8,10.1,9.8,25.7,4.1,21.9,15.8,17.9,8.2,21.8
IA,Iowa,Linn,19113,228972,177999,6.6,76.3,68.1,6.8,12.1,9.7,9.7,28.2,5.1,35.6,15.5,23.8,13.9,21.8
ID,Idaho,Canyon,16027,257674,189929,13.7,71.6,62.5,8.5,15.0,12.2,10.5,29.5,5.4,35.5,19.2,23.3,12.6,24.9
GA,Georgia,Macon,13193,11817,9723,20.6,78.2,38.0,18.3,36.2,27.7,18.5,45.9,7.9,43.9,32.4,18.5,23.2,40.2
VA,Virginia,Loudoun,51107,436347,322393,7.1,78.3,74.5,5.1,8.5,7.4,8.9,28.6,4.2,27.3,13.1,18.7,8.0,18.7
NY,New York,Chemung,36015,81325,64334,6.7,78.6,60.4,8.7,15.8,13.6,9.3,31.6,5.6,30.8,17.6,22.5,15.3,25.1
MT,Montana,Blaine,30005,6899,4948,12.3,68.2,55.4,14.6,23.7,17.5,12.3,33.1,6.7,41.6,25.1,25.2,21.6,26.6
CA,California,Glenn,6021,28129,20659,14.1,69.2,55.5,11.3,21.8,18.3,11.1,29.5,5.9,32.4,25.1,23.2,14.2,27.3
MN,Minnesota,Mower,27099,40058,30015,11.1,71.8,60.5,9.0,15.9,12.5,10.1,29.2,5.6,38.3,17.8,25.2,16.3,27.5
AL,Alabama,Wilcox,1131,9944,7755,15.1,81.1,39.7,19.8,40.4,29.0,19.1,50.4,7.8,51.9,34.0,22.7,22.8,39.1
NC,North Carolina,Davidson,37057,174804,137346,11.7,77.0,61.2,9.0,16.5,13.0,10.3,33.4,6.0,36.0,19.4,26.7,16.0,25.1
IL,Illinois,Fulton,17057,32541,26249,9.3,75.2,58.0,8.7,16.5,13.4,10.4,33.5,6.0,39.8,19.8,24.3,17.2,24.2
NC,North Carolina,Richmond,37153,42324,32370,14.0,78.8,54.9,13.7,26.0,20.0,13.8,39.5,7.1,43.0,25.8,26.8,20.0,30.9
WI,Wisconsin,Oconto,55083,39775,32028,8.2,75.2,63.3,7.0,12.6,10.5,9.4,29.2,5.6,42.0,17.0,25.1,15.8,27.3
IA,Iowa,Van Buren,19177,7266,5528,8.6,74.2,61.6,8.3,15.1,11.4,10.5,32.8,6.2,39.5,20.4,22.9,19.2,27.3
IA,Iowa,Mahaska,19123,21874,16738,7.4,74.3,67.4,7.4,13.0,10.4,9.7,31.6,5.7,39.0,17.9,22.1,17.1,27.1
MO,Missouri,Morgan,29141,21970,16914,12.0,74.0,53.6,10.8,18.6,15.0,11.6,34.7,6.9,38.2,25.1,28.2,21.9,34.1
SC,South Carolina,Colleton,45029,38874,29998,14.5,78.1,54.4,12.3,26.0,19.6,13.8,38.0,6.3,39.1,24.2,23.9,18.0,31.3
VA,Virginia,Appomattox,51011,16864,13156,9.4,77.1,59.4,9.0,15.8,13.1,11.7,35.2,6.0,38.8,20.1,25.0,16.2,26.4
GA,Georgia,Dougherty,13095,82645,62618,15.9,80.8,50.6,16.6,31.9,26.1,17.1,44.5,6.6,42.7,28.6,19.1,18.5,33.4
WI,Wisconsin,Eau Claire,55035,107903,86787,7.3,74.5,66.4,6.5,11.0,9.4,8.9,28.1,5.2,31.4,15.5,26.2,13.8,24.5
AZ,Arizona,Apache,4001,65036,48365,14.6,69.8,43.6,20.4,35.0,25.3,15.3,32.7,7.8,36.0,30.9,21.0,23.1,27.8
LA,Louisiana,Winn,22127,13216,10424,11.5,79.3,51.0,13.6,27.4,20.1,14.7,42.5,7.2,46.0,27.3,27.2,21.1,34.2
VA,Virginia,Lee,51105,21745,17770,12.6,75.9,56.5,11.4,20.9,15.6,13.6,37.8,7.5,42.2,25.9,27.2,21.7,31.8
NC,North Carolina,Mecklenburg,37119,1163701,901633,10.1,78.8,63.7,7.9,14.5,12.5,10.1,31.3,4.9,29.5,15.9,22.4,10.7,21.1
NY,New York,Wayne,36117,90829,71935,6.6,77.7,65.0,7.9,14.0,12.7,8.6,28.0,5.4,37.1,16.2,22.3,14.2,24.2
MI,Michigan,Oceana,26127,26981,21345,10.1,75.9,65.1,9.3,17.9,13.8,10.6,32.3,6.3,40.7,20.6,27.9,17.1,26.5
IL,Illinois,Morgan,17137,32140,25898,9.0,75.7,59.4,8.7,16.3,13.4,10.3,33.0,5.8,40.3,19.4,23.6,16.3,23.5
NE,Nebraska,Frontier,31063,2585,2060,8.7,73.1,61.3,6.6,11.7,9.4,9.0,29.6,5.3,38.7,15.2,18.2,14.4,24.7
MS,Mississippi,Pearl River,28109,57978,44780,11.7,78.1,9.8,10.3,19.2,14.6,11.8,37.6,6.3,38.1,22.2,22.1,18.1,31.4
OH,Ohio,Fayette,39047,28817,22051,9.8,75.8,56.7,9.1,16.9,13.3,11.9,36.8,6.6,41.0,21.1,27.9,20.1,30.8
NM,New Mexico,Roosevelt,35041,18787,14317,16.5,64.9,59.1,11.6,22.5,18.2,11.7,31.5,6.3,34.7,23.8,24.1,15.0,27.6
MT,Montana,Lewis and Clark,30049,75011,59205,8.4,71.7,70.8,6.7,10.0,8.3,7.5,25.9,4.7,30.8,15.3,27.0,12.2,17.3
ID,Idaho,Lewis,16061,3739,2946,11.4,71.3,58.6,10.1,17.9,13.6,10.5,32.2,6.5,35.5,21.0,24.5,16.5,26.7
OK,Oklahoma,Sequoyah,40135,40291,30639,12.7,76.8,48.6,13.7,25.9,18.7,13.7,39.6,7.6,47.1,26.2,28.0,23.4,35.7
GA,Georgia,Telfair,13271,10920,9009,23.4,75.5,43.5,16.8,33.6,25.1,17.6,42.8,8.1,42.9,32.1,20.4,22.9,39.0
IA,Iowa,Hamilton,19079,14729,11259,8.1,76.0,68.4,6.9,12.0,9.9,9.5,30.5,5.3,36.6,16.5,20.9,15.2,23.8
IA,Iowa,Wright,19197,12656,9332,10.6,75.1,61.8,8.6,16.1,12.4,10.9,31.5,6.0,41.3,19.7,20.9,16.8,27.0
OK,Oklahoma,Major,40093,7581,5641,11.6,75.0,57.7,8.6,16.6,13.1,10.5,34.2,6.1,42.2,19.5,25.8,17.6,31.8
LA,Louisiana,St. Charles,22089,50620,38554,8.2,80.4,62.3,9.2,17.2,14.4,11.3,37.4,5.6,37.2,19.7,26.1,14.9,26.8
GA,Georgia,Hart,13147,27556,22018,13.7,76.1,58.2,9.8,18.0,15.1,11.9,35.4,6.0,35.2,20.9,21.7,16.6,27.4
NY,New York,Chautauqua,36013,124891,99281,7.8,78.7,56.5,9.4,17.3,15.0,10.0,31.6,5.9,36.7,18.9,21.8,15.5,26.3
NJ,New Jersey,Middlesex,34023,863623,680119,11.2,77.4,66.0,7.3,14.2,12.2,10.3,30.4,4.4,29.7,16.4,13.0,10.1,24.7
OK,Oklahoma,Mayes,40097,39889,30559,10.9,76.5,51.3,11.8,21.8,16.5,12.1,38.4,7.0,41.6,22.8,26.1,20.7,33.5
GA,Georgia,Murray,13213,41035,31441,17.1,74.3,54.7,9.3,17.6,14.4,11.6,33.6,6.1,41.2,22.0,22.9,17.0,28.4
MD,Maryland,Prince George's,24033,947430,740721,13.0,76.9,59.7,10.6,22.4,20.3,13.6,37.3,4.9,41.9,20.2,15.1,10.5,26.5
NE,Nebraska,Adams,31001,30899,23578,10.2,75.0,64.2,7.1,13.2,10.2,9.9,31.4,5.6,41.9,16.9,20.6,14.3,25.8
SC,South Carolina,Charleston,45019,424367,342698,9.7,78.0,70.1,7.0,12.8,10.8,10.0,29.4,4.7,29.9,14.8,21.8,10.6,19.6
IN,Indiana,Orange,18117,19638,15128,9.5,77.3,59.1,8.4,16.2,12.4,11.5,35.4,6.3,39.5,21.7,28.4,19.6,26.9
WV,West Virginia,Pendleton,54071,6029,4907,9.3,77.7,54.1,9.5,16.9,13.7,12.6,37.5,6.7,36.8,23.9,31.9,20.5,30.9
WI,Wisconsin,Barron,55005,46833,37064,8.6,74.3,61.7,7.4,13.5,10.8,9.8,29.3,5.7,38.3,17.9,25.6,16.0,27.3
SC,South Carolina,Kershaw,45055,69905,53629,12.5,78.7,61.6,9.3,19.3,15.0,12.1,35.1,5.6,36.3,19.4,22.8,14.6,26.1
IL,Illinois,Scott,17171,4710,3763,7.9,75.4,66.2,7.5,13.8,11.6,9.4,30.7,5.4,38.3,17.7,24.3,15.4,22.3
MD,Maryland,Allegany,24001,67273,55228,9.8,77.5,58.5,9.4,19.3,15.3,11.3,35.6,6.2,37.4,21.6,26.6,18.8,30.7
MS,Mississippi,Benton,28009,7438,5911,13.4,79.1,9.2,13.2,24.9,19.5,14.0,42.3,6.7,42.3,25.6,20.5,19.7,34.8
SC,South Carolina,Jasper,45053,33544,27540,16.0,78.9,56.2,11.1,23.4,18.3,13.2,36.3,5.9,35.4,22.0,21.3,14.3,28.7
RI,Rhode Island,Bristol,44001,50255,41462,5.5,84.0,74.5,5.5,9.0,8.6,7.9,27.4,4.6,26.0,12.7,24.7,10.6,17.8
HI,Hawaii,Kauai,15007,73851,58274,6.7,71.2,67.7,8.6,17.9,12.0,9.3,27.0,5.0,24.1,16.6,17.9,12.4,19.5
LA,Louisiana,Claiborne,22027,13670,11034,13.6,80.8,42.2,19.8,40.0,28.4,18.8,48.6,8.7,48.9,35.3,26.2,26.6,41.5
MI,Michigan,Mackinac,26097,10851,9233,8.1,77.7,66.6,11.1,20.3,15.5,11.5,33.1,6.5,41.3,21.5,28.5,18.6,26.4
MT,Montana,Petroleum,30069,554,454,9.6,67.5,62.5,7.5,11.6,9.7,8.2,28.5,5.3,32.9,16.7,24.4,14.6,20.6
MN,Minnesota,Todd,27153,25667,19382,11.2,70.4,60.9,9.2,15.8,12.5,9.9,30.2,5.9,39.6,19.3,26.0,18.6,26.7
OH,Ohio,Preble,39135,40556,31595,8.0,76.4,60.2,7.3,12.9,10.8,10.5,32.9,6.0,39.4,18.2,27.5,17.3,28.4
MI,Michigan,Montcalm,26117,68154,54137,8.6,77.8,64.3,9.3,17.3,13.5,10.6,33.8,6.3,42.2,20.4,28.0,18.5,25.8
IN,Indiana,Clinton,18023,32730,24122,12.2,77.3,60.7,8.5,16.9,13.4,11.7,34.6,6.0,40.4,21.9,25.3,17.8,27.3
GA,Georgia,Habersham,13137,48757,38151,15.8,75.4,55.3,9.0,16.9,14.0,11.1,33.2,5.8,32.7,20.5,22.2,15.6,27.0
WV,West Virginia,Raleigh,54081,72356,57230,9.9,79.3,53.1,11.1,20.5,16.0,14.2,41.2,7.2,43.1,27.7,32.2,21.1,34.5
NE,Nebraska,Thayer,31169,4829,3720,9.2,72.8,60.9,7.3,13.3,10.2,9.7,30.2,5.7,40.2,16.4,19.1,15.8,26.6
NC,North Carolina,Chatham,37037,81624,66141,10.2,78.4,65.3,7.2,12.7,10.8,9.4,31.3,5.1,30.2,15.8,24.0,11.9,20.4
IA,Iowa,Johnson,19103,157528,127373,6.4,77.5,70.0,6.7,11.2,9.5,9.7,30.8,5.2,32.8,15.1,20.4,12.3,19.2
MO,Missouri,Ray,29177,23182,17877,9.6,75.1,58.3,8.7,14.3,12.6,10.6,33.9,6.0,39.3,20.8,26.4,18.9,31.3
KS,Kansas,Saline,20169,53098,41187,10.6,74.0,62.9,7.6,13.9,12.2,10.1,30.9,5.6,41.5,18.4,21.7,15.6,27.5
CA,California,San Francisco,6075,808988,698599,6.2,71.7,69.5,6.8,12.3,9.7,9.3,25.1,4.3,17.1,16.1,19.8,8.8,18.5
MN,Minnesota,Yellow Medicine,27173,9467,7259,9.1,72.0,62.0,8.4,13.6,11.2,9.7,29.3,5.6,38.9,17.5,26.0,16.6,25.1
MN,Minnesota,Marshall,27089,8810,6782,8.7,71.5,63.1,7.7,12.5,10.2,9.1,28.8,5.3,39.2,16.8,25.3,15.9,23.5
MN,Minnesota,Kittson,27069,4060,3182,7.6,72.0,64.2,7.3,11.5,9.6,8.8,28.2,5.2,34.4,15.6,25.6,15.2,23.1
NC,North Carolina,Henderson,37089,119230,97324,10.6,77.2,64.8,7.4,12.8,10.7,9.1,30.4,5.4,30.4,17.0,25.8,13.2,21.0
GA,Georgia,Taliaferro,13265,1609,1312,17.1,78.0,50.3,14.3,28.2,22.9,15.7,41.9,6.6,41.8,26.6,19.4,19.0,34.0
WI,Wisconsin,Sawyer,55113,18552,15215,8.5,75.1,61.5,9.0,15.6,12.4,10.4,31.0,6.0,34.2,20.3,25.2,18.1,28.3
MO,Missouri,Vernon,29217,19710,15019,10.7,75.7,52.9,10.5,17.7,14.5,11.5,34.8,6.8,38.1,24.0,28.1,21.4,32.5
IN,Indiana,LaGrange,18087,40907,28068,12.4,74.8,56.0,8.5,17.2,12.9,11.1,33.6,6.3,40.0,23.6,27.8,20.3,28.6
ID,Idaho,Jefferson,16051,34198,23316,10.4,71.5,64.9,7.3,12.0,10.5,8.7,27.7,5.3,33.0,15.9,22.6,12.2,21.4
IL,Illinois,Winnebago,17201,280922,215494,11.2,76.7,55.4,10.0,19.5,16.0,11.7,33.9,5.8,42.2,21.2,23.4,15.9,25.9
MI,Michigan,Alger,26003,8757,7484,7.4,76.9,65.4,8.8,15.7,12.8,10.0,33.2,6.0,36.6,18.6,26.2,16.7,23.7
MO,Missouri,Lincoln,29113,64699,48548,8.9,75.8,59.1,7.9,12.4,11.7,9.9,31.7,5.7,39.4,19.1,25.3,17.5,28.1
NC,North Carolina,Wake,37183,1190275,919538,8.0,79.8,70.4,6.2,10.4,9.1,9.0,31.2,4.5,28.9,13.5,23.1,9.5,17.9
IA,Iowa,Sioux,19167,36246,26374,8.3,75.5,67.3,6.5,11.3,9.7,8.9,30.5,5.1,34.5,15.5,20.8,14.0,23.0
OK,Oklahoma,Garvin,40049,25865,19354,12.5,76.2,52.4,10.5,20.7,15.4,11.9,37.4,6.7,38.5,22.2,26.9,19.5,33.1
VA,Virginia,Charlotte,51037,11336,8826,12.0,77.7,56.2,12.2,22.7,17.5,14.0,37.4,6.9,42.5,25.6,25.8,19.8,31.0
LA,Louisiana,Lafourche,22057,95056,73551,9.6,78.9,54.2,11.2,22.2,16.4,12.7,39.5,6.7,47.2,23.3,30.8,19.4,31.7
OH,Ohio,Ross,39141,76501,60465,9.7,75.8,55.0,9.1,16.9,13.4,12.6,36.3,6.7,43.9,21.1,28.8,19.9,29.4
NV,Nevada,Storey,32029,4177,3662,9.6,71.3,62.7,7.2,11.6,10.7,8.2,27.5,4.9,31.8,16.5,22.3,12.8,19.6
OH,Ohio,Monroe,39111,13153,10468,9.4,76.5,55.4,9.2,16.9,13.3,12.0,35.3,6.9,40.4,21.3,28.7,20.7,31.4
MI,Michigan,Jackson,26075,159424,126422,7.5,76.1,63.3,8.7,15.5,12.7,10.4,34.4,6.0,39.3,20.1,28.0,15.8,26.2
NY,New York,Herkimer,36043,59484,47406,6.3,77.4,61.2,8.0,14.1,12.8,8.8,30.1,5.5,37.0,16.5,21.8,15.1,26.2
NH,New Hampshire,Merrimack,33013,157103,128587,7.1,76.9,68.8,6.1,9.9,9.1,7.4,27.5,4.7,33.2,13.5,24.6,10.9,18.8
MI,Michigan,Gogebic,26053,14224,11925,7.1,77.7,66.1,9.1,16.4,12.6,10.5,33.4,6.5,37.1,19.7,29.0,17.5,25.3
VA,Virginia,Roanoke,51770,97171,75344,10.9,76.5,58.9,10.7,19.7,15.8,13.2,36.1,6.2,41.9,22.0,24.1,16.7,28.9
CT,Connecticut,Western Connecticut,9190,623907,489485,10.0,77.3,72.8,7.1,12.4,11.2,7.4,24.9,4.2,25.6,13.4,19.3,8.7,21.4
IL,Illinois,Logan,17107,27590,22260,8.8,75.7,59.6,8.3,15.4,13.1,9.9,31.8,5.5,38.9,18.6,23.0,15.7,23.3
KS,Kansas,Marshall,20117,9933,7549,9.6,73.7,62.6,7.6,13.8,11.8,9.8,31.4,6.0,37.5,18.5,23.1,18.0,26.8
UT,Utah,Uintah,49047,37747,26247,11.4,69.0,60.8,8.4,15.9,12.0,10.2,30.2,5.7,35.4,19.2,27.2,12.5,21.4
MO,Missouri,Jefferson,29099,231230,179619,8.2,76.7,59.3,7.5,11.6,10.9,9.4,31.5,5.5,39.7,18.5,24.7,16.3,26.6
NJ,New Jersey,Sussex,34037,146132,117673,8.9,75.4,69.7,6.1,10.3,9.9,7.6,28.3,4.6,26.5,13.9,19.0,11.1,20.1
NC,North Carolina,Montgomery,37123,26085,20705,14.5,78.0,58.7,10.8,20.5,16.2,11.8,36.0,6.4,38.9,22.5,25.9,16.9,27.3
NM,New Mexico,DoÃ±a Ana,35013,225210,174328,20.1,68.7,59.9,12.5,25.6,20.6,13.1,31.4,6.0,37.5,26.0,22.2,13.1,27.8
AR,Arkansas,Marion,5089,17514,14236,11.6,74.9,53.5,10.0,18.7,14.2,11.1,35.1,7.0,37.8,24.4,27.7,18.8,31.3
IL,Illinois,DeKalb,17037,100288,78892,9.5,75.9,63.0,8.4,15.9,13.5,10.6,31.6,5.5,37.1,18.6,22.9,14.0,23.3
VA,Virginia,Rappahannock,51157,7414,6250,8.6,76.2,63.1,7.1,12.0,10.1,10.1,31.8,5.6,35.2,17.4,25.3,14.2,22.5
VA,Virginia,Chesterfield,51041,383876,293524,8.6,77.8,70.5,7.3,12.4,11.5,10.8,33.4,4.9,36.1,16.1,21.8,11.4,21.9
MN,Minnesota,Chisago,27025,58535,45564,7.4,72.9,65.9,6.7,10.6,9.4,8.6,28.1,5.0,35.9,14.7,25.0,14.7,21.8
SC,South Carolina,Spartanburg,45083,356698,273436,13.3,77.6,61.2,9.3,18.8,15.1,12.1,35.5,5.7,37.9,20.2,24.6,14.4,26.8
MN,Minnesota,Polk,27119,30412,23008,8.7,71.9,67.0,8.2,13.5,11.0,9.2,27.4,5.5,39.7,17.0,25.7,15.8,24.6
LA,Louisiana,Bienville,22013,12366,9519,11.5,80.8,44.8,17.3,35.1,25.0,17.5,45.6,8.0,47.6,32.1,28.7,24.5,40.0
NC,North Carolina,Rockingham,37157,92518,73816,12.5,77.8,57.3,10.3,19.0,15.1,11.3,35.9,6.2,37.1,21.5,26.7,17.6,26.8
MA,Massachusetts,Middlesex,25017,1623952,1310019,4.1,78.9,73.1,6.6,9.8,9.4,7.7,25.6,4.3,23.8,13.0,24.1,9.3,17.9
NY,New York,Madison,36053,66921,54640,5.7,78.7,62.7,7.3,12.4,11.6,8.3,29.1,5.1,37.2,15.2,22.3,13.4,21.6
IN,Indiana,Grant,18053,66200,51942,9.7,79.0,56.7,9.3,18.1,13.8,13.0,37.3,6.6,42.2,23.4,28.7,19.1,28.3
KS,Kansas,Sherman,20181,5844,4429,10.8,73.4,59.3,7.6,13.6,12.2,10.1,32.4,5.8,39.3,18.2,21.4,16.2,28.9
GA,Georgia,Bryan,13029,49739,35571,10.7,77.5,64.0,7.0,12.0,11.2,9.8,32.5,4.8,32.8,15.7,20.4,11.8,21.2
MO,Missouri,Callaway,29027,44731,35515,9.0,75.8,55.5,8.4,13.6,12.4,10.2,33.3,5.9,37.1,19.5,25.5,17.2,28.0
AL,Alabama,Cherokee,1019,25666,20877,10.8,76.3,56.7,9.6,18.4,13.2,11.8,37.5,6.6,39.3,23.1,27.1,18.1,28.8
MO,Missouri,Stoddard,29207,28397,22190,11.3,73.8,49.4,10.3,18.0,14.4,11.3,34.4,6.7,37.6,25.0,27.6,22.2,33.2
MS,Mississippi,Hancock,28045,46159,37467,10.4,77.6,8.7,9.0,15.8,12.8,10.8,35.9,5.9,37.0,19.6,21.1,16.0,29.0
CA,California,Alpine,6003,1141,955,6.3,70.3,65.4,8.0,12.4,11.6,8.5,27.9,5.1,28.7,17.2,23.5,11.6,18.0
WI,Wisconsin,Rusk,55107,14143,11289,9.2,75.3,63.5,8.3,14.9,11.8,10.6,30.6,6.3,40.9,19.8,25.0,18.2,28.5
NE,Nebraska,Cheyenne,31033,9541,7351,10.2,72.3,61.2,7.5,13.9,10.7,9.9,30.8,5.7,34.8,16.6,18.4,15.6,27.9
MO,Missouri,Lewis,29111,9818,7755,10.3,75.4,52.5,9.8,16.6,13.9,10.9,33.8,6.4,38.2,22.8,26.9,20.6,31.8
NY,New York,Schuyler,36097,17507,14192,6.5,77.6,57.2,8.4,15.0,13.0,9.1,30.2,5.8,31.2,17.3,22.5,15.3,24.1
AL,Alabama,Pickens,1107,18688,15154,14.0,79.2,50.4,13.8,27.9,20.5,15.2,43.6,7.0,48.0,27.5,23.1,19.0,33.4
LA,Louisiana,Iberville,22047,29617,23427,10.4,80.4,52.5,13.4,27.1,21.2,14.4,41.0,6.6,42.9,26.0,25.9,19.1,33.2
NE,Nebraska,Nemaha,31127,7076,5443,9.5,72.9,60.5,7.5,13.6,10.5,9.9,29.7,5.8,41.8,16.9,19.3,15.8,28.6
VA,Virginia,Grayson,51077,15285,12745,12.4,75.8,55.6,11.0,20.4,15.2,13.1,36.8,7.2,41.2,24.9,26.6,20.5,31.3
AR,Arkansas,Pope,5115,64593,49630,12.5,75.2,53.3,9.9,19.1,14.8,11.4,36.3,6.7,45.3,24.4,25.1,17.1,33.2
WI,Wisconsin,Wood,55141,73939,58207,8.5,73.9,62.0,7.1,12.8,10.3,9.7,29.4,5.6,39.9,17.1,24.2,15.9,26.1
WI,Wisconsin,Kewaunee,55061,20690,16410,8.1,75.1,66.9,6.6,11.4,9.8,9.2,28.5,5.4,41.1,16.2,24.3,15.1,26.2
ID,Idaho,Teton,16081,12549,9883,10.0,72.8,69.3,6.4,10.5,9.3,8.0,27.0,4.8,30.8,14.4,21.0,10.1,18.5
AR,Arkansas,Hot Spring,5059,33258,26928,11.7,76.0,51.2,10.5,19.9,15.6,11.6,38.5,6.8,36.9,24.4,24.7,18.9,32.8
IA,Iowa,Poweshiek,19157,18453,14872,7.5,74.6,65.1,7.2,12.8,10.3,9.5,31.0,5.5,42.2,17.3,22.8,16.2,24.7
IL,Illinois,Clinton,17027,36785,28932,7.9,75.8,63.4,7.2,12.8,11.2,9.3,30.8,5.2,40.0,16.7,22.6,14.1,21.0
NV,Nevada,Humboldt,32013,17136,12652,14.4,70.4,54.9,9.7,17.6,14.9,10.1,29.0,5.7,36.0,21.6,22.1,15.6,26.1
IN,Indiana,Wabash,18169,30670,24213,8.5,77.5,61.1,7.5,14.3,11.1,10.8,33.7,5.9,38.4,19.8,26.2,17.5,24.8
GA,Georgia,Clinch,13065,6746,5045,17.2,76.0,45.0,13.9,27.1,20.7,14.8,39.7,7.3,41.7,27.8,22.6,21.5,34.4
LA,Louisiana,Assumption,22007,20160,16073,10.6,79.7,51.5,12.7,25.9,19.2,13.4,39.4,6.8,38.3,26.1,28.5,20.9,33.4
GA,Georgia,Peach,13225,28805,22815,14.4,78.6,55.3,11.4,21.4,18.9,13.4,38.1,5.7,40.4,21.8,20.0,15.2,29.0
WV,West Virginia,Doddridge,54017,7680,6589,10.2,77.0,51.5,10.0,18.0,14.3,13.2,39.8,7.1,41.0,25.3,30.5,22.1,32.6
KS,Kansas,Wallace,20199,1509,1087,10.3,74.4,62.8,7.7,13.7,12.1,10.2,31.6,5.9,37.3,18.4,22.3,16.6,27.3
WI,Wisconsin,Dane,55025,575347,463964,6.7,73.5,70.2,5.7,9.5,8.6,8.1,25.5,4.7,33.4,13.3,24.2,10.4,20.8
WI,Wisconsin,Menominee,55078,4226,2882,10.3,75.7,53.2,15.7,28.9,21.4,15.3,34.4,7.0,45.4,26.1,24.1,23.9,35.8
WV,West Virginia,Marshall,54051,29405,23911,8.6,77.9,55.5,9.1,16.0,13.1,12.4,38.0,6.7,37.3,23.1,32.0,21.1,30.8
IA,Iowa,Monona,19133,8493,6595,7.7,75.4,62.6,7.7,13.6,10.9,9.9,32.0,5.7,42.7,18.2,22.4,17.2,26.0
MN,Minnesota,Washington,27163,278936,212815,6.1,74.0,74.9,5.8,8.8,7.9,8.7,25.8,4.3,32.1,12.7,23.5,10.9,18.2
AZ,Arizona,Santa Cruz,4023,49158,36812,26.5,70.2,51.0,13.2,27.4,21.5,13.2,31.3,5.9,34.8,26.9,16.6,12.0,30.3
MO,Missouri,Platte,29165,111940,86325,7.2,78.7,65.4,6.6,9.7,9.8,8.8,30.9,4.8,36.7,15.1,23.4,12.1,22.1
GA,Georgia,Johnson,13167,9282,7669,17.9,76.2,45.7,13.8,27.0,20.7,15.3,43.0,7.5,43.5,28.0,20.9,21.9,34.1
MO,Missouri,Bollinger,29017,10544,8227,10.5,75.5,50.8,9.7,16.1,13.6,10.8,34.7,6.5,38.9,23.1,27.6,20.9,32.4
UT,Utah,Sevier,49041,22344,16249,9.9,71.2,64.0,7.2,12.8,10.1,9.1,29.7,5.4,36.6,17.5,28.4,10.6,20.4
NE,Nebraska,Douglas,31055,589540,441789,10.4,74.9,63.9,7.2,13.3,10.9,9.3,29.4,5.0,36.9,15.5,18.9,13.5,21.9
IA,Iowa,Webster,19187,36485,28671,8.3,75.8,67.6,7.8,14.1,11.1,10.1,33.1,5.7,42.2,18.0,21.3,17.1,26.6
MN,Minnesota,Clay,27027,66258,50084,7.3,72.6,68.1,7.6,12.4,10.2,9.3,30.1,5.3,34.1,15.4,25.9,14.6,22.1
LA,Louisiana,St. Helena,22091,10774,8595,11.0,81.2,49.4,16.3,33.4,24.7,16.2,43.7,7.4,42.9,30.5,27.0,22.4,37.3
VA,Virginia,Mathews,51115,8514,7170,8.3,76.9,70.0,7.1,12.0,10.3,10.1,31.5,5.4,35.3,17.3,26.1,14.1,22.8
ND,North Dakota,Nelson,38063,2991,2397,7.6,72.4,63.1,6.3,10.6,9.3,8.6,30.2,5.3,39.8,15.3,21.6,13.9,21.2
GA,Georgia,Miller,13201,5747,4410,15.0,77.2,48.4,12.5,23.5,18.7,13.9,38.8,6.7,42.4,24.7,22.9,18.7,32.0
MN,Minnesota,Martin,27091,19657,15122,9.0,71.8,64.7,8.3,13.7,11.1,9.7,27.7,5.6,36.6,17.3,25.0,16.4,26.3
AR,Arkansas,Cleveland,5025,7378,5798,10.8,76.6,47.5,10.2,18.8,15.0,11.6,39.4,6.7,42.2,23.9,26.3,18.2,32.4
NC,North Carolina,Person,37145,39737,31541,11.5,78.1,56.1,10.2,18.9,15.2,11.6,36.7,6.1,38.5,20.7,26.2,16.5,26.5
NC,North Carolina,Johnston,37101,241955,182582,11.8,78.2,61.1,8.5,15.4,13.0,10.5,32.9,5.4,34.5,18.2,24.6,13.9,23.1
CA,California,San Joaquin,6077,800965,593491,13.0,70.0,58.5,10.9,21.4,17.4,11.7,29.3,5.4,30.6,24.1,19.7,12.7,25.9
NE,Nebraska,Banner,31007,674,520,9.6,73.7,68.4,6.5,11.7,9.5,9.0,29.1,5.2,38.1,14.8,18.3,13.0,24.6
WV,West Virginia,Clay,54015,7783,6050,10.9,77.4,47.9,11.6,21.9,16.2,14.2,40.4,7.7,41.6,28.5,33.8,24.8,36.6
SC,South Carolina,Barnwell,45011,20447,15569,16.6,79.0,52.4,15.0,32.0,23.3,15.9,40.4,7.1,44.3,27.7,23.5,20.1,34.5
MI,Michigan,Montmorency,26119,9678,8165,8.0,76.8,63.3,9.4,17.5,13.1,10.5,33.0,6.6,38.3,21.0,29.9,19.2,26.2
KS,Kansas,Jefferson,20087,18327,14419,8.2,75.3,66.9,6.2,10.4,9.9,8.7,29.2,5.2,34.4,15.7,22.1,14.7,23.5
AK,Alaska,Haines,2100,2070,1718,8.3,66.7,60.5,7.6,11.5,10.1,7.7,30.1,5.2,33.3,15.5,20.5,13.9,18.4
ID,Idaho,Adams,16003,4903,4062,10.9,70.8,62.2,8.6,14.7,11.7,9.3,30.0,6.0,33.9,18.6,24.0,14.8,25.1
IN,Indiana,Morgan,18109,73227,57218,8.1,76.6,60.2,7.0,12.8,10.5,10.9,33.8,5.8,37.3,18.6,26.5,16.4,23.1
VA,Virginia,Bedford,51019,81525,65762,7.8,75.7,67.7,6.7,11.2,9.8,10.1,30.4,5.4,36.7,16.7,25.0,13.6,24.4
ME,Maine,Franklin,23007,30828,25609,8.8,76.2,59.6,9.2,13.4,13.2,8.8,30.6,6.1,35.2,18.8,30.1,16.6,23.7
WI,Wisconsin,Pepin,55091,7441,5802,7.7,74.8,64.8,6.4,11.1,9.6,9.0,28.3,5.3,36.4,15.8,24.7,14.6,25.4
NE,Nebraska,Stanton,31167,5856,4443,9.2,72.3,64.0,6.3,11.2,9.2,8.9,28.1,5.2,39.8,14.7,17.7,14.0,25.6
CA,California,Contra Costa,6013,1155025,904586,8.1,70.2,66.8,7.9,13.8,12.4,9.6,27.5,4.5,27.8,17.6,19.7,9.3,22.7
MS,Mississippi,Prentiss,28117,25135,19567,11.4,78.3,9.0,10.8,19.6,14.9,12.3,39.1,6.4,41.3,23.0,22.3,18.5,33.2
GA,Georgia,Warren,13301,5106,4068,16.2,78.3,50.1,14.7,28.8,23.6,15.5,42.7,6.6,43.8,26.8,20.3,19.4,34.5
IL,Illinois,Perry,17145,20503,16597,10.6,75.2,53.8,9.9,18.7,15.1,11.2,34.2,6.3,41.1,21.7,23.1,18.1,25.9
VA,Virginia,King and Queen,51097,6720,5583,10.3,77.4,59.0,9.9,18.0,14.7,12.6,36.7,6.2,40.3,21.6,24.5,16.8,27.4
KS,Kansas,Cheyenne,20023,2636,2027,11.9,73.8,58.8,9.0,16.7,13.7,11.1,32.9,6.4,38.5,21.0,22.9,18.6,30.8
IL,Illinois,Tazewell,17179,129541,101480,7.2,76.0,64.8,6.9,12.3,10.7,9.1,30.3,5.1,36.2,16.4,24.2,13.8,21.0
GA,Georgia,Lee,13177,33872,25370,10.8,77.3,61.0,8.0,14.0,12.7,10.7,34.7,5.1,38.6,17.0,20.4,12.9,23.0
MS,Mississippi,Grenada,28043,21065,15948,12.7,79.2,7.7,14.0,26.6,20.4,14.7,43.3,6.7,46.1,25.9,20.1,19.0,35.4
WV,West Virginia,Jackson,54035,27593,21715,8.7,78.6,57.9,9.4,16.6,13.2,13.4,39.5,6.8,42.5,23.9,32.4,20.1,32.2
OH,Ohio,Highland,39071,43614,33239,9.4,75.7,55.6,8.8,16.1,12.9,11.8,34.7,6.6,41.1,21.3,28.7,20.0,30.9
IL,Illinois,Kankakee,17091,105940,82054,10.3,76.3,58.9,9.4,18.3,15.2,11.3,34.2,5.7,40.2,20.3,22.0,15.2,24.2
MS,Mississippi,Clarke,28023,15228,11869,12.3,79.7,8.3,13.5,25.3,19.4,14.0,42.7,6.7,38.9,25.7,21.6,19.8,33.5
OH,Ohio,Butler,39017,393043,302288,8.3,79.2,61.1,7.8,14.1,11.9,11.3,33.2,5.8,39.6,18.4,26.1,15.2,27.5
OK,Oklahoma,Pushmataha,40127,10800,8446,13.0,75.9,47.4,13.6,26.1,18.5,13.7,39.5,7.9,39.1,26.3,28.9,24.4,37.2
GA,Georgia,Toombs,13279,27040,19850,17.1,76.8,54.2,12.3,23.6,18.9,13.6,37.9,6.5,40.9,25.0,21.4,17.9,32.0
NY,New York,Delaware,36025,44410,37417,7.1,77.8,60.9,8.6,15.8,13.4,9.2,31.8,5.8,33.4,17.2,22.3,15.4,26.3
IL,Illinois,Jefferson,17081,36320,28241,8.8,75.4,58.8,8.8,16.4,13.6,10.6,33.3,5.9,39.8,19.7,23.7,16.5,23.8
MO,Missouri,Scott,29201,37889,28776,10.2,76.9,55.6,10.2,18.0,15.7,11.1,35.1,6.2,38.2,22.3,25.7,19.6,34.7
NE,Nebraska,Holt,31089,10093,7493,9.9,72.7,62.4,7.1,12.8,9.9,9.6,29.0,5.6,38.7,16.1,17.6,15.0,27.1
GA,Georgia,Mitchell,13205,21114,16263,16.5,77.9,47.1,14.4,28.0,22.3,15.6,42.8,6.8,45.1,26.8,20.8,19.6,33.5
WV,West Virginia,Putnam,54079,56962,44875,7.3,79.7,61.4,7.5,12.6,10.9,11.3,37.7,5.8,37.8,19.7,31.6,16.5,26.9
NC,North Carolina,Hertford,37091,19453,15694,13.9,80.5,51.1,14.8,28.7,22.5,15.2,42.2,6.8,43.3,26.1,23.9,18.8,31.6
NM,New Mexico,Lea,35025,72101,51363,21.8,65.2,54.0,13.1,26.4,21.4,12.1,32.7,6.3,37.3,26.3,21.5,15.1,30.2
NJ,New Jersey,Passaic,34031,513395,392936,18.9,73.2,57.2,10.3,23.1,18.9,11.2,29.7,5.3,31.1,21.7,15.8,12.5,30.5
OK,Oklahoma,Le Flore,40079,49596,37373,13.1,76.5,48.1,12.2,23.6,17.2,13.0,38.4,7.5,40.4,25.1,26.7,22.4,36.6
MD,Maryland,Talbot,24041,37823,30897,8.4,77.7,67.9,7.2,13.1,12.3,9.2,31.5,5.0,30.8,16.2,22.8,11.8,21.5
SC,South Carolina,Lexington,45063,309528,238788,11.1,80.2,64.3,7.8,15.3,12.5,10.5,33.2,5.1,35.9,17.8,25.1,13.0,24.9
OH,Ohio,Perry,39127,35551,27260,9.2,76.6,57.0,8.5,15.5,12.2,11.6,35.2,6.6,38.1,20.4,28.2,19.4,30.5
ND,North Dakota,Stutsman,38093,21392,17062,8.3,70.9,62.3,7.2,12.2,10.2,9.0,29.3,5.7,40.3,17.3,21.5,16.1,23.5
MS,Mississippi,Lowndes,28087,57283,43676,11.2,80.5,9.2,12.3,22.8,17.9,13.6,41.9,6.0,37.9,22.8,19.5,16.5,32.3
MD,Maryland,Howard,24027,336001,256944,6.0,79.3,71.7,5.6,9.7,9.2,9.1,31.3,4.1,29.6,11.8,18.2,7.3,15.8
ID,Idaho,Payette,16075,27279,20474,14.2,70.5,60.5,9.2,16.7,13.4,9.6,30.4,5.9,31.5,19.9,23.5,14.6,25.4
OH,Ohio,Jefferson,39081,64026,51564,8.5,77.3,61.1,8.6,15.5,12.5,12.0,35.9,6.5,43.1,20.5,29.4,18.6,29.5
NY,New York,Westchester,36119,990817,782936,8.0,78.4,68.0,7.1,13.1,12.8,8.8,25.7,4.4,25.9,13.9,16.2,9.3,21.0
MT,Montana,Sanders,30089,13684,11386,11.7,65.5,59.4,9.6,15.7,12.0,9.0,29.1,6.2,34.8,20.4,26.0,17.5,23.1
MT,Montana,Fallon,30025,2994,2225,9.5,67.1,63.6,7.6,11.8,9.8,8.3,27.9,5.3,31.4,17.4,25.1,14.7,22.0
IL,Illinois,Saline,17165,22873,18163,8.8,75.5,56.5,8.9,16.6,13.4,10.6,32.9,6.0,40.1,20.3,24.8,17.1,24.4
KS,Kansas,Riley,20161,71402,59912,9.3,74.9,58.5,8.0,13.8,12.7,10.4,30.8,5.9,30.9,17.8,21.9,15.0,25.3
RI,Rhode Island,Washington,44009,129982,110479,5.3,83.2,76.7,5.8,9.3,8.7,7.1,27.8,4.7,28.0,12.2,23.4,10.4,16.8
LA,Louisiana,Red River,22081,7356,5645,11.7,80.3,48.9,16.1,33.2,24.2,16.1,43.9,7.6,43.9,30.6,27.8,23.7,38.0
GA,Georgia,Worth,13321,20273,15854,14.9,76.7,53.9,12.1,23.2,18.5,13.6,38.6,6.5,38.8,24.7,22.9,19.3,32.0
NE,Nebraska,Washington,31177,21152,16193,7.4,74.3,69.6,5.6,9.5,7.8,8.5,28.8,4.8,40.8,13.0,18.7,12.3,21.7
CA,California,Mono,6051,13066,10809,8.6,70.2,65.1,8.1,13.9,12.7,8.9,27.8,5.2,30.9,18.8,23.4,11.6,20.8
IN,Indiana,Carroll,18015,20525,16103,9.2,77.7,61.3,7.5,14.2,11.3,10.9,34.3,6.0,41.4,20.2,26.5,17.8,25.6
UT,Utah,Carbon,49007,20609,15429,12.1,71.0,59.9,8.9,17.1,13.0,10.8,29.6,6.0,35.1,19.4,29.6,12.3,21.1
AK,Alaska,Yukon-Koyukuk,2290,5129,3732,13.8,66.7,42.3,18.4,30.6,22.7,13.9,37.1,8.0,36.6,28.9,20.6,27.5,28.3
MS,Mississippi,DeSoto,28033,193247,145706,10.0,80.3,11.9,9.3,17.2,14.5,11.4,38.2,5.2,36.9,19.0,19.9,13.8,27.5
IL,Illinois,Fayette,17051,21164,16988,10.1,74.9,60.5,9.4,17.9,14.4,11.0,34.0,6.3,40.1,21.2,23.0,17.8,25.6
IA,Iowa,Ida,19093,6833,5151,7.8,74.0,67.8,7.4,13.0,10.5,9.6,30.7,5.6,41.4,17.6,21.7,16.7,25.7
NM,New Mexico,Socorro,35053,15963,12594,18.9,65.7,50.9,14.1,27.5,21.4,13.2,32.1,6.7,37.5,27.6,22.7,16.8,29.9
MN,Minnesota,Carlton,27017,36825,28845,8.3,70.4,64.3,8.2,12.3,10.4,9.7,29.0,5.4,38.5,16.7,27.5,16.2,24.3
GA,Georgia,Baldwin,13009,43396,35399,14.4,78.3,52.9,12.6,23.7,19.8,14.5,39.6,6.5,40.9,23.9,20.5,17.6,30.1
IL,Illinois,Lawrence,17101,14813,12103,10.9,75.0,53.8,9.9,18.9,15.3,11.2,34.8,6.2,41.0,21.9,22.5,17.9,26.0
NJ,New Jersey,Atlantic,34001,275213,218623,12.6,77.4,62.1,9.3,17.4,15.0,10.3,31.0,5.2,30.9,18.4,17.1,13.2,26.7
MI,Michigan,Houghton,26061,37599,30241,6.5,77.4,68.9,7.9,13.9,11.1,9.8,31.5,6.0,36.9,17.5,27.0,15.7,22.4
VA,Virginia,Hopewell,51670,22752,16949,13.8,78.7,51.9,15.2,29.4,22.9,16.1,41.1,7.1,45.9,28.3,24.4,20.5,34.9
OH,Ohio,Van Wert,39161,28704,22097,8.5,76.6,62.3,7.4,13.0,11.1,10.6,33.3,5.9,37.4,18.4,27.1,17.0,27.6
MO,Missouri,Stone,29209,32658,27152,9.4,75.8,57.3,8.8,14.2,12.6,10.3,33.5,6.1,41.1,20.8,26.5,18.3,29.2
KS,Kansas,Sumner,20191,22334,16986,9.4,75.5,59.2,7.6,13.5,11.8,9.9,31.8,5.8,39.8,18.0,22.5,17.2,25.7
IN,Indiana,Bartholomew,18005,84003,63788,8.6,79.1,63.5,7.2,13.6,10.4,11.0,34.0,5.6,38.9,19.0,25.4,15.1,23.3
GA,Georgia,Stephens,13257,27228,21289,14.3,75.3,55.9,10.2,18.7,15.2,12.1,35.7,6.3,38.8,22.4,23.4,18.6,29.2
LA,Louisiana,Orleans,22071,364136,293146,8.4,80.4,58.9,12.7,24.9,19.8,14.4,39.0,6.1,34.2,22.0,27.4,15.2,26.1
MS,Mississippi,Washington,28151,41946,31186,15.0,81.6,7.4,19.5,37.3,28.1,17.6,49.4,7.3,44.2,31.2,17.7,21.2,39.4
MI,Michigan,Chippewa,26033,36264,29773,7.7,77.9,62.7,10.6,19.0,14.8,11.2,35.6,6.5,36.4,20.8,27.4,18.6,25.8
MI,Michigan,Ogemaw,26129,20990,17270,8.1,76.5,62.8,9.4,17.6,13.3,10.7,33.7,6.6,39.2,21.1,30.1,19.0,26.7
MS,Mississippi,Montgomery,28097,9600,7441,13.5,80.3,6.4,15.1,28.8,21.7,15.3,44.3,7.2,43.8,27.7,20.0,20.3,37.7
IN,Indiana,Jennings,18079,27622,21266,9.4,77.7,56.7,8.3,15.7,12.3,11.9,36.1,6.3,40.8,21.8,27.9,19.7,26.8
MO,Missouri,Howell,29091,40735,30898,11.3,75.5,50.6,11.1,19.4,15.4,12.0,35.1,7.0,36.8,25.8,28.1,22.1,32.6
MO,Missouri,Lawrence,29109,38872,28920,12.1,75.5,57.1,10.5,18.1,15.0,11.5,34.5,6.8,40.1,24.1,26.7,20.8,33.9
VA,Virginia,Campbell,51031,55270,44734,9.1,77.3,62.2,8.5,14.8,12.4,11.3,33.5,5.8,35.6,19.1,24.4,15.8,25.2
MS,Mississippi,Panola,28107,32669,24732,13.7,80.5,7.1,15.7,30.3,23.0,15.6,44.5,7.1,46.4,28.2,20.8,20.8,38.4
MN,Minnesota,Rock,27133,9551,7310,8.5,72.4,63.7,7.8,12.6,10.3,9.2,27.9,5.4,37.0,16.4,25.5,16.0,24.5
VA,Virginia,Cumberland,51049,9878,7919,9.8,77.1,63.1,9.5,17.2,14.5,12.1,35.6,5.9,39.4,20.7,24.5,15.9,26.3
WI,Wisconsin,Crawford,55023,15944,12868,8.9,73.8,61.0,7.8,14.2,11.4,10.1,30.4,6.0,37.6,18.7,25.2,17.2,27.5
MI,Michigan,Ionia,26067,66262,52509,7.9,77.1,67.2,8.4,15.3,12.3,9.9,33.4,5.9,40.1,18.5,27.1,16.4,24.3
OK,Oklahoma,Delaware,40041,41703,33484,11.6,76.1,50.3,12.6,23.5,17.4,12.5,38.6,7.1,38.0,24.1,27.5,21.6,33.4
VA,Virginia,Russell,51167,25477,20555,10.7,75.1,56.6,9.4,17.3,12.8,11.8,35.1,6.7,39.3,22.9,28.3,19.5,28.8
NY,New York,Allegany,36003,46651,37430,6.4,78.1,61.8,8.5,15.0,13.3,9.5,32.0,5.8,36.1,17.6,22.3,15.4,24.8
MA,Massachusetts,Suffolk,25025,768425,646638,6.5,79.6,62.1,10.2,17.2,15.6,10.1,29.4,5.2,25.2,17.9,22.5,11.6,24.7
LA,Louisiana,East Baton Rouge,22033,448467,347496,7.8,81.5,59.4,11.5,21.9,17.9,13.6,40.3,5.9,36.6,21.6,25.9,15.0,24.9
IL,Illinois,Macon,17115,100591,77904,8.4,76.5,58.3,9.3,17.8,14.8,10.8,33.7,5.6,42.6,19.7,22.9,15.7,24.4
NE,Nebraska,Cass,31025,27446,21215,8.1,75.0,65.4,5.9,10.1,8.5,8.6,29.2,5.0,39.6,13.4,19.1,13.0,23.8
NC,North Carolina,Scotland,37165,34376,26528,14.6,79.0,50.5,15.7,29.4,22.4,15.2,42.6,7.5,45.5,28.2,25.0,22.0,32.7
MO,Missouri,Moniteau,29135,15256,11398,10.7,75.1,56.1,8.7,14.5,12.8,10.2,32.5,5.9,39.1,20.9,25.6,18.2,29.5
VA,Virginia,Floyd,51063,15679,12779,8.6,75.7,66.8,7.2,12.0,10.2,9.9,31.2,5.7,32.5,17.6,25.7,15.5,23.9
SC,South Carolina,Orangeburg,45075,82820,65211,15.3,81.8,54.2,14.5,31.3,23.3,15.7,42.4,6.4,43.1,26.1,22.6,17.5,32.5
ME,Maine,Waldo,23027,40620,33502,8.7,78.2,63.1,8.7,11.8,11.8,8.6,28.6,5.7,34.1,18.2,30.4,15.9,21.6
NC,North Carolina,Guilford,37081,549866,430053,10.6,79.7,60.7,9.6,17.5,15.1,11.2,35.1,5.5,38.6,18.3,24.5,13.5,23.5
GA,Georgia,Hall,13139,217267,166389,18.6,75.2,55.0,9.4,18.4,15.4,11.8,33.5,5.7,32.5,20.9,20.6,14.2,27.6
KS,Kansas,Stevens,20189,5077,3621,19.9,73.7,56.1,11.0,22.7,18.6,12.8,33.5,6.7,41.7,25.7,20.8,18.6,35.5
AR,Arkansas,St. Francis,5123,22101,17444,15.4,78.8,39.8,16.6,33.1,25.2,16.6,46.6,7.9,47.9,31.8,22.2,21.9,41.2
KS,Kansas,Doniphan,20043,7493,5905,8.8,74.6,60.0,7.0,12.1,11.1,9.4,31.3,5.6,38.0,17.0,22.4,16.0,25.7
ND,North Dakota,Emmons,38029,3224,2561,8.2,72.5,65.0,7.1,12.4,10.1,9.2,30.5,5.8,38.8,17.7,21.6,16.0,23.0
IN,Indiana,Fountain,18045,16731,13018,9.0,77.1,61.0,8.0,15.1,11.7,11.2,34.8,6.2,42.4,21.2,27.5,18.9,26.4
NM,New Mexico,Chaves,35005,63561,47930,20.7,67.5,55.4,13.2,26.3,21.1,12.9,34.3,6.5,40.3,27.2,24.2,15.5,30.4
AL,Alabama,Clay,1027,14111,11157,11.7,77.4,50.0,11.0,21.6,15.4,12.9,40.6,6.8,42.4,24.8,26.0,18.7,30.5
NC,North Carolina,McDowell,37111,44893,36301,11.8,77.0,52.8,8.8,16.0,12.4,10.3,33.6,6.2,35.0,19.9,27.4,17.3,24.6
AR,Arkansas,Crittenden,5035,47139,34414,12.7,80.2,46.2,14.8,29.6,23.7,14.8,44.7,6.9,46.8,29.2,24.4,18.8,38.0
NC,North Carolina,Warren,37185,18836,15503,13.7,79.9,50.1,14.7,28.3,21.6,14.8,41.5,7.0,44.3,26.2,24.0,19.5,31.0
NY,New York,Jefferson,36045,114787,87280,7.1,79.2,57.7,8.4,14.8,13.5,9.7,30.3,5.6,38.8,17.0,20.6,14.8,25.5
NY,New York,St. Lawrence,36089,106940,85802,6.9,79.5,57.3,9.1,15.8,13.8,10.2,33.2,6.0,42.9,18.5,24.5,16.4,27.4
WI,Wisconsin,Waukesha,55133,412591,327018,6.1,76.4,72.3,5.1,8.2,7.5,8.2,28.0,4.6,33.1,12.7,21.4,10.4,19.6
ID,Idaho,Clark,16033,801,612,20.0,71.1,57.1,11.2,21.9,17.2,11.5,31.0,6.3,36.7,23.8,21.7,14.3,29.0
MS,Mississippi,Humphreys,28053,7216,5419,16.8,82.5,5.0,23.0,43.6,32.1,20.6,52.4,8.3,53.0,36.0,19.5,24.1,46.2
VA,Virginia,Hanover,51085,114148,89709,7.1,76.4,69.5,5.9,9.6,8.8,9.3,29.8,4.8,32.7,14.4,22.9,11.9,20.1
OH,Ohio,Brown,39015,43777,33846,9.1,77.7,57.7,8.7,16.4,12.7,11.6,36.3,6.7,41.2,21.0,28.7,20.0,32.3
MO,Missouri,St. Louis,29510,281754,230905,9.1,80.3,56.5,11.6,19.7,18.2,12.7,36.6,5.8,37.0,22.1,23.9,16.6,26.9
MI,Michigan,Cass,26027,51642,41306,7.8,77.0,67.0,8.7,15.7,12.5,10.0,32.3,6.0,36.1,19.1,28.6,16.8,24.9
NE,Nebraska,Madison,31119,35627,26650,11.1,72.9,61.1,7.4,14.3,10.7,10.2,31.4,5.4,40.4,16.4,16.8,14.9,26.8
WI,Wisconsin,Dunn,55033,45794,37053,7.7,74.5,65.3,7.0,11.8,10.0,9.3,29.0,5.5,40.7,16.6,25.3,15.2,26.9
NE,Nebraska,Nuckolls,31129,4095,3260,9.0,73.4,65.2,6.5,11.8,9.3,9.0,30.6,5.3,42.4,15.3,18.8,14.5,24.9
WI,Wisconsin,Trempealeau,55121,30899,22713,9.6,74.5,65.0,7.4,13.4,11.0,9.8,29.6,5.7,41.1,17.3,24.5,16.0,27.4
NC,North Carolina,Transylvania,37175,33549,28383,8.6,78.1,67.9,6.9,11.4,9.7,8.9,32.0,5.4,34.4,15.9,27.0,13.1,19.7
AL,Alabama,Limestone,1083,114654,89453,9.6,78.0,60.2,8.2,15.4,12.1,10.9,37.3,5.6,39.0,19.3,24.2,14.0,24.5
IN,Indiana,Union,18161,6973,5517,7.6,77.6,58.9,6.7,12.0,10.0,10.1,32.7,5.5,37.4,17.9,27.0,16.2,22.5
WI,Wisconsin,Jackson,55053,20855,16438,9.6,74.3,61.3,8.5,15.5,12.4,10.6,32.1,6.2,40.2,19.8,24.8,18.1,29.5
WV,West Virginia,Greenbrier,54025,32149,25961,9.8,78.0,52.3,10.2,18.7,14.5,12.9,38.5,7.0,40.2,24.8,31.6,21.4,32.4
OK,Oklahoma,Caddo,40015,26214,20174,15.8,75.8,47.2,12.8,25.2,18.6,13.9,39.9,7.4,40.3,25.5,24.4,21.8,36.9
WI,Wisconsin,Manitowoc,55071,81331,65081,8.7,74.5,66.6,7.0,12.6,10.3,9.2,29.9,5.4,38.9,16.8,23.1,15.3,28.1
GA,Georgia,Polk,13233,44223,33130,17.1,74.9,54.1,10.9,20.5,16.6,12.5,36.0,6.4,40.3,23.7,22.9,18.0,30.6
IL,Illinois,Cass,17017,12596,9542,13.3,75.1,57.7,9.6,19.2,15.6,11.2,32.7,5.9,40.7,21.7,22.4,15.9,26.6
NV,Nevada,Mineral,32021,4528,3656,15.0,70.6,52.3,14.6,26.4,20.0,12.8,34.6,7.3,38.4,28.2,24.4,22.2,31.6
MN,Minnesota,Traverse,27155,3136,2467,9.2,71.3,65.5,8.6,14.0,11.5,9.7,29.4,5.7,39.3,17.5,25.4,16.8,25.2
MT,Montana,McCone,30055,1676,1334,9.1,67.6,64.1,7.0,10.5,9.2,7.7,28.7,5.0,32.9,16.1,24.6,13.7,20.0
MO,Missouri,Harrison,29081,8220,6218,10.5,75.6,54.1,10.0,16.8,14.0,11.3,34.2,6.6,39.7,23.0,26.9,20.7,32.3
AR,Arkansas,Faulkner,5045,129951,100739,9.3,77.5,59.3,8.6,15.3,13.0,10.9,36.0,5.9,41.1,19.9,26.3,14.6,27.1
MN,Minnesota,Crow Wing,27035,68304,54545,7.5,71.9,64.4,7.2,11.2,9.4,8.7,28.7,5.4,37.4,15.0,24.8,15.4,22.3
MS,Mississippi,Jefferson,28063,6941,5423,15.6,82.9,6.2,20.8,40.4,30.3,19.8,52.2,7.6,51.7,33.2,17.3,22.1,43.3
AK,Alaska,Copper River,2066,2674,1994,10.0,66.1,57.7,9.7,15.0,12.3,8.9,32.2,6.0,33.1,18.9,21.1,17.9,21.7
NY,New York,Monroe,36055,748482,597520,6.3,77.8,69.4,8.1,14.0,13.2,9.6,30.1,5.1,31.8,15.8,22.6,12.1,24.5
AR,Arkansas,Crawford,5033,61891,47058,12.1,76.1,54.2,9.7,18.7,14.5,10.9,37.4,6.6,38.7,23.7,27.1,17.1,29.9
CA,California,Sutter,6101,97948,73657,12.2,69.7,54.5,11.0,21.5,17.0,11.4,30.5,5.8,29.7,24.6,22.0,14.1,26.9
NC,North Carolina,Yancey,37199,18938,15582,11.1,76.7,63.6,8.3,14.9,11.6,10.0,32.9,6.1,35.6,19.3,28.3,16.6,24.0
UT,Utah,Iron,49021,64211,47127,10.1,71.7,66.8,7.9,14.1,11.3,9.7,28.4,5.6,36.9,17.9,27.2,10.8,18.9
MN,Minnesota,Becker,27005,35283,27215,8.0,73.5,66.4,8.2,13.3,10.5,8.9,30.7,5.5,37.3,16.7,25.8,16.0,22.7
AZ,Arizona,Mohave,4015,223682,187847,14.3,67.7,52.0,9.9,18.4,14.5,9.7,31.0,5.9,33.3,20.3,21.5,17.1,26.6
CA,California,Yuba,6115,85722,62561,11.0,69.8,57.0,11.0,20.3,17.0,11.0,30.5,5.9,30.9,23.7,23.6,14.5,26.1
VA,Virginia,Falls Church,51610,14685,11167,5.2,78.1,78.3,4.1,5.9,5.9,7.8,26.5,3.8,28.6,10.4,20.8,6.7,15.3
MD,Maryland,Charles,24017,171973,131229,7.9,79.9,62.6,8.8,16.7,15.6,11.8,38.5,4.7,41.3,16.8,17.9,11.3,22.6
IA,Iowa,Adams,19003,3544,2778,7.1,75.4,66.0,7.0,12.2,9.8,9.5,31.1,5.5,39.2,17.1,22.2,16.4,24.9
AL,Alabama,Barbour,1005,24585,19517,14.8,79.3,45.3,15.6,32.1,23.2,16.5,45.4,7.4,47.1,29.9,22.9,20.8,34.5
OK,Oklahoma,Tillman,40141,6869,5259,17.0,75.9,51.0,11.3,23.2,17.7,12.9,37.0,6.8,44.2,24.2,24.7,18.6,35.5
NM,New Mexico,McKinley,35031,68797,50466,15.3,65.2,46.6,24.0,43.0,30.2,17.9,36.8,8.9,41.4,35.3,25.0,27.1,31.8
KS,Kansas,Kiowa,20097,2374,1802,9.1,74.6,65.8,7.0,12.4,11.0,9.3,31.1,5.5,40.2,16.9,22.0,15.1,25.0
MI,Michigan,Bay,26017,102500,82758,7.7,76.9,70.7,8.3,15.3,12.0,9.9,31.7,5.8,37.9,18.3,28.4,16.2,24.6
IL,Illinois,Henry,17073,48448,38043,8.4,75.0,64.3,7.2,12.9,11.3,9.2,30.0,5.2,36.8,16.9,23.3,14.1,21.9
NJ,New Jersey,Camden,34007,527196,407842,12.0,76.0,61.6,8.8,17.0,14.9,9.9,30.3,4.9,29.6,17.5,18.0,13.1,25.5
OK,Oklahoma,Woods,40151,8564,6777,10.3,76.6,57.7,8.7,16.2,12.7,10.7,35.5,6.4,39.0,19.3,26.6,16.7,29.3
IA,Iowa,Cass,19029,13130,10126,8.1,75.4,61.3,8.1,14.4,11.1,10.5,32.3,6.0,41.0,19.1,22.8,18.2,26.3
CA,California,Los Angeles,6037,9663345,7710575,11.8,70.7,62.1,10.3,21.0,17.7,11.6,28.4,4.8,26.4,23.6,19.3,11.3,25.7
ND,North Dakota,Wells,38103,3876,3059,8.1,72.2,63.8,7.3,12.5,10.3,9.4,30.1,5.7,38.2,17.6,21.8,15.9,23.7
GA,Georgia,Randolph,13243,6078,4809,17.8,79.6,38.8,19.3,37.3,28.9,18.9,45.9,7.9,46.5,32.2,21.5,22.6,39.5
CT,Connecticut,Lower Connecticut River Valley,9130,176215,147247,7.1,79.7,74.6,6.8,10.4,9.9,7.3,28.4,4.6,29.8,13.2,23.8,9.8,20.5
NE,Nebraska,Hall,31079,62197,45205,16.6,72.4,59.5,8.7,18.2,13.3,10.7,30.0,5.8,41.4,19.6,16.8,14.7,30.5
VA,Virginia,Northampton,51131,12021,9854,11.1,78.0,61.6,10.5,19.2,15.8,12.9,36.3,6.0,40.1,21.7,23.0,15.3,28.2
KS,Kansas,Gove,20063,2735,2038,8.8,72.7,62.8,6.6,11.4,10.5,9.2,30.3,5.4,37.7,16.6,21.5,16.0,25.9
GA,Georgia,Wheeler,13309,7081,5935,19.2,75.8,42.7,14.1,27.3,21.2,15.1,42.5,7.5,41.6,28.1,19.1,21.6,35.0
MO,Missouri,Perry,29157,18950,14765,9.5,75.2,58.9,8.3,13.7,12.0,9.9,32.6,5.8,36.0,20.1,25.9,18.0,29.1
IL,Illinois,Marion,17121,36673,28035,8.8,75.5,57.0,9.0,16.7,13.5,10.6,32.8,6.0,39.5,20.5,24.8,17.5,25.3
OH,Ohio,Clermont,39025,211972,165743,7.5,77.0,63.4,6.8,11.7,10.2,10.4,31.7,5.6,34.4,16.4,26.7,15.7,24.1
IN,Indiana,Putnam,18133,37567,30179,8.3,77.4,61.4,7.5,13.6,11.1,11.1,34.1,5.9,39.1,19.2,26.4,17.3,24.2
NE,Nebraska,Logan,31113,655,518,7.8,73.2,66.5,5.9,10.0,8.5,8.4,29.5,5.0,36.2,13.5,18.2,13.2,23.7
NY,New York,Franklin,36033,46502,37193,7.3,76.9,58.6,9.5,17.3,14.6,10.0,31.6,6.0,40.8,18.9,22.9,16.7,27.5
OH,Ohio,Hancock,39063,74704,58554,7.8,77.3,64.1,7.0,11.9,10.4,10.7,32.4,5.6,39.6,17.1,26.0,15.0,25.7
LA,Louisiana,Union,22111,20650,16318,10.6,79.1,52.4,13.5,27.0,19.6,14.3,41.0,7.2,37.2,27.3,28.8,21.6,33.6
MI,Michigan,Mecosta,26107,41099,33152,7.7,77.7,62.8,9.5,17.2,13.2,10.4,33.4,6.5,38.3,20.7,30.1,18.1,26.4
GA,Georgia,Berrien,13019,18570,14256,16.5,75.1,52.5,12.1,22.9,17.5,13.5,37.2,7.1,38.0,25.1,23.8,21.0,32.6
MS,Mississippi,Simpson,28127,25715,19707,12.5,79.5,8.7,12.3,23.4,18.2,13.2,40.9,6.3,40.1,23.8,20.6,18.5,33.5
ID,Idaho,Bingham,16011,50395,35914,12.6,72.2,63.9,8.9,16.0,13.2,10.1,30.7,5.7,39.2,19.2,23.5,14.3,24.0
ME,Maine,Oxford,23017,59905,49429,9.6,77.8,56.0,10.0,15.1,13.9,10.1,30.4,6.3,34.6,20.1,28.2,18.0,23.3
IL,Illinois,Putnam,17155,5561,4497,8.0,75.3,64.1,6.8,12.1,10.7,8.9,29.6,5.1,36.1,16.2,23.0,13.6,20.7
VA,Virginia,York,51199,70952,54822,7.0,78.6,71.5,5.9,9.5,9.0,9.4,29.5,4.6,31.5,13.9,22.0,10.1,18.3
UT,Utah,Piute,49031,1550,1221,14.0,69.6,55.8,9.9,19.1,14.0,11.0,31.5,6.5,34.0,22.4,28.6,13.4,23.7
NE,Nebraska,Boyd,31015,1725,1404,9.3,73.0,61.9,7.4,13.5,10.3,10.0,31.6,5.8,38.7,16.5,18.2,16.3,26.9
OH,Ohio,Licking,39089,183201,141689,7.5,77.2,62.4,7.0,12.2,10.6,10.9,31.6,5.6,37.3,16.6,26.7,15.6,23.2
MO,Missouri,Daviess,29061,8551,6434,10.7,75.0,52.0,9.7,16.3,13.7,11.0,34.4,6.6,38.7,22.9,27.4,20.7,31.7
NC,North Carolina,Anson,37007,21897,17493,14.5,79.2,52.7,14.5,28.2,21.6,14.6,42.0,7.0,43.4,26.4,24.3,20.2,31.7
LA,Louisiana,Tangipahoa,22105,138064,104233,9.6,79.8,57.8,12.3,23.8,18.6,13.5,39.0,6.7,43.1,24.4,26.7,18.9,30.0
OK,Oklahoma,Osage,40113,46130,36541,10.6,77.4,54.5,10.5,19.5,15.7,11.4,39.2,6.5,46.4,20.7,25.4,18.4,30.0
MT,Montana,Garfield,30033,1211,917,9.8,68.2,59.6,8.0,12.6,10.3,8.5,28.7,5.5,30.7,17.9,26.6,15.5,22.2
WV,West Virginia,Boone,54005,20576,16396,9.7,77.5,49.3,10.1,18.6,14.5,13.1,40.4,7.0,46.2,25.9,32.9,22.4,34.5
GA,Georgia,Turner,13287,8909,6668,17.6,77.3,47.2,15.2,29.5,22.9,15.6,41.2,7.2,44.9,28.3,21.7,21.1,36.2
KS,Kansas,Morris,20127,5334,4236,9.1,74.2,59.8,7.2,12.6,11.1,9.6,31.6,5.7,36.9,17.6,21.8,16.0,27.1
ME,Maine,Knox,23013,40977,34148,8.2,77.8,67.4,7.8,10.0,10.2,8.0,27.7,5.3,28.8,15.3,27.7,14.3,19.4
IN,Indiana,Starke,18149,23206,18050,10.1,76.3,58.4,8.7,17.0,12.8,11.8,35.0,6.5,42.1,22.5,27.9,20.3,27.5
IA,Iowa,Appanoose,19007,12119,9467,8.8,75.2,62.0,9.2,17.2,12.3,11.5,35.2,6.6,43.5,21.5,23.8,20.4,29.0
ID,Idaho,Minidoka,16067,22480,16145,18.5,69.8,57.6,10.1,19.5,15.4,11.0,31.2,5.9,36.7,21.7,21.3,13.8,28.3
SC,South Carolina,Florence,45041,137214,104925,12.6,80.6,57.9,11.2,22.6,18.2,13.2,38.6,5.8,40.7,22.0,23.5,15.2,29.1
ND,North Dakota,Bottineau,38009,6349,4933,7.3,72.2,60.2,6.5,10.9,9.3,8.7,30.6,5.3,38.1,15.4,21.0,14.2,22.2
IL,Illinois,Mercer,17131,15487,12237,8.4,75.2,62.8,7.6,13.9,11.8,9.6,31.0,5.5,38.5,18.0,24.0,15.7,22.6
IN,Indiana,Elkhart,18039,206409,150600,12.9,78.0,57.3,9.3,18.2,14.8,12.2,35.7,6.2,44.1,22.3,25.7,17.4,25.9
IA,Iowa,Worth,19195,7297,5744,7.3,75.4,69.7,6.8,11.6,9.8,9.4,31.0,5.4,40.4,16.8,21.6,15.9,24.0
NE,Nebraska,Sarpy,31153,199886,148082,8.0,76.1,69.3,5.5,9.5,8.0,8.9,29.2,4.5,35.6,13.1,17.5,11.0,21.2
KS,Kansas,Greenwood,20073,5870,4610,9.9,73.0,59.1,8.1,14.6,12.4,10.2,32.7,6.2,40.7,19.1,23.1,18.1,27.1
VA,Virginia,Tazewell,51185,39120,31690,10.6,76.7,59.8,9.6,17.3,13.3,12.4,36.3,6.8,40.5,23.3,28.6,18.8,28.9
OH,Ohio,Summit,39153,535733,425767,7.6,79.1,63.6,8.0,14.4,12.3,11.4,32.9,5.5,37.5,18.2,26.8,14.9,24.9
OK,Oklahoma,Choctaw,40023,14276,10723,12.6,76.7,49.0,13.5,26.2,19.4,13.8,39.8,7.4,45.5,26.1,26.8,22.3,36.6
KS,Kansas,Comanche,20033,1655,1267,9.7,74.7,64.4,7.3,12.8,11.6,9.7,31.7,5.7,39.8,17.6,22.8,16.1,26.5
MI,Michigan,Lenawee,26091,97520,77713,8.1,75.8,66.6,8.4,15.1,12.2,10.0,32.3,5.8,40.8,18.8,29.0,16.0,25.0
NC,North Carolina,Camden,37029,11137,8653,8.6,77.7,64.2,6.6,11.0,9.8,8.8,31.0,5.0,34.4,15.3,25.6,12.8,20.1
VA,Virginia,Manassas Park,51685,16361,12682,18.1,76.1,60.1,10.2,20.7,16.7,13.9,33.6,5.7,38.0,23.4,20.1,13.5,31.0
LA,Louisiana,Franklin,22041,19285,14407,11.1,79.7,48.8,15.3,30.8,21.7,15.1,42.7,7.6,42.2,30.1,29.4,23.4,36.0
MT,Montana,Sweet Grass,30097,3763,3087,9.3,67.9,67.2,7.1,10.9,9.4,7.7,27.5,5.0,29.7,15.8,25.1,13.9,19.6
GA,Georgia,Charlton,13049,12934,10660,21.3,74.9,47.1,13.5,26.2,20.7,15.4,40.1,7.3,41.4,27.8,20.2,20.1,33.9
ND,North Dakota,Cavalier,38019,3596,2772,7.1,73.5,64.1,6.0,9.8,8.8,8.2,30.0,5.2,40.1,14.9,21.3,13.4,21.0
KS,Kansas,Pratt,20151,9082,6929,9.8,74.7,62.1,7.3,13.1,11.7,9.9,30.9,5.7,37.6,17.7,22.0,16.0,27.1
IN,Indiana,Miami,18103,35402,28092,10.1,77.6,55.3,9.0,17.2,13.2,12.5,36.2,6.7,44.2,22.6,26.8,19.5,27.2
NE,Nebraska,Polk,31143,5228,4066,9.8,70.6,59.7,6.5,11.5,9.5,8.9,29.6,5.2,40.6,14.9,18.0,14.2,26.1
MO,Missouri,Cole,29051,77278,60406,7.9,77.3,63.7,7.5,11.7,11.2,9.4,33.2,5.2,36.7,17.4,23.9,14.2,26.3
MI,Michigan,Clinton,26037,79720,62943,6.1,78.5,74.0,6.8,11.8,9.9,8.6,29.3,5.2,35.0,15.3,28.1,13.0,20.6
IL,Illinois,DuPage,17043,921213,719635,7.6,76.5,70.1,6.1,11.2,9.8,8.5,27.1,4.3,29.1,13.5,17.9,9.5,18.2
NV,Nevada,White Pine,32033,8522,6803,13.8,69.6,56.4,10.3,18.0,15.0,10.2,31.1,6.1,34.4,22.6,22.5,17.8,25.3
GA,Georgia,Cook,13075,17714,13235,16.8,76.4,50.6,13.4,25.8,20.1,14.4,39.0,7.0,37.6,26.4,22.9,20.1,31.5
OK,Oklahoma,McClain,40087,47072,35436,10.1,76.1,59.5,7.9,14.7,12.0,9.8,35.5,5.8,38.1,17.8,25.8,15.2,27.8
GA,Georgia,Seminole,13253,9092,7325,14.2,77.4,52.7,12.1,23.1,19.1,13.4,38.7,6.4,40.0,23.8,21.2,17.9,30.7
LA,Louisiana,Livingston,22063,150145,111845,8.5,80.5,59.1,9.1,18.7,14.0,11.7,38.3,6.1,38.6,21.2,29.9,17.0,26.9
NV,Nevada,Eureka,32011,1917,1480,13.3,70.2,57.4,12.7,22.7,17.2,12.3,34.4,7.5,37.7,26.3,25.0,21.3,29.4
GA,Georgia,Dawson,13085,31732,25312,11.4,75.8,65.8,6.9,11.8,10.5,9.6,31.1,5.2,31.5,16.5,21.8,12.9,22.4
VA,Virginia,Southampton,51175,17975,14690,9.4,77.8,65.2,9.0,16.0,14.0,12.1,35.8,5.7,37.9,19.6,23.2,15.2,25.1
NE,Nebraska,Deuel,31049,1871,1493,10.2,73.1,63.0,7.3,13.5,10.5,9.7,30.9,5.6,39.8,16.2,19.1,15.0,26.3
NE,Nebraska,Hayes,31085,846,629,10.4,72.6,59.6,7.3,13.6,10.7,9.9,30.4,5.7,41.8,16.7,18.8,15.4,28.0
NC,North Carolina,Orange,37135,150626,122940,7.9,78.6,71.2,6.3,10.4,9.0,9.0,29.8,4.8,29.5,13.8,24.4,10.3,18.4
ND,North Dakota,Sheridan,38083,1266,1018,8.2,72.1,62.2,7.1,12.0,10.1,9.0,30.8,5.6,37.6,17.1,22.5,15.7,23.6
OK,Oklahoma,Cotton,40033,5427,4179,12.0,76.0,51.5,10.7,20.8,15.4,12.1,37.7,6.9,42.9,22.6,27.1,19.6,33.0
WV,West Virginia,Wayne,54099,37686,30122,9.5,78.4,49.5,10.1,18.2,14.4,13.1,39.4,7.0,42.6,25.7,33.3,22.3,33.3
MA,Massachusetts,Barnstable,25001,231735,199941,4.1,80.0,73.3,6.4,9.8,9.7,7.1,27.5,4.7,26.8,13.4,25.3,11.4,16.5
IA,Iowa,Floyd,19067,15326,11807,7.8,74.4,65.2,7.5,13.2,10.7,9.8,31.0,5.7,40.0,17.6,21.9,16.9,25.4
AR,Arkansas,Pike,5109,10208,7916,12.0,76.4,51.9,10.1,19.2,15.0,11.4,38.0,6.8,38.2,24.4,27.1,17.9,32.4
MS,Mississippi,Yalobusha,28161,12386,9781,13.9,79.2,7.6,14.9,29.1,21.5,15.0,44.1,7.1,40.1,27.6,20.7,21.3,37.7
AL,Alabama,Hale,1065,14888,11246,12.8,80.4,49.1,15.5,31.6,23.4,16.3,46.0,6.9,47.8,28.9,22.3,19.5,34.4
AL,Alabama,Houston,1069,108462,83709,10.8,79.4,53.0,11.1,21.5,16.4,13.1,39.8,6.3,40.5,23.6,25.8,16.3,27.7
MI,Michigan,Kent,26081,661354,507844,7.4,78.4,68.9,7.7,13.9,11.5,9.6,30.8,5.2,34.9,16.5,27.7,13.2,21.4
AR,Arkansas,Lafayette,5073,6095,4961,15.1,77.4,42.3,15.8,31.5,23.5,15.3,43.9,7.9,46.3,32.2,26.0,22.6,40.4
WI,Wisconsin,La Crosse,55063,120486,97393,6.8,77.4,68.3,6.5,10.8,9.3,9.3,28.4,5.3,39.0,16.1,25.4,13.8,25.0
NE,Nebraska,Wheeler,31183,775,603,8.0,73.3,61.6,6.1,10.4,8.6,8.9,29.9,5.2,38.3,14.0,17.9,13.5,23.5
VA,Virginia,Petersburg,51730,33309,25028,12.0,81.6,56.7,15.3,29.5,23.9,17.0,43.4,6.3,46.6,27.1,21.4,17.3,33.2
MO,Missouri,Marion,29127,28336,21790,9.2,76.3,56.4,8.9,14.5,12.8,10.6,33.7,5.9,39.8,20.6,26.1,17.8,30.0
NC,North Carolina,Gaston,37071,237242,184354,11.4,78.2,61.0,9.1,16.7,14.0,10.7,33.7,5.7,35.9,19.3,25.9,15.0,24.4
AL,Alabama,Marengo,1091,18684,14502,12.1,80.6,49.8,14.2,28.9,21.2,16.1,45.7,6.8,43.2,27.3,23.5,18.0,32.7
IA,Iowa,Mitchell,19131,10518,8004,7.3,75.0,64.3,6.9,11.8,9.7,9.3,31.0,5.5,40.4,16.6,21.0,16.0,24.3
AR,Arkansas,Nevada,5099,8120,6347,13.3,77.8,47.1,14.0,27.6,21.3,14.2,43.7,7.4,44.1,29.0,25.8,21.1,38.3
IN,Indiana,Lawrence,18093,45084,35554,8.4,77.4,58.3,7.5,13.5,10.7,11.0,34.2,6.0,41.8,19.9,26.1,17.3,25.1
AL,Alabama,Washington,1129,15022,11806,10.2,78.0,49.9,11.3,22.3,16.4,13.3,40.8,6.4,41.0,24.2,25.5,17.9,29.9
ND,North Dakota,Ransom,38073,5603,4390,8.1,73.0,64.3,6.8,11.8,9.8,9.4,30.4,5.6,38.2,16.9,21.4,15.4,23.0
MI,Michigan,Otsego,26137,25747,20430,6.6,77.9,62.4,7.6,13.4,10.9,9.4,31.5,5.7,37.9,17.5,29.0,15.5,23.9
MO,Missouri,Wayne,29223,10811,8628,12.4,74.4,53.4,12.1,21.4,16.7,12.6,36.4,7.5,41.3,27.1,28.1,24.7,36.0
ID,Idaho,Franklin,16041,15494,10847,10.3,70.6,61.7,7.4,12.7,10.8,8.5,28.7,5.4,35.9,17.1,23.3,13.2,22.1
AR,Arkansas,Stone,5137,12671,10181,12.2,75.8,47.4,11.1,21.4,15.7,12.0,37.7,7.5,40.1,26.8,28.0,20.9,34.4
IL,Illinois,Wabash,17185,10942,8679,8.3,75.3,59.1,8.5,15.5,12.6,10.4,32.2,5.9,40.2,19.4,24.4,16.6,23.9
WI,Wisconsin,Vilas,55125,23885,20060,7.3,73.7,63.9,7.2,12.4,10.3,8.9,29.6,5.5,38.3,16.1,25.4,15.0,25.3
AL,Alabama,Conecuh,1035,11174,8894,13.6,79.5,48.7,16.2,32.8,23.5,16.8,46.5,7.6,46.8,30.6,24.1,21.5,36.6
GA,Georgia,Fayette,13113,123351,95974,9.7,78.1,67.1,6.7,11.4,11.0,10.0,31.2,4.5,30.6,14.4,18.7,9.8,19.9
VA,Virginia,Pulaski,51155,33655,27735,9.0,76.4,63.3,7.9,13.8,11.3,10.8,32.4,6.0,35.5,18.7,25.6,16.2,25.8
MN,Minnesota,Pipestone,27117,9245,6729,9.6,72.3,64.1,8.8,14.6,11.6,10.0,29.9,5.7,38.9,17.9,25.8,17.2,26.0
AR,Arkansas,Lawrence,5075,16318,12703,12.1,76.2,47.1,10.9,20.6,15.6,12.0,39.1,7.3,44.1,26.5,28.5,20.6,34.8
MT,Montana,Missoula,30063,121849,100124,8.5,70.0,65.6,6.9,10.1,9.0,7.9,25.4,4.8,26.9,15.3,26.7,12.1,16.5
IN,Indiana,Huntington,18069,36781,28842,8.3,78.3,62.4,7.4,13.9,10.7,11.1,36.2,5.9,40.0,19.6,26.8,17.1,24.0
IL,Illinois,Brown,17009,6294,5228,12.0,75.0,54.1,10.3,19.9,16.3,11.4,35.9,6.2,41.6,22.2,20.5,18.0,26.3
ID,Idaho,Lincoln,16063,5450,4062,17.7,70.8,58.3,9.8,18.4,15.0,10.4,29.8,6.0,34.2,21.6,22.0,14.3,27.5
LA,Louisiana,Rapides,22079,126260,94760,9.1,80.3,54.2,12.2,24.0,18.3,13.4,39.9,6.5,40.7,25.3,28.2,19.1,30.3
IA,Iowa,Des Moines,19057,38253,29795,7.8,76.8,65.2,7.7,14.0,11.3,9.8,29.8,5.5,34.8,17.9,22.5,16.5,26.5
ID,Idaho,Bonneville,16019,131366,92871,10.7,74.0,67.6,7.6,12.8,11.0,8.9,28.7,5.3,33.5,16.9,25.5,11.6,21.2
KS,Kansas,Cloud,20029,8854,6762,9.1,73.9,61.4,7.6,13.2,11.8,10.0,33.3,5.8,42.1,17.9,23.1,16.8,27.4
KS,Kansas,Scott,20171,4922,3638,11.6,74.1,57.4,7.0,12.7,11.5,9.5,30.1,5.4,38.6,17.0,20.0,13.8,25.2
AR,Arkansas,Searcy,5129,7806,6215,13.0,75.6,47.0,11.7,22.2,16.2,12.5,39.4,7.8,39.7,27.9,28.5,21.7,35.3
NY,New York,Broome,36007,196077,158802,6.7,79.4,60.9,9.0,15.8,14.1,9.5,31.7,5.7,34.8,17.3,21.6,14.6,23.8
WI,Wisconsin,Green,55045,36951,29103,7.7,74.2,65.8,6.3,10.7,9.3,8.7,29.6,5.2,39.9,15.7,24.5,13.8,24.7
GA,Georgia,Colquitt,13071,46167,34375,20.6,76.2,47.0,13.4,26.5,21.0,14.8,39.8,6.9,35.8,27.3,22.1,19.4,34.2
IL,Illinois,Whiteside,17195,54498,42573,10.1,75.0,62.1,8.1,15.3,13.0,10.2,30.8,5.5,36.4,19.0,22.9,15.1,23.7
CA,California,Calaveras,6009,46565,38409,7.9,70.4,63.0,8.8,14.9,13.3,9.1,28.2,5.5,29.8,20.1,25.6,13.9,22.2
NC,North Carolina,Craven,37049,102391,80675,10.5,78.8,59.3,8.9,15.9,13.1,10.5,34.9,5.7,37.5,18.9,25.3,14.8,23.6
GA,Georgia,Brooks,13027,16245,12902,17.5,77.6,46.4,14.6,28.4,22.0,15.7,40.7,7.2,40.2,27.9,21.5,20.3,34.4
OH,Ohio,Ashtabula,39007,96845,75784,10.6,75.5,56.0,9.9,18.7,14.5,13.0,35.9,7.1,45.7,22.9,29.0,20.5,32.7
VA,Virginia,Greene,51079,21301,16419,9.5,76.3,65.7,7.7,13.3,11.3,10.4,32.4,5.5,37.5,18.2,24.8,14.3,24.5
VA,Virginia,Newport News,51700,183118,140716,10.3,79.3,61.3,10.3,19.1,16.2,13.3,37.6,5.7,41.5,21.2,22.2,14.7,28.3
IN,Indiana,Howard,18067,83831,64586,8.7,77.5,60.1,8.4,15.6,12.5,11.8,35.0,6.0,36.8,21.0,26.5,18.6,26.4
NY,New York,Tompkins,36109,103558,89113,4.9,77.0,63.0,6.7,11.2,10.4,8.2,27.9,4.8,27.6,14.0,22.6,10.8,19.0
AL,Alabama,Dale,1045,49871,38227,11.8,78.2,54.6,11.6,22.2,16.4,13.7,40.5,6.6,41.5,25.0,25.5,18.0,30.6
MT,Montana,Gallatin,30031,126409,102868,8.2,69.0,66.8,6.2,8.6,7.5,7.2,25.2,4.6,24.0,13.5,22.4,10.4,14.5
NJ,New Jersey,Hudson,34017,705472,568317,14.5,76.2,59.9,8.8,18.2,14.5,10.8,29.2,4.8,27.8,18.7,14.0,10.4,28.1
MN,Minnesota,Steele,27147,37421,28437,8.7,71.5,67.8,7.5,12.4,10.4,9.0,28.5,5.2,37.6,15.8,24.2,14.6,23.0
AL,Alabama,Madison,1089,412600,324132,8.3,79.3,62.4,7.8,13.7,11.4,10.9,36.2,5.2,40.1,17.3,22.0,12.0,22.2
UT,Utah,Millard,49027,13437,9330,12.0,71.6,60.7,8.1,15.0,11.9,10.1,29.9,5.7,34.5,19.2,26.4,11.2,22.5
UT,Utah,Juab,49023,13023,8695,9.7,69.2,70.0,7.0,12.7,10.2,8.9,28.5,5.3,32.9,16.8,26.4,10.6,18.8
IA,Iowa,Jones,19105,20900,16705,7.4,75.8,66.4,7.1,12.4,10.1,9.4,30.6,5.5,39.6,16.8,21.0,16.4,24.0
LA,Louisiana,Caldwell,22021,9389,7310,11.0,78.6,50.9,13.5,27.0,19.3,14.2,41.0,7.7,38.8,28.3,30.1,23.6,34.3
VA,Virginia,Fairfax,51059,1141878,884086,7.6,76.5,74.1,5.5,9.4,8.3,9.5,27.2,4.4,23.8,13.3,18.8,8.0,18.9
OK,Oklahoma,Okmulgee,40111,37035,28317,11.5,76.6,52.0,12.1,22.9,17.5,13.2,39.8,7.0,45.3,24.2,26.7,20.8,36.0
IN,Indiana,Spencer,18147,19910,15626,7.8,77.8,61.8,6.8,12.1,10.1,10.4,34.4,5.7,39.5,18.1,27.3,16.2,22.4
MT,Montana,Hill,30041,16276,11705,11.7,70.0,59.5,11.7,19.0,14.3,10.9,33.8,6.4,39.0,22.7,26.8,18.9,24.8
WI,Wisconsin,Marquette,55077,15838,12855,9.4,74.6,59.1,7.9,14.3,11.7,10.1,30.8,6.0,43.0,19.3,25.7,17.4,29.8
NV,Nevada,Elko,32007,54293,40093,14.2,70.4,59.4,10.1,17.5,14.9,10.4,30.8,5.9,37.6,21.7,21.6,16.9,25.6
MT,Montana,Valley,30105,7474,5820,9.9,68.8,62.3,8.7,13.6,11.2,8.6,31.4,5.5,33.2,18.4,25.3,15.1,22.3
WI,Wisconsin,Langlade,55067,19404,15739,9.4,73.8,64.6,8.1,14.5,11.4,10.0,30.3,6.0,37.1,19.2,23.9,17.9,30.1
NC,North Carolina,Graham,37075,8052,6517,10.6,76.4,60.3,8.4,14.6,11.8,9.8,32.8,5.9,35.5,18.8,27.5,16.6,23.6
ND,North Dakota,McHenry,38049,5131,3898,8.1,72.4,64.0,6.8,11.5,9.8,8.9,31.1,5.6,41.7,16.6,21.4,15.5,24.2
MN,Minnesota,Stearns,27145,160977,123090,8.2,73.3,66.7,8.1,13.6,11.5,9.4,28.7,5.4,37.4,16.4,25.5,15.1,23.0
IN,Indiana,Lake,18089,500598,385370,11.1,77.6,57.4,9.8,20.4,15.3,12.9,34.9,5.8,39.9,22.4,21.0,17.2,26.9
IA,Iowa,Story,19169,98566,82292,6.3,76.4,69.0,6.8,11.4,9.4,9.8,31.0,5.4,35.0,15.9,20.9,13.8,22.2
IA,Iowa,Fremont,19071,6458,5059,7.1,75.1,69.3,6.8,11.7,9.7,9.3,30.6,5.4,40.0,16.9,21.9,15.9,23.4
ID,Idaho,Idaho,16049,17890,14280,10.5,69.9,58.6,8.1,13.6,11.4,8.8,28.3,5.7,32.1,17.9,23.2,14.0,22.4
IN,Indiana,Crawford,18025,10438,8319,11.1,76.8,53.4,10.8,21.3,15.0,13.5,37.9,7.6,43.0,26.4,28.9,23.7,30.9
ID,Idaho,Jerome,16053,25479,17979,20.9,70.8,57.7,11.4,22.4,17.6,11.7,31.3,6.5,35.8,24.4,21.8,15.7,29.9
MO,Missouri,Johnson,29101,54962,42654,8.7,77.1,61.4,8.5,13.3,12.2,10.3,32.0,5.8,37.5,19.1,26.4,16.9,27.2
UT,Utah,Weber,49057,271926,201028,11.2,73.2,70.5,6.9,13.8,11.0,8.9,29.5,5.0,34.8,16.8,28.0,9.2,20.5
KS,Kansas,Norton,20137,5330,4310,11.0,73.7,60.6,8.3,15.0,12.8,10.8,33.4,6.4,42.9,19.7,21.3,17.8,28.6
MS,Mississippi,Adams,28001,28746,22919,16.0,80.6,7.1,16.9,32.9,24.6,16.8,45.8,7.3,41.5,29.3,18.2,20.7,39.8
AL,Alabama,Sumter,1119,11727,9434,11.8,82.3,45.3,16.8,34.1,25.7,18.2,49.1,7.1,50.0,29.4,21.9,18.8,35.7
AR,Arkansas,Calhoun,5013,4641,3792,10.9,77.1,49.8,9.7,18.2,15.0,11.3,38.5,6.1,39.1,22.5,24.6,16.6,31.5
NJ,New Jersey,Union,34039,572726,439083,15.7,75.3,64.7,8.9,17.7,16.1,10.2,30.8,4.8,29.4,17.9,14.7,11.3,24.8
NE,Nebraska,Hooker,31091,679,529,8.8,72.8,61.8,6.9,12.5,9.7,9.4,30.6,5.5,40.3,15.9,19.2,15.6,26.0
NC,North Carolina,Pitt,37147,175119,137875,10.5,79.4,62.9,10.4,18.9,16.0,12.0,35.5,5.8,40.8,19.7,25.0,15.0,25.9
MO,Missouri,Franklin,29071,106404,82845,8.5,76.1,61.2,7.7,12.0,11.2,9.7,31.9,5.6,39.3,18.9,26.8,16.6,27.7
LA,Louisiana,Calcasieu,22019,203761,153336,8.6,79.8,58.6,10.7,20.5,15.7,12.5,39.0,6.2,42.9,22.7,28.1,17.3,32.0
CA,California,Lassen,6035,28861,23438,11.9,68.6,56.5,11.0,19.9,16.7,10.6,31.5,6.2,34.3,24.6,23.1,16.2,25.6
MI,Michigan,Emmet,26047,34123,28041,5.6,77.9,73.0,6.6,10.9,9.5,8.5,30.1,5.2,32.7,15.0,27.2,13.3,19.5
MA,Massachusetts,Hampshire,25015,162502,139946,4.5,79.8,69.5,7.4,10.7,10.3,7.8,25.9,4.9,24.4,14.1,27.8,11.4,17.7
GA,Georgia,Wilkes,13317,9518,7557,16.2,77.4,50.5,12.9,25.1,20.3,14.4,39.5,6.4,40.9,25.3,20.7,18.6,32.9
MO,Missouri,Audrain,29007,24394,18823,10.4,76.5,49.5,10.5,17.8,15.0,11.6,34.6,6.5,39.9,23.6,27.1,20.6,33.2
VA,Virginia,Arlington,51013,234162,192107,6.2,77.5,72.5,4.7,7.1,6.9,8.5,27.2,4.1,25.2,11.7,20.6,7.0,15.1
OK,Oklahoma,Alfalfa,40003,5673,4620,11.6,75.1,59.0,8.7,16.4,13.0,11.1,37.0,6.6,39.6,19.9,23.9,17.4,29.9
AL,Alabama,Etowah,1055,103241,80652,11.3,77.7,54.1,10.7,20.8,15.4,13.4,40.9,6.6,43.6,24.9,26.1,18.1,31.7
GA,Georgia,Chatham,13051,303655,241631,12.5,78.9,61.1,10.0,18.1,15.8,12.1,37.0,5.4,33.4,18.6,19.2,13.7,24.8
IL,Illinois,Kane,17089,514982,394457,12.1,74.4,65.2,7.6,14.8,13.3,10.1,27.5,4.9,34.9,17.3,19.0,11.0,22.5
MS,Mississippi,Holmes,28051,15777,11936,16.1,83.1,5.4,22.5,43.0,32.5,21.0,53.1,8.0,51.5,34.8,18.3,23.5,44.4
OK,Oklahoma,Harmon,40057,2392,1769,17.7,76.6,53.3,12.5,25.9,19.6,13.8,38.5,7.0,42.7,25.8,24.4,18.3,37.7
AK,Alaska,Bristol Bay,2060,844,663,9.8,64.8,58.1,9.7,14.4,12.8,9.1,31.2,5.9,34.5,17.9,19.8,16.7,20.7
GA,Georgia,Bacon,13005,11124,8340,16.1,75.4,50.4,11.5,21.7,17.4,13.0,36.9,6.6,36.9,23.9,22.7,19.2,31.6
LA,Louisiana,Jackson,22049,14746,11654,10.3,79.7,49.5,13.3,26.7,19.4,14.4,42.0,7.2,45.1,27.3,27.9,21.3,35.0
MO,Missouri,Cass,29037,111732,85880,8.4,76.1,63.7,7.2,11.3,11.1,9.5,30.9,5.1,37.8,17.2,24.9,15.1,25.0
AL,Alabama,Clarke,1025,22337,17444,11.6,79.9,50.1,13.3,27.4,20.3,14.9,43.5,6.5,44.2,26.7,23.9,18.3,32.5
OK,Oklahoma,Pittsburg,40121,43479,33556,11.7,76.6,51.1,11.1,21.2,15.8,11.8,38.3,6.9,40.3,22.4,26.1,19.8,32.1
NJ,New Jersey,Mercer,34021,381671,298044,11.9,77.1,64.9,8.1,15.8,14.3,9.8,28.4,4.7,25.5,16.7,15.1,10.7,23.9
WV,West Virginia,Monongalia,54061,107718,90427,7.2,78.2,58.9,8.1,13.2,11.4,12.1,35.1,6.1,34.2,19.5,28.7,15.6,24.3
NE,Nebraska,Cedar,31027,8262,6180,8.1,71.8,64.7,6.0,10.4,8.6,8.4,28.3,5.1,40.5,14.0,17.4,13.2,23.3
GA,Georgia,Floyd,13115,100113,77443,15.3,76.1,52.5,10.1,19.2,15.6,12.6,35.9,6.1,37.7,21.8,22.8,16.5,28.1
KS,Kansas,Kearny,20093,3823,2692,16.9,72.0,54.1,9.0,17.9,15.5,11.2,30.9,5.8,37.9,21.2,19.6,16.1,31.1
WI,Wisconsin,Winnebago,55139,171735,137307,8.0,76.6,67.3,6.9,11.6,10.4,9.9,29.8,5.4,40.6,16.7,23.9,14.8,27.1
AL,Alabama,Pike,1109,33137,26665,10.7,79.7,55.2,12.6,24.8,18.5,14.6,42.6,6.6,43.3,24.7,24.6,17.2,29.2
ID,Idaho,Elmore,16039,29724,22520,13.6,70.1,59.5,9.3,16.8,13.4,10.2,31.3,5.9,35.1,20.0,22.8,14.6,24.6
ND,North Dakota,Renville,38075,2279,1757,7.5,71.7,63.1,6.2,10.6,9.1,8.5,29.8,5.3,38.7,15.2,21.1,14.4,22.7
SC,South Carolina,Calhoun,45017,14186,11559,12.5,79.9,56.4,10.2,21.2,16.8,12.9,37.1,5.6,40.7,20.5,22.9,14.7,26.7
NE,Nebraska,Keya Paha,31103,805,656,9.4,72.4,62.8,7.2,12.9,10.0,9.7,30.7,5.8,38.0,16.1,18.5,15.7,26.4
CT,Connecticut,Northeastern Connecticut,9150,96692,79116,8.1,77.7,69.7,7.6,12.5,11.0,8.0,29.6,5.1,32.4,15.6,24.8,12.5,23.4
WI,Wisconsin,Bayfield,55007,16769,14035,7.1,74.4,67.2,7.1,11.5,10.0,9.2,29.9,5.5,38.9,16.2,25.9,14.0,24.1
VA,Virginia,Prince Edward,51147,22049,18532,10.9,77.7,58.0,11.5,21.0,17.3,14.3,38.4,6.5,41.3,23.5,25.0,17.4,29.3
MI,Michigan,Kalamazoo,26077,262215,206827,6.5,78.5,68.8,8.0,14.6,11.6,9.4,30.9,5.4,38.9,16.7,29.1,14.0,23.0
MN,Minnesota,Otter Tail,27111,60626,47492,8.1,71.2,60.3,7.6,12.2,10.1,8.7,25.6,5.3,34.4,16.0,25.4,15.9,23.5
WI,Wisconsin,Kenosha,55059,167488,131659,9.9,75.1,61.4,7.5,13.4,11.9,10.0,30.6,5.5,40.1,17.7,24.7,14.7,26.7
MI,Michigan,Van Buren,26159,75798,58504,9.3,77.5,61.7,9.3,17.5,13.7,10.8,32.7,6.1,39.2,20.4,28.6,16.6,26.6
IL,Illinois,Coles,17029,46060,37579,8.5,75.8,59.3,8.7,16.1,13.1,10.4,32.2,5.9,39.4,19.5,24.6,16.2,24.0
IN,Indiana,Wayne,18177,66127,51199,9.4,77.7,54.7,9.1,17.6,13.4,12.1,35.9,6.5,38.2,22.4,28.4,19.8,27.3
AR,Arkansas,Izard,5065,14169,11629,12.6,75.6,50.2,11.1,21.3,15.7,12.0,39.5,7.6,41.4,27.0,27.5,20.5,34.4
IN,Indiana,Dearborn,18029,51215,40242,7.5,77.8,66.0,6.5,11.5,9.5,9.9,32.8,5.5,35.4,17.9,26.4,16.5,22.5
NY,New York,Orange,36071,407470,303262,9.0,78.3,65.7,9.1,16.9,15.9,10.1,29.6,5.2,32.4,17.8,18.2,12.2,25.6
GA,Georgia,Paulding,13223,183164,136998,11.8,77.2,60.1,8.0,14.4,13.3,10.9,33.9,4.9,37.7,17.2,20.5,12.4,22.8
MT,Montana,Phillips,30071,4249,3245,10.0,68.4,60.9,8.9,13.7,11.5,8.8,28.1,5.6,39.0,18.3,26.0,15.8,22.7
VA,Virginia,Manassas,51683,42696,31215,15.5,75.9,67.3,8.4,16.1,13.9,11.8,30.9,5.1,35.3,19.8,19.8,11.7,26.4
WV,West Virginia,Fayette,54019,39072,31056,9.6,77.0,48.7,10.5,18.8,15.2,13.8,38.3,7.1,40.3,26.7,33.2,22.2,33.4
NE,Nebraska,Saunders,31155,23463,17644,7.7,73.0,67.7,5.7,9.8,8.1,8.4,29.6,4.9,38.9,13.1,17.4,12.9,22.1
MI,Michigan,Baraga,26013,8310,6876,8.3,77.0,63.9,11.1,20.2,15.7,11.6,35.0,6.7,40.7,22.0,27.6,19.4,26.9
ND,North Dakota,Bowman,38011,2867,2165,8.3,71.6,61.4,6.5,11.1,9.4,8.5,29.0,5.2,36.7,15.9,21.0,14.5,22.2
MN,Minnesota,Cottonwood,27033,11319,8460,10.7,71.7,60.7,9.1,15.6,12.2,10.2,30.1,5.8,39.8,18.6,25.1,16.7,27.6
AL,Alabama,Monroe,1099,19229,15175,12.8,79.6,48.7,14.6,29.6,21.5,15.6,44.7,7.1,43.9,28.7,24.2,20.4,34.7
GA,Georgia,Jackson,13157,88615,66464,13.3,75.9,57.7,8.0,14.6,12.5,10.4,32.3,5.4,32.5,18.1,20.9,14.4,25.0
OH,Ohio,Champaign,39021,38845,30357,8.0,76.7,62.3,7.2,12.6,10.7,10.2,32.7,5.8,43.0,17.4,26.8,16.8,25.9
OK,Oklahoma,Jefferson,40067,5347,4030,13.7,75.7,50.5,11.7,23.4,16.8,12.8,38.8,7.5,41.2,25.0,27.0,21.4,36.1
NV,Nevada,Carson City,32510,58036,46575,13.5,69.7,58.3,9.4,16.4,14.2,9.9,29.5,5.5,33.1,20.9,22.2,14.7,23.6
CA,California,Stanislaus,6099,551430,405599,14.2,70.3,59.5,11.4,21.4,18.4,11.2,30.6,5.8,36.6,25.2,21.0,13.6,30.1
NC,North Carolina,Avery,37011,17561,15011,11.5,76.5,60.9,8.5,15.1,12.0,10.2,33.8,6.3,37.4,19.5,26.4,16.5,23.8
KS,Kansas,Franklin,20059,26125,20176,9.2,73.9,65.2,7.2,12.5,11.1,9.6,31.9,5.7,40.3,17.8,22.1,16.5,26.2
IA,Iowa,Carroll,19027,20522,15519,7.3,75.6,65.7,7.0,12.1,9.8,9.3,30.8,5.4,40.0,16.8,21.2,15.9,25.2
AR,Arkansas,Union,5139,37397,28421,11.9,78.3,53.8,12.0,23.6,18.6,13.0,41.0,6.7,39.4,26.0,24.7,18.1,34.5
MI,Michigan,Gladwin,26051,25853,20920,7.9,77.2,65.1,9.2,17.2,13.0,10.4,33.4,6.5,40.3,20.6,29.6,18.8,26.3
IN,Indiana,Boone,18011,76120,56880,6.1,79.3,65.1,5.3,9.1,7.9,9.3,30.5,4.7,32.4,14.4,22.1,11.4,18.3
WI,Wisconsin,Oneida,55085,38226,31953,7.3,74.8,66.3,6.5,11.0,9.6,9.3,29.1,5.4,34.9,15.9,26.1,14.6,23.9
MS,Mississippi,Scott,28123,27507,19774,17.2,79.0,6.9,15.8,30.7,23.0,15.8,42.8,7.3,43.2,28.7,20.6,20.7,39.8
KS,Kansas,Marion,20115,11690,9217,9.1,73.3,65.5,7.1,12.4,11.0,9.5,31.2,5.7,39.7,17.1,22.4,16.2,26.1
MT,Montana,Powell,30077,7133,6094,11.6,67.2,56.5,8.8,14.0,11.2,9.2,30.2,6.0,35.6,19.4,23.0,17.1,23.7
MA,Massachusetts,Franklin,25011,70836,59245,5.0,78.5,72.3,7.7,12.0,11.1,8.1,29.1,5.2,26.1,15.7,27.1,13.1,20.4
OK,Oklahoma,Comanche,40031,121574,92715,12.1,78.0,54.4,10.7,21.4,16.6,12.7,37.7,6.4,43.7,22.1,25.0,18.3,33.4
SC,South Carolina,Saluda,45081,19123,14912,17.4,77.9,57.2,10.9,23.0,17.7,13.3,35.8,6.2,43.5,23.6,22.5,16.1,30.4
SC,South Carolina,Aiken,45003,177130,139026,12.3,79.1,59.1,9.0,17.5,14.2,11.3,33.5,5.4,34.5,19.1,23.8,13.8,25.1
MN,Minnesota,Lincoln,27081,5521,4227,8.2,72.7,63.1,7.6,12.2,10.0,8.9,28.2,5.3,36.9,16.0,25.2,15.7,23.8
NE,Nebraska,Cuming,31039,8918,6695,10.8,73.2,61.4,7.0,13.3,10.6,9.5,30.9,5.4,41.2,16.0,18.0,14.2,26.5
GA,Georgia,Webster,13307,2337,1938,15.7,78.1,48.8,14.4,27.6,22.2,15.5,41.4,7.0,42.5,26.7,21.3,19.6,33.4
AK,Alaska,Nome,2180,9763,6487,13.5,65.3,39.4,18.6,31.8,22.8,13.7,35.5,7.9,38.8,28.7,20.1,28.7,30.3
AR,Arkansas,Monroe,5095,6512,4982,13.3,78.3,45.9,14.1,27.5,21.6,14.3,43.8,7.1,43.7,28.9,24.8,20.0,36.8
IL,Illinois,Pope,17151,3707,3288,8.2,75.4,59.5,8.0,14.5,12.2,9.8,31.5,5.6,39.6,18.4,24.1,15.8,22.9
IN,Indiana,Pulaski,18131,12385,9679,9.5,76.9,57.2,8.1,15.4,12.0,11.4,35.1,6.3,38.7,21.4,27.1,18.8,26.6
KS,Kansas,Sheridan,20179,2423,1821,8.3,74.2,68.4,6.3,10.7,10.1,8.9,29.7,5.3,34.8,15.8,21.8,14.7,24.2
IL,Illinois,Carroll,17015,15526,12708,9.7,74.8,62.6,8.3,15.6,13.0,10.3,32.6,5.8,39.3,19.3,22.6,16.2,23.9
ME,Maine,York,23031,218586,180518,7.7,77.8,65.5,7.5,9.7,10.0,8.0,29.2,5.3,32.9,16.2,26.8,13.7,19.7
SC,South Carolina,Lancaster,45057,108215,84913,11.8,78.6,62.7,8.4,16.8,13.5,11.3,31.5,5.3,35.8,18.2,23.2,12.8,24.8
OH,Ohio,Henry,39069,27520,21192,8.9,77.1,60.7,7.4,13.1,11.4,10.5,32.6,5.8,38.5,17.8,26.1,16.1,26.4
SC,South Carolina,Union,45087,26629,21101,15.6,78.4,50.8,13.3,27.8,20.5,15.0,40.6,7.0,43.8,26.9,24.9,19.7,31.9
WI,Wisconsin,Rock,55105,164278,127890,9.2,74.5,63.6,7.4,13.4,11.2,10.3,29.3,5.5,41.7,18.4,24.1,14.9,28.4
CA,California,Alameda,6001,1622188,1306255,7.2,71.4,65.1,7.7,14.2,11.9,10.1,26.5,4.3,22.5,17.5,18.9,9.2,20.1
MD,Maryland,Montgomery,24031,1058474,819715,9.1,75.4,68.7,6.4,12.5,11.3,9.2,28.8,4.3,25.9,14.5,17.7,7.2,18.3
OH,Ohio,Shelby,39149,47765,36087,8.4,76.3,60.6,7.8,13.8,11.4,10.9,33.5,6.2,39.5,18.6,26.7,17.4,28.0
KS,Kansas,Cherokee,20021,19054,14716,10.1,74.7,58.3,9.2,16.4,13.4,10.6,32.8,6.4,43.7,21.0,23.8,19.3,28.8
GA,Georgia,Butts,13035,26887,21395,14.8,76.4,53.7,10.7,20.2,16.8,12.6,37.5,6.1,38.2,22.5,20.6,17.6,30.4
AR,Arkansas,Randolph,5121,18907,14260,12.2,75.9,49.1,11.1,21.1,15.9,12.2,38.4,7.3,41.4,26.6,28.1,20.5,36.1
IA,Iowa,Hancock,19081,10615,8332,8.0,75.4,65.7,7.1,12.6,10.1,9.6,30.8,5.5,42.5,17.9,21.9,16.3,26.5
AR,Arkansas,Ashley,5003,18262,14105,13.7,78.2,48.6,13.3,26.5,20.1,14.2,42.1,7.3,45.2,29.2,27.4,20.7,39.4
IL,Illinois,Schuyler,17169,6733,5549,9.3,75.4,58.6,9.0,16.9,13.7,11.0,34.1,6.2,40.2,20.6,23.6,17.6,25.0
NY,New York,Kings,36047,2561225,2003937,8.9,79.4,59.8,11.1,23.7,19.2,11.1,28.8,5.1,25.0,19.2,16.3,12.2,25.7
MS,Mississippi,Bolivar,28011,28968,21837,14.2,82.8,8.1,18.0,34.4,25.8,17.9,48.5,7.4,46.8,30.9,19.5,20.4,41.3
MI,Michigan,Macomb,26099,875101,695938,6.8,79.7,65.3,8.5,15.9,13.0,9.6,33.5,5.5,37.3,18.7,26.9,15.4,25.2
CA,California,Riverside,6065,2492442,1899181,13.0,70.6,64.1,10.6,21.0,18.7,11.3,31.2,5.4,37.0,23.9,22.0,11.6,26.9
OK,Oklahoma,Creek,40037,73332,56335,10.6,76.9,56.7,9.6,18.1,14.1,11.2,34.8,6.4,39.7,20.3,26.0,18.7,29.9
OH,Ohio,Jackson,39079,32606,24867,9.5,76.6,57.1,9.1,16.9,12.9,12.4,38.0,6.8,44.5,22.8,29.9,20.3,32.3
NC,North Carolina,Alleghany,37005,11342,9426,13.7,76.6,55.4,10.0,18.5,14.0,11.2,34.7,6.7,36.6,22.1,27.6,17.9,26.8
IN,Indiana,Warren,18171,8518,6645,8.4,77.1,60.4,7.5,13.8,11.0,10.9,33.7,6.0,41.4,19.7,27.3,17.8,24.7
WV,West Virginia,Taylor,54091,16388,13194,9.4,77.3,49.5,9.5,17.1,13.6,12.6,38.4,6.8,41.6,24.4,31.9,20.8,32.5
LA,Louisiana,Ascension,22005,131632,97316,8.2,80.7,64.5,9.0,17.3,14.1,11.2,37.0,5.6,35.0,19.6,27.2,15.1,25.7
MO,Missouri,Reynolds,29179,5950,4821,11.6,74.7,49.9,10.9,18.8,15.1,11.8,35.0,7.1,41.0,25.1,27.5,22.4,33.8
NM,New Mexico,Grant,35017,27472,22591,16.8,66.1,56.1,11.4,22.2,17.9,11.4,30.0,6.1,33.9,23.4,23.2,13.7,25.9
GA,Georgia,Clayton,13063,298300,219599,17.0,80.2,48.6,15.4,30.5,26.3,16.1,41.7,6.0,44.8,25.2,16.8,15.9,32.9
AK,Alaska,Ketchikan Gateway,2130,13738,11023,9.8,66.9,60.3,8.6,13.5,11.6,8.6,30.9,5.3,37.4,18.3,19.5,16.0,21.0
MO,Missouri,Grundy,29079,9815,7321,10.7,75.6,55.0,10.0,16.9,14.1,11.2,34.2,6.5,39.6,23.2,27.1,20.5,32.5
VA,Virginia,Stafford,51179,165428,122402,9.1,77.0,69.5,6.9,11.7,10.9,10.2,30.7,4.8,35.2,15.9,22.1,10.8,22.0
IN,Indiana,Jay,18075,20032,14886,10.5,76.7,54.4,9.1,17.6,13.1,12.2,36.7,6.7,43.6,23.1,27.7,20.7,29.0
MN,Minnesota,Kandiyohi,27067,43813,33278,10.5,72.7,66.5,8.5,14.2,11.7,10.0,28.3,5.4,41.0,16.8,24.4,14.9,24.1
OH,Ohio,Meigs,39105,21767,17309,10.3,76.5,53.3,10.5,19.8,14.7,13.5,38.2,7.7,44.0,25.1,29.4,22.8,36.9
MO,Missouri,Sullivan,29211,5797,4514,14.1,75.4,51.4,10.5,18.7,15.9,11.9,34.5,6.5,40.4,24.0,25.4,19.3,33.4
KS,Kansas,Washington,20201,5504,4139,8.8,73.9,63.7,6.9,12.3,11.1,8.9,29.8,5.4,34.4,16.1,21.3,15.7,26.1
NC,North Carolina,Halifax,37083,47298,37177,14.5,79.7,51.9,15.8,30.9,23.5,15.2,42.9,7.1,42.6,27.3,23.9,20.5,33.1
MO,Missouri,Benton,29015,20552,16999,10.3,75.6,54.1,9.5,16.0,13.6,11.0,33.4,6.5,38.9,22.2,27.3,20.4,30.7
MT,Montana,Broadwater,30007,8032,6410,9.7,68.0,59.5,7.2,11.1,9.5,7.8,28.4,5.2,30.3,16.5,24.7,14.1,19.8
CA,California,Santa Cruz,6087,261547,214446,9.2,69.3,64.3,8.3,14.5,12.9,9.0,27.7,5.0,26.8,19.3,23.3,10.7,20.4
WI,Wisconsin,Shawano,55115,41109,32448,8.8,75.2,65.8,8.1,14.3,11.6,9.7,28.9,5.8,40.2,18.3,23.7,17.1,27.8
MO,Missouri,Linn,29115,11791,9017,10.1,75.8,52.5,9.3,15.5,13.2,10.5,33.0,6.2,35.9,22.0,26.7,19.5,30.9
GA,Georgia,Glynn,13127,86172,68495,13.2,77.5,60.9,9.6,17.8,15.3,12.0,37.5,5.6,35.5,20.1,20.5,15.0,26.4
AK,Alaska,Fairbanks North Star,2090,94840,72305,9.5,66.8,63.2,7.6,11.2,10.5,8.3,31.7,5.0,35.8,16.5,20.1,14.3,21.8
ID,Idaho,Caribou,16029,7219,5232,10.2,70.9,66.6,7.6,12.7,10.9,8.7,28.3,5.4,34.8,17.4,23.0,13.8,22.8
AL,Alabama,Calhoun,1015,116429,91555,11.0,77.6,55.8,10.8,21.5,15.5,12.9,41.5,6.4,39.1,24.4,25.3,17.0,31.0
NE,Nebraska,Pawnee,31133,2512,1933,10.3,71.9,59.3,8.1,15.1,11.1,9.9,31.7,5.9,38.4,18.3,19.3,17.2,29.5
LA,Louisiana,LaSalle,22059,14800,11610,11.2,78.0,54.5,10.6,20.9,15.8,12.4,37.2,6.4,38.9,23.9,27.2,19.1,30.0
OH,Ohio,Sandusky,39143,58709,46050,9.7,77.4,59.1,8.3,14.8,12.5,11.6,34.1,6.2,40.6,19.6,26.2,16.9,27.7
VA,Virginia,Charles City,51036,6610,5657,10.5,78.4,60.1,11.2,20.6,17.2,13.7,37.7,6.0,41.6,22.5,23.2,17.1,28.8
NH,New Hampshire,Hillsborough,33011,427354,344717,7.7,75.7,69.5,6.1,10.4,9.4,7.9,28.0,4.7,32.8,13.9,22.1,10.7,21.4
VA,Virginia,Portsmouth,51740,96793,74620,10.9,79.2,58.9,12.3,22.9,19.0,14.9,39.3,6.1,41.0,23.5,22.9,16.7,29.7
IN,Indiana,Jefferson,18077,33056,26481,8.8,78.3,57.8,7.8,14.6,11.5,11.1,34.5,5.9,36.8,20.2,27.5,17.8,24.2
DE,Delaware,Kent,10001,189789,146800,9.8,80.8,61.9,9.1,16.6,15.1,12.4,36.0,5.5,43.9,20.2,23.3,14.0,30.7
VA,Virginia,Richmond,51760,229247,189438,9.8,78.9,61.8,10.2,18.3,15.6,13.5,37.6,5.8,38.3,20.1,22.3,14.6,25.9
GA,Georgia,Richmond,13245,205414,158562,14.6,79.4,51.5,13.5,26.2,22.3,15.9,41.0,6.1,37.2,25.2,20.5,16.8,30.5
IA,Iowa,Wapello,19179,35166,26771,10.4,75.1,58.4,9.2,17.0,13.3,11.5,31.8,6.1,41.9,21.0,21.1,18.3,29.6
AL,Alabama,Lawrence,1079,33502,26186,11.1,77.2,52.1,10.8,20.6,15.0,12.5,38.7,6.6,39.2,23.7,26.1,18.8,29.4
IL,Illinois,Livingston,17105,35320,27580,9.3,75.1,59.6,8.2,15.4,13.0,9.9,31.5,5.6,36.0,18.8,23.1,15.7,23.9
NM,New Mexico,Colfax,35007,12255,10226,16.9,66.1,59.3,11.0,21.1,17.5,11.4,30.4,6.0,32.1,22.9,22.8,14.0,25.2
GA,Georgia,Dooly,13093,10981,9303,17.6,77.1,50.0,13.5,26.2,21.7,15.2,41.9,6.6,41.1,25.8,18.5,18.4,32.8
VA,Virginia,Gloucester,51073,40057,32065,8.3,76.8,67.9,6.8,11.2,10.1,9.9,31.9,5.2,35.4,16.4,25.6,13.6,22.1
UT,Utah,Utah,49049,719174,495249,9.5,71.3,75.7,6.2,10.4,9.1,8.8,27.9,4.9,31.6,13.9,25.1,7.0,15.6
AZ,Arizona,Cochise,4003,124640,99219,14.9,70.9,55.5,9.8,18.5,15.2,10.6,31.9,5.8,31.8,21.2,21.2,13.4,24.2
IL,Illinois,De Witt,17039,15365,12070,8.2,75.3,62.0,7.6,13.9,11.7,9.6,31.2,5.5,37.9,18.0,23.9,15.5,22.5
LA,Louisiana,Bossier,22015,129795,97847,8.3,80.7,58.0,10.1,19.4,15.6,12.1,37.0,6.0,40.9,21.6,27.2,16.3,29.3
NE,Nebraska,Garden,31069,1794,1468,10.3,72.8,55.4,8.2,15.1,11.4,10.5,32.6,6.1,40.6,17.9,19.3,16.8,28.9
WI,Wisconsin,Florence,55037,4682,4032,8.0,74.5,60.7,6.7,11.5,9.8,9.2,29.2,5.5,36.8,16.4,25.3,14.9,25.9
VA,Virginia,Richmond,51159,9184,7501,12.8,76.1,53.1,10.5,19.4,15.8,12.7,37.7,6.2,37.4,23.0,22.7,17.8,28.3
CA,California,Mariposa,6043,16919,13883,7.9,69.7,59.4,8.8,15.0,13.3,9.4,29.0,5.5,30.9,20.2,25.0,13.3,22.0
MO,Missouri,Ralls,29173,10489,8338,9.5,75.7,58.4,8.8,14.5,12.6,10.4,33.7,6.1,39.7,20.9,26.8,19.3,29.9
IL,Illinois,Bond,17005,16450,13506,9.2,75.6,54.0,8.6,16.0,13.4,10.3,32.8,5.8,39.8,19.3,23.4,15.9,23.7
VA,Virginia,Lancaster,51103,10859,9249,9.4,77.5,63.4,9.4,17.0,14.1,11.6,35.5,5.8,36.5,19.9,23.9,14.9,25.2
MN,Minnesota,Pope,27121,11400,8902,7.7,72.8,64.4,7.4,11.4,9.7,8.9,28.6,5.4,38.9,15.7,25.7,15.2,22.7
MS,Mississippi,Lamar,28073,66217,50292,9.7,80.1,10.1,9.3,16.3,13.4,11.2,38.0,5.7,38.5,19.2,21.7,14.8,28.7
OK,Oklahoma,Roger Mills,40129,3295,2502,10.6,76.7,56.7,9.6,18.0,13.7,11.3,36.6,6.6,40.6,20.5,26.3,18.2,31.4
NC,North Carolina,Robeson,37155,117365,86828,16.7,80.1,48.8,17.6,31.2,23.0,16.4,42.9,8.1,48.1,30.6,23.4,23.1,34.9
MI,Michigan,St. Joseph,26149,60878,46399,9.2,76.4,60.7,9.0,17.0,13.1,10.5,32.6,6.1,38.3,20.4,28.7,17.8,24.9
IA,Iowa,Page,19145,15014,12305,8.6,74.9,62.5,8.4,15.1,11.7,10.6,34.0,6.1,42.8,19.4,21.4,18.6,27.2
OH,Ohio,Delaware,39041,231636,175070,5.3,80.1,73.2,4.8,7.8,7.2,8.7,28.2,4.4,30.9,11.4,21.6,9.9,17.1
LA,Louisiana,West Baton Rouge,22121,28266,21373,8.2,81.2,56.1,10.9,21.3,17.2,12.6,40.1,5.8,41.3,21.7,25.9,16.1,27.5
KS,Kansas,Allen,20001,12412,9628,9.6,74.8,58.1,7.9,14.3,12.2,10.1,31.4,5.9,38.0,18.8,23.9,17.4,27.7
NE,Nebraska,Butler,31023,8459,6408,9.4,72.7,65.1,6.5,11.6,9.4,8.8,28.8,5.2,38.6,15.3,17.4,14.5,25.6
OK,Oklahoma,Marshall,40095,15970,12272,14.5,76.0,49.3,11.3,22.6,17.0,12.2,36.7,6.9,39.7,23.7,26.2,19.4,35.2
GA,Georgia,Liberty,13179,69210,50108,14.8,78.7,53.7,11.4,21.6,18.9,13.9,39.1,5.8,33.9,22.3,18.9,15.4,29.8
VA,Virginia,Amelia,51007,13480,10676,11.0,76.8,59.5,9.9,18.0,14.4,12.8,36.1,6.3,38.8,22.4,24.9,18.0,28.2
IA,Iowa,Clay,19041,16511,12791,7.3,74.7,66.0,7.0,12.1,9.9,9.5,30.5,5.4,35.5,16.6,21.3,15.9,24.7
OK,Oklahoma,Murray,40099,13754,10683,11.6,76.6,55.3,10.2,19.4,14.9,11.3,36.7,6.5,41.6,21.5,26.1,18.5,32.9
NY,New York,Schoharie,36095,30105,24919,6.4,78.3,58.4,7.7,13.4,12.1,8.7,30.4,5.4,33.0,15.9,21.5,14.3,23.6
MS,Mississippi,Tate,28137,28261,22008,11.6,79.1,9.1,11.1,20.8,16.5,12.5,39.0,6.1,36.4,22.5,20.5,17.0,32.1
GA,Georgia,Muscogee,13215,201877,151740,14.3,78.6,54.6,12.1,22.4,19.0,14.1,39.4,5.8,40.4,23.3,19.8,15.4,29.4
ND,North Dakota,Pembina,38067,6661,5261,8.5,71.4,62.1,7.1,12.2,10.3,9.3,30.3,5.8,42.1,17.8,21.6,15.3,24.0
IL,Illinois,Hardin,17069,3569,2918,9.2,74.9,56.5,8.8,16.5,13.4,10.5,32.9,6.1,39.6,20.3,24.7,17.7,24.8
IN,Indiana,Owen,18119,21532,17270,9.0,77.1,56.3,8.1,15.3,11.8,11.1,34.5,6.2,41.2,21.2,28.2,18.7,25.6
MN,Minnesota,Freeborn,27047,30515,23904,10.5,71.3,60.4,8.6,14.8,11.8,9.9,28.9,5.7,36.2,18.7,24.1,16.7,27.9
WV,West Virginia,Ohio,54069,41194,33156,7.8,78.1,60.7,8.4,14.3,12.2,12.0,36.7,6.2,40.1,21.3,31.2,17.3,28.1
IA,Iowa,Monroe,19135,7504,5790,7.0,75.1,66.6,6.7,11.6,9.5,9.1,30.7,5.4,38.1,16.4,21.8,15.9,23.8
WI,Wisconsin,Calumet,55015,53199,41590,7.5,75.0,69.4,6.0,10.0,8.8,8.5,26.8,5.0,32.8,14.4,24.3,12.8,24.2
MO,Missouri,Newton,29145,60677,46193,10.5,76.0,59.9,9.5,15.9,13.6,11.1,33.5,6.2,38.9,21.3,26.1,18.4,29.9
HI,Hawaii,Maui,15009,164183,130270,6.7,70.4,64.5,8.8,18.3,12.5,9.6,25.4,5.0,26.2,16.6,16.9,13.4,19.1
RI,Rhode Island,Kent,44003,171278,140721,6.6,83.7,72.1,6.9,11.8,10.7,9.6,31.5,5.0,32.7,15.4,25.8,12.8,22.3
OH,Ohio,Wayne,39169,116510,88780,8.8,76.3,61.5,7.6,13.8,11.1,10.8,32.8,6.0,38.0,18.7,26.5,17.1,26.1
GA,Georgia,Walton,13297,106702,81495,13.4,76.2,56.5,9.3,17.3,14.7,11.3,34.6,5.6,38.1,19.7,21.0,14.9,27.0
SC,South Carolina,Horry,45051,397478,331067,13.0,78.7,61.5,8.3,16.6,13.1,10.9,33.7,5.5,32.4,18.8,23.1,15.1,23.1
IA,Iowa,Davis,19051,9169,6446,9.3,74.2,63.9,7.7,14.1,11.0,9.7,31.8,5.8,37.8,19.5,22.7,18.1,26.8
AZ,Arizona,La Paz,4012,16710,14156,18.1,69.5,49.1,12.8,24.5,18.9,11.5,31.0,6.4,36.1,24.8,21.2,16.7,28.1
IL,Illinois,Clay,17025,12999,10006,9.5,74.9,57.9,9.3,17.7,13.7,10.9,33.3,6.3,41.5,21.3,25.1,18.3,25.8
OH,Ohio,Portage,39133,162665,133435,7.5,77.6,63.7,7.4,12.6,10.8,10.5,32.3,5.9,34.0,17.5,25.1,15.7,24.7
WI,Wisconsin,Iron,55051,6228,5234,7.8,73.8,67.1,7.2,12.3,10.4,9.6,27.8,5.7,34.6,17.2,24.5,15.6,26.6
MT,Montana,Mineral,30061,5090,4134,10.6,67.8,60.0,8.5,14.0,11.1,8.8,29.3,5.7,35.8,18.5,26.1,15.6,22.3
ND,North Dakota,Barnes,38003,10726,8591,7.2,71.1,65.2,6.6,10.9,9.3,9.0,30.1,5.4,38.5,15.8,21.4,14.3,22.2
UT,Utah,Cache,49005,142393,101374,9.7,70.6,65.9,7.2,12.2,9.6,9.5,28.7,5.2,30.3,16.2,26.6,9.1,16.9
NM,New Mexico,San Juan,35045,120675,90972,13.3,67.7,52.5,15.9,27.4,21.3,12.8,31.1,7.0,35.2,26.3,24.1,20.5,25.8
NE,Nebraska,Saline,31151,14555,10731,15.2,71.9,58.1,8.1,16.5,13.1,10.5,29.3,5.5,41.2,18.5,17.3,14.5,28.7
ID,Idaho,Twin Falls,16083,95156,70457,13.2,71.0,63.2,8.6,15.3,12.7,9.9,28.4,5.6,33.5,19.3,24.2,13.6,27.1
AR,Arkansas,Hempstead,5057,19343,14429,14.9,77.2,49.6,12.9,25.9,20.7,13.6,40.5,6.8,45.8,27.3,23.2,18.1,38.0
IA,Iowa,Bremer,19017,25307,19617,6.1,75.4,68.6,6.0,9.8,8.5,8.4,29.5,5.0,38.6,14.7,20.5,14.2,21.4
NC,North Carolina,Catawba,37035,164645,129398,11.5,76.5,60.3,8.4,15.2,12.3,10.1,32.7,5.7,37.2,18.4,26.6,15.0,23.2
CA,California,Monterey,6053,430723,321055,16.2,70.5,57.5,11.5,22.6,19.0,11.6,30.3,5.6,31.4,25.4,19.4,12.1,26.7
LA,Louisiana,St. John the Baptist,22095,39592,30134,10.0,82.4,54.9,13.5,27.5,22.1,14.9,42.8,6.2,41.5,24.9,24.6,16.7,30.9
IN,Indiana,Greene,18055,31196,24492,9.2,76.8,56.6,8.3,15.9,11.9,11.6,35.4,6.5,40.4,22.2,27.7,19.8,26.6
IL,Illinois,Effingham,17049,34331,26215,7.6,75.3,65.8,7.1,12.7,10.8,9.2,30.4,5.3,34.2,16.9,23.5,14.3,21.5
AK,Alaska,Sitka,2220,8282,6728,9.0,66.5,61.2,7.9,12.1,10.7,8.4,30.0,5.0,29.7,15.9,19.8,13.9,18.4
NY,New York,Oneida,36065,227555,178989,7.0,78.1,60.8,8.8,15.8,13.9,9.5,31.8,5.6,36.4,17.5,21.3,14.7,26.8
GA,Georgia,McIntosh,13191,11501,9721,16.1,76.9,53.2,13.6,25.7,20.1,14.5,40.4,7.1,40.9,26.9,22.5,20.2,33.5
IA,Iowa,Louisa,19115,10513,8288,10.4,75.1,64.3,7.7,14.5,11.7,10.1,30.3,5.5,40.0,18.6,20.7,16.0,27.2
IN,Indiana,Allen,18003,394545,294905,9.1,78.3,59.5,8.1,15.3,12.2,11.8,34.5,5.7,39.5,19.2,26.5,14.7,22.4
GA,Georgia,Tattnall,13267,24296,19380,18.9,76.1,48.7,13.7,26.4,20.7,15.0,41.0,7.3,40.8,27.2,20.3,20.5,34.4
AL,Alabama,Winston,1133,23611,18837,12.6,76.5,56.8,10.8,21.5,14.6,12.7,39.5,7.1,39.0,25.5,28.0,20.2,31.8
WV,West Virginia,Randolph,54083,27350,22356,9.4,76.8,52.8,9.5,17.2,13.5,12.7,39.6,6.8,46.2,24.0,32.3,20.8,31.4
CA,California,Tulare,6107,479468,338551,18.3,68.0,52.6,13.7,27.5,22.4,13.1,31.4,6.2,35.3,29.5,22.1,14.2,32.9
VA,Virginia,Danville,51590,41837,32396,12.9,79.5,52.2,15.2,29.1,22.7,16.6,42.6,6.9,42.3,27.9,23.1,20.0,34.0
NY,New York,Chenango,36017,45920,36448,6.9,76.6,59.1,8.6,15.9,13.4,9.3,30.2,5.8,36.1,17.9,22.7,15.7,25.7
MN,Minnesota,Carver,27019,111057,83547,6.1,73.2,72.7,5.6,8.3,7.3,7.3,23.9,4.3,31.3,11.9,23.5,11.0,18.3
UT,Utah,Emery,49015,10144,7361,10.1,69.5,63.5,7.5,13.4,10.7,9.4,30.0,5.5,30.7,17.6,28.2,11.3,19.3
KS,Kansas,Bourbon,20011,14408,10633,9.5,75.2,56.0,8.2,14.8,12.5,10.4,33.3,6.1,37.3,19.5,22.8,17.8,29.5
WV,West Virginia,Hampshire,54027,23649,19427,9.1,76.8,52.0,9.0,15.9,13.3,12.4,37.4,6.5,38.8,23.3,31.9,20.7,31.2
LA,Louisiana,Natchitoches,22069,36291,28127,9.3,81.0,51.1,14.0,27.4,20.9,14.8,43.4,6.9,42.4,26.7,28.2,19.8,32.4
KS,Kansas,Pottawatomie,20149,26382,18835,7.9,73.6,69.3,6.0,9.9,9.6,8.5,30.2,5.1,35.8,14.2,20.5,13.7,23.1
VA,Virginia,Louisa,51109,41037,32859,9.2,76.8,66.9,8.1,13.9,11.9,10.9,33.3,5.6,36.1,18.5,24.4,14.9,23.7
IL,Illinois,Gallatin,17059,4670,3791,9.4,74.7,55.7,9.1,17.2,13.6,10.5,32.7,6.2,40.9,21.0,25.3,18.2,25.4
KS,Kansas,Ellis,20051,28810,23071,8.9,75.9,66.5,7.2,12.4,11.1,9.7,32.1,5.8,38.9,17.0,20.7,14.9,24.3
MN,Minnesota,Hubbard,27057,22132,17563,7.7,73.0,65.7,7.6,12.0,9.9,9.3,26.3,5.4,35.3,15.5,24.4,14.8,21.9
MO,Missouri,New Madrid,29143,15424,11775,11.9,75.7,50.2,12.4,22.0,17.6,12.7,37.4,6.8,43.0,26.2,27.2,21.8,36.9
IN,Indiana,St. Joseph,18141,272848,209729,9.2,78.9,59.7,8.5,16.0,13.0,11.7,35.1,5.7,36.0,20.7,27.7,15.6,26.1
MS,Mississippi,Pontotoc,28115,31535,23394,12.8,77.7,9.7,10.6,20.1,15.4,12.2,39.2,6.3,38.8,23.4,21.3,17.9,33.5
KS,Kansas,Linn,20107,9860,7693,9.0,74.1,61.5,7.0,12.3,10.9,9.2,29.9,5.6,36.9,17.4,21.9,16.5,25.5
MI,Michigan,Muskegon,26121,176564,137270,8.1,77.6,62.8,9.5,17.3,14.2,10.7,32.6,6.0,44.2,20.4,28.5,17.3,26.8
IL,Illinois,Peoria,17143,177513,135266,8.1,76.6,59.7,8.9,16.6,13.8,10.9,33.3,5.5,35.1,18.7,22.8,14.3,22.6
AR,Arkansas,Madison,5087,17775,13547,13.1,75.5,48.4,10.3,20.1,15.2,11.3,38.4,6.9,40.6,25.5,26.9,19.3,33.4
VA,Virginia,Fredericksburg,51630,28928,22830,9.0,78.1,63.3,8.3,14.4,12.7,11.6,33.5,5.4,41.5,18.3,23.8,12.8,24.2
CA,California,Humboldt,6023,133985,109146,7.7,69.9,57.9,10.1,17.5,14.5,10.0,29.9,5.9,32.1,21.7,26.8,15.0,23.2
LA,Louisiana,West Feliciana,22125,15371,12848,9.0,79.9,57.3,10.3,19.9,16.5,12.8,40.6,6.1,39.3,21.3,22.5,16.1,27.3
MN,Minnesota,Rice,27131,67948,53679,9.2,73.6,66.3,8.0,13.3,10.9,9.4,30.3,5.3,38.7,15.8,23.3,14.9,25.4
AZ,Arizona,Pinal,4021,484239,380282,14.0,72.7,56.2,9.4,18.3,14.1,10.9,31.6,5.4,38.7,20.7,20.6,12.7,24.4
SC,South Carolina,Chester,45023,32226,25136,14.5,78.3,55.1,12.2,25.4,19.1,13.7,38.3,6.5,37.7,23.9,24.1,18.1,31.2
VA,Virginia,Clarke,51043,15466,12491,8.1,76.6,69.0,6.1,9.9,9.0,9.1,29.5,4.9,32.6,15.2,25.1,11.9,21.0
GA,Georgia,Heard,13149,12034,9275,14.1,75.2,54.6,9.9,18.2,14.7,11.9,35.1,6.3,35.3,22.1,23.5,18.5,29.3
KS,Kansas,Jackson,20085,13368,10012,9.3,74.1,64.2,7.4,12.9,11.6,9.7,30.6,5.7,37.7,17.2,22.1,16.3,25.5
NC,North Carolina,Mitchell,37121,14999,12283,10.0,76.8,62.8,7.5,12.8,10.6,9.4,32.1,5.7,37.0,17.5,27.5,15.1,22.7
VA,Virginia,Washington,51191,54050,44535,8.6,76.1,63.5,7.4,12.2,10.1,10.3,32.4,5.8,38.4,17.9,26.2,15.5,24.7
NM,New Mexico,Sandoval,35043,155936,122649,12.8,66.3,61.4,9.2,16.6,14.5,9.7,29.3,5.0,32.6,18.2,24.0,11.4,21.1
NE,Nebraska,Furnas,31065,4556,3583,10.1,73.2,59.9,7.4,14.1,10.5,9.9,31.3,5.8,44.9,16.7,18.8,15.9,26.6
KS,Kansas,Douglas,20045,120553,99565,7.8,77.4,62.6,6.8,11.4,10.5,9.2,29.2,5.2,33.1,15.6,24.0,13.3,20.0
IL,Illinois,Stephenson,17177,43105,34127,8.8,76.2,58.7,8.8,16.5,13.8,10.4,32.4,5.6,41.0,19.2,24.3,15.8,24.6
GA,Georgia,Taylor,13269,7758,6246,17.9,76.9,44.6,15.6,30.3,22.9,16.0,41.8,7.5,42.5,29.9,22.4,22.4,36.0
LA,Louisiana,Vermilion,22113,56992,42588,9.6,78.5,55.9,11.6,22.5,16.6,12.8,38.6,6.8,42.6,24.5,29.6,20.3,31.0
KS,Kansas,Stanton,20187,1901,1393,20.2,73.0,55.4,10.6,22.1,18.3,12.5,31.8,6.3,40.2,24.4,19.9,16.8,34.1
OH,Ohio,Hamilton,39061,827058,638290,7.8,78.7,59.6,8.3,15.0,13.0,11.9,33.9,5.7,35.8,17.8,25.9,14.3,23.8
MD,Maryland,Calvert,24009,94728,72945,6.9,77.3,70.7,6.2,10.9,10.7,9.1,32.6,4.5,35.9,14.9,20.5,11.0,18.8
AR,Arkansas,Cross,5037,16420,12527,12.7,77.3,49.4,12.7,24.8,19.1,13.4,41.5,7.2,44.8,27.7,26.4,20.0,36.9
NY,New York,Cortland,36023,45752,37332,6.1,78.1,61.1,7.9,13.7,12.3,8.6,30.0,5.5,32.3,16.4,23.4,14.4,23.9
MN,Minnesota,Waseca,27161,18981,14718,9.3,72.4,64.8,8.1,13.4,11.2,9.5,28.1,5.4,39.2,16.9,25.7,15.7,25.3
NC,North Carolina,Franklin,37069,77001,60292,11.7,78.2,61.3,9.3,17.0,14.2,10.7,34.4,5.7,38.3,19.0,25.2,14.8,24.0
GA,Georgia,Bibb,13021,156512,118300,14.8,79.8,52.9,14.1,26.7,21.7,15.2,42.0,6.3,45.0,25.3,19.9,17.3,31.5
MS,Mississippi,Tunica,28143,9234,6698,16.5,82.7,5.3,22.1,42.7,31.7,19.9,51.2,8.0,50.8,34.7,18.7,23.6,44.8
SC,South Carolina,McCormick,45065,9941,8927,13.8,79.3,58.4,11.3,23.1,18.6,13.6,38.4,6.1,38.3,21.7,20.7,15.9,26.9
MO,Missouri,Washington,29221,23534,18183,11.6,75.2,51.7,11.2,19.4,15.6,12.2,36.1,7.2,41.3,25.6,27.4,22.9,33.8
NE,Nebraska,Hitchcock,31087,2552,1964,9.5,72.7,58.3,7.4,13.4,10.4,9.7,31.5,5.7,42.1,16.2,19.0,15.8,27.0
KS,Kansas,Osage,20139,15824,12172,9.2,74.5,62.7,7.1,12.8,11.2,9.6,32.4,5.7,41.5,17.9,22.6,16.7,26.4
OK,Oklahoma,Latimer,40077,9526,7375,12.8,75.3,46.9,14.0,26.9,19.3,13.8,39.2,7.8,43.1,26.7,27.8,23.8,36.0
MD,Maryland,Somerset,24039,24910,20561,11.3,78.6,50.6,12.4,24.2,20.4,13.3,41.6,6.7,39.8,23.5,21.1,18.2,31.2
IN,Indiana,Rush,18139,16847,13067,8.8,77.8,59.8,8.2,15.6,11.9,11.5,34.6,6.3,39.0,21.3,27.9,19.0,26.0
IA,Iowa,Greene,19073,8584,6667,7.6,74.8,65.5,7.4,12.8,10.4,9.8,30.9,5.6,36.0,18.1,22.2,17.3,25.8
VA,Virginia,Buckingham,51029,16978,13997,11.6,77.2,56.4,11.0,20.5,16.6,13.6,38.3,6.5,43.1,23.7,23.7,18.5,29.2
OH,Ohio,Belmont,39013,64918,52858,8.6,77.1,56.9,8.3,14.9,12.4,11.5,35.4,6.5,40.9,20.6,27.3,18.6,30.2
IL,Illinois,Jasper,17079,9144,7080,7.4,75.2,66.2,7.0,12.2,10.7,9.1,30.2,5.3,38.0,16.6,24.2,14.6,21.3
IL,Illinois,Will,17197,700728,537627,9.5,76.1,66.6,7.3,13.5,12.3,9.5,29.5,4.7,37.7,17.1,19.2,11.5,23.5
MI,Michigan,Calhoun,26025,133366,102982,8.0,77.9,63.9,9.5,18.1,14.1,11.2,34.9,6.1,42.5,19.7,27.9,17.0,26.6
MS,Mississippi,Lincoln,28085,34702,26720,11.5,78.7,7.9,11.9,21.9,17.2,13.1,40.6,6.4,40.1,23.2,20.6,18.1,33.4
MO,Missouri,Holt,29087,4248,3342,9.4,75.4,54.5,8.7,14.2,12.5,10.3,32.8,6.0,37.0,20.3,26.0,18.7,30.4
IA,Iowa,Pottawattamie,19155,93179,72047,8.6,74.8,62.2,7.9,14.8,11.3,9.7,30.8,5.5,39.2,18.0,22.8,17.4,26.2
WI,Wisconsin,Vernon,55123,31170,23135,8.7,74.1,62.3,7.6,13.5,10.9,9.7,29.5,6.0,38.7,18.5,24.7,16.6,27.5
OH,Ohio,Knox,39083,63320,48925,8.1,75.7,61.8,7.3,13.0,10.8,10.5,33.1,5.9,37.8,17.4,26.8,16.4,26.5
IN,Indiana,Vanderburgh,18163,179810,140992,8.4,80.5,62.4,8.3,15.5,12.1,11.2,35.1,6.0,38.6,20.5,27.9,16.8,25.4
MT,Montana,Rosebud,30087,8160,5803,12.7,68.3,50.4,13.8,23.3,16.7,11.5,35.2,6.7,39.8,24.3,25.4,21.0,26.4
OK,Oklahoma,Bryan,40013,48967,37465,11.7,77.2,54.5,11.1,21.1,15.7,12.0,37.6,6.9,40.4,23.0,27.6,19.6,33.3
GA,Georgia,Gwinnett,13135,983526,730986,16.1,76.5,59.9,9.2,17.6,15.6,12.0,32.7,5.1,34.5,19.0,15.7,11.5,27.3
IA,Iowa,Wayne,19185,6557,4850,8.2,74.7,58.5,7.8,13.9,11.0,10.0,31.6,6.0,41.2,19.1,22.5,18.2,27.0
OH,Ohio,Defiance,39039,38315,29722,9.6,76.9,61.6,7.6,13.8,11.8,10.9,32.3,5.9,35.5,18.2,26.2,16.4,26.4
LA,Louisiana,West Carroll,22123,9323,7222,10.1,78.6,49.0,11.7,23.2,17.1,12.9,38.8,6.9,40.3,25.4,29.5,20.8,31.5
CA,California,San Diego,6073,3269973,2594848,8.7,71.9,65.8,8.3,15.2,13.8,9.4,27.4,4.7,25.4,18.4,21.2,10.1,20.4
IL,Illinois,Clark,17023,15088,11771,7.8,75.4,65.5,7.4,13.3,11.2,9.4,31.0,5.5,37.1,17.5,23.8,15.1,21.7
VA,Virginia,Harrisonburg,51660,51082,42177,14.3,76.9,58.0,10.9,20.4,16.1,13.9,35.5,6.7,39.1,23.7,24.8,16.3,29.6
GA,Georgia,Banks,13011,19789,15562,14.8,74.6,51.1,9.2,17.1,13.8,11.5,34.6,6.2,34.2,21.6,23.7,17.4,28.0
KS,Kansas,Thomas,20193,7865,5942,8.6,73.9,65.1,6.5,10.9,10.2,9.0,30.1,5.2,36.5,15.7,21.6,13.9,24.4
AR,Arkansas,Franklin,5047,17468,13545,12.1,75.8,46.7,10.5,19.8,15.2,11.7,38.5,7.1,39.8,26.2,28.5,20.0,33.5
UT,Utah,Sanpete,49039,30277,23084,12.1,69.5,61.5,8.7,16.0,12.5,10.3,28.6,6.0,30.2,18.9,26.7,11.9,20.9
WV,West Virginia,McDowell,54047,17439,14224,14.3,76.9,40.7,15.7,30.2,21.6,17.4,44.6,8.9,46.1,34.8,32.6,29.3,42.6
ID,Idaho,Boundary,16021,13557,10356,12.0,70.7,63.8,9.0,16.0,12.4,9.4,28.8,6.0,33.2,19.4,23.6,15.2,23.9
NH,New Hampshire,Sullivan,33019,43969,36340,8.4,72.3,62.6,7.2,12.2,10.3,8.4,29.1,5.2,33.2,15.4,25.8,13.3,22.7
MS,Mississippi,Jefferson Davis,28065,10969,8785,13.6,81.5,7.4,17.1,33.1,25.2,16.8,47.1,7.1,45.8,28.7,19.3,21.0,38.8
ND,North Dakota,Mountrail,38061,9383,6651,10.3,71.8,60.5,10.3,18.2,14.7,11.6,32.7,6.4,41.8,21.0,20.7,19.0,29.4
MS,Mississippi,Warren,28149,42298,32439,11.0,81.1,9.4,12.3,23.1,18.5,13.5,41.5,5.9,43.8,22.4,19.1,16.4,31.5
OH,Ohio,Montgomery,39113,533796,415836,8.1,79.1,59.2,9.0,15.8,13.7,12.5,33.4,5.9,37.4,20.1,26.7,15.7,28.2
CA,California,San Luis Obispo,6079,281639,233172,8.0,69.4,67.3,8.0,13.8,12.4,8.6,28.2,5.0,27.6,18.2,23.7,11.3,19.6
AL,Alabama,Bibb,1007,21868,17522,13.0,77.3,50.2,12.2,24.3,17.2,13.9,42.4,7.0,43.7,26.3,25.0,19.9,31.9
NE,Nebraska,Platte,31141,34609,25501,13.0,74.0,59.6,7.2,13.9,10.8,10.0,30.4,5.3,42.1,15.9,16.4,13.8,26.1
MN,Minnesota,Morrison,27097,34250,26469,8.2,71.9,65.4,7.8,12.6,10.3,9.3,29.1,5.6,37.1,16.4,25.9,16.7,24.5
MI,Michigan,Clare,26035,31316,25226,8.6,77.2,62.6,10.3,19.5,14.4,11.1,35.4,6.9,40.1,22.4,30.4,20.0,27.8
MO,Missouri,Butler,29023,41948,32109,11.8,75.9,52.9,11.6,20.7,16.5,12.6,37.6,7.1,41.3,26.7,28.7,22.7,36.1
IA,Iowa,Madison,19121,16971,12791,6.3,75.1,72.5,5.9,9.8,8.5,8.5,28.8,5.0,36.6,14.8,21.3,14.1,21.6
GA,Georgia,Putnam,13237,23129,18686,14.0,77.4,56.2,10.8,20.0,16.7,12.7,36.9,6.2,39.6,21.9,21.3,16.0,28.4
WV,West Virginia,Calhoun,54013,5959,4871,11.5,77.1,45.5,12.9,24.5,17.7,15.1,41.3,8.3,40.4,30.6,33.8,27.0,37.8
OK,Oklahoma,Garfield,40047,62023,46027,12.5,76.7,55.0,9.4,18.5,14.5,11.3,36.1,6.2,42.1,20.5,23.5,17.3,31.3
GA,Georgia,Echols,13101,3709,2736,20.0,73.9,54.5,10.1,19.7,16.3,12.3,33.7,6.0,37.8,22.7,20.9,16.0,30.1
OK,Oklahoma,Washita,40149,10736,8159,11.4,75.9,54.6,9.0,17.7,13.5,10.8,34.8,6.4,39.5,20.4,26.3,17.8,30.8
GA,Georgia,Decatur,13087,29087,22056,17.0,78.0,51.8,14.2,27.6,22.2,15.3,40.9,6.8,42.4,26.7,21.0,19.4,33.5
CA,California,Tuolumne,6109,54204,44852,7.5,70.9,65.0,8.3,13.8,12.5,8.9,28.8,5.3,29.2,18.8,25.5,12.9,20.9
AK,Alaska,Kenai Peninsula,2122,61223,47721,10.3,62.4,59.5,8.2,13.4,11.2,7.9,30.3,5.5,32.0,17.5,20.7,16.2,20.3
IL,Illinois,McLean,17113,170441,134722,7.1,77.0,62.6,6.9,12.5,10.9,9.5,31.2,5.0,36.0,15.8,22.2,12.2,19.9
NE,Nebraska,Greeley,31077,2219,1694,9.5,71.7,61.9,6.9,12.5,10.0,9.3,29.8,5.5,35.3,15.7,18.2,15.2,26.0
KS,Kansas,Graham,20065,2376,1886,9.1,74.4,65.1,7.7,13.7,11.9,10.2,32.8,5.9,37.3,18.3,21.8,16.4,27.0
AR,Arkansas,Poinsett,5111,22397,16955,13.1,76.1,44.4,11.8,22.6,16.8,12.1,38.2,7.3,41.3,27.1,27.9,20.8,37.1
NC,North Carolina,Sampson,37163,59601,44966,16.2,77.6,53.2,12.1,23.3,18.2,13.0,38.0,6.6,41.7,24.4,25.4,17.5,29.4
AL,Alabama,Jackson,1071,53467,42355,11.8,76.8,52.0,10.6,20.8,14.3,12.7,39.6,7.0,39.1,24.9,28.2,19.4,30.6
NM,New Mexico,Eddy,35015,60275,44384,17.2,65.1,57.4,10.4,19.7,17.0,10.7,30.5,5.8,39.8,22.1,23.1,13.4,26.4
OH,Ohio,Franklin,39049,1326063,1019364,8.3,79.7,65.6,8.5,15.4,12.6,11.8,33.0,5.6,33.7,18.3,25.6,14.0,23.9
VA,Virginia,James City,51095,82654,66533,7.1,78.4,73.0,6.0,9.7,9.2,9.1,30.0,4.6,32.5,14.3,23.4,10.3,19.0
IL,Illinois,Marshall,17123,11683,9285,8.7,75.2,59.0,7.7,14.2,11.9,9.7,31.3,5.6,38.6,18.3,24.3,15.7,22.9
MO,Missouri,Pemiscot,29155,14613,10795,13.6,78.1,47.3,15.2,27.9,21.6,14.9,40.1,7.7,44.9,30.8,26.8,25.3,40.5
ND,North Dakota,Eddy,38027,2263,1680,8.8,72.6,60.2,8.3,14.6,11.6,10.2,31.6,6.1,38.8,19.1,22.0,16.8,25.3
MS,Mississippi,Claiborne,28021,8617,6742,14.5,83.4,6.7,20.8,39.9,30.6,19.6,51.4,7.5,50.5,32.2,17.8,21.1,42.1
GA,Georgia,Lamar,13171,20401,16036,12.9,77.2,55.1,10.1,18.4,15.7,12.1,36.2,5.9,37.1,20.8,21.3,16.2,28.0
MT,Montana,Lincoln,30053,21895,18010,11.8,69.2,53.4,9.6,15.6,12.2,9.4,31.7,6.1,37.6,20.5,27.4,17.4,24.0
WV,West Virginia,Harrison,54033,64639,51001,8.5,79.2,57.7,9.0,15.8,12.7,12.6,37.1,6.5,40.1,22.7,31.1,19.2,28.6
OH,Ohio,Carroll,39019,26758,21195,9.0,76.8,55.2,8.2,15.1,12.0,11.2,33.6,6.5,38.7,20.2,27.4,19.4,30.0
IN,Indiana,Franklin,18047,23096,17964,8.0,77.7,64.3,7.1,13.0,10.4,10.7,34.2,5.7,40.5,19.2,26.8,17.1,24.3
NC,North Carolina,Macon,37113,38412,31394,11.4,77.1,62.3,8.4,15.1,12.0,10.0,33.6,6.1,35.6,19.0,27.8,15.7,24.3
GA,Georgia,Monroe,13207,30625,24227,11.7,76.8,57.4,8.5,15.4,13.4,10.9,34.4,5.4,34.7,18.5,20.8,14.4,24.7
IL,Illinois,Randolph,17157,29815,23890,9.7,75.2,58.9,8.9,16.9,14.1,10.5,33.7,5.8,39.1,20.1,22.9,16.8,24.6
VA,Virginia,Wythe,51197,28104,22650,9.2,75.9,67.4,8.3,14.2,11.5,11.0,33.4,6.2,38.4,20.3,26.8,17.0,26.1
WV,West Virginia,Preston,54077,34099,27943,9.6,77.0,51.7,9.2,16.9,13.5,12.6,37.7,6.7,37.3,24.0,31.7,20.8,30.2
MO,Missouri,Scotland,29199,4676,3300,11.1,74.9,53.8,9.3,15.5,13.1,10.4,33.0,6.3,37.7,22.6,26.5,20.1,31.5
NM,New Mexico,Hidalgo,35023,3965,3115,20.6,66.0,54.9,12.9,26.0,20.6,12.6,32.0,6.5,34.7,26.6,23.0,15.3,28.9
VA,Virginia,Williamsburg,51830,15847,14049,8.5,78.1,66.2,8.1,13.7,12.2,11.3,33.8,5.5,37.2,17.8,23.7,13.1,23.5
NE,Nebraska,Box Butte,31013,10692,8035,11.2,72.0,61.4,7.9,14.8,11.5,10.4,30.8,5.7,39.0,17.7,17.9,15.3,28.7
OH,Ohio,Medina,39103,184042,145211,6.7,77.4,67.7,5.9,9.6,8.9,9.4,31.3,5.1,35.9,14.7,25.2,13.2,22.6
MI,Michigan,Roscommon,26143,23863,20479,7.4,77.0,65.4,8.6,15.7,12.3,10.0,32.3,6.2,39.0,19.4,29.4,17.4,24.9
NY,New York,Rockland,36087,340807,238842,8.5,78.6,62.7,8.7,16.8,15.3,9.9,29.1,5.2,30.9,17.1,18.4,11.8,26.3
GA,Georgia,Coweta,13077,155892,120448,11.2,76.7,63.4,7.5,13.3,12.0,10.8,32.6,5.0,35.2,16.9,19.7,12.2,24.1
NV,Nevada,Lyon,32019,62583,49698,13.0,70.0,58.2,9.5,16.5,13.9,9.8,31.6,5.7,35.0,21.3,22.4,16.0,25.9
LA,Louisiana,St. Tammany,22103,275583,211037,7.3,78.6,63.6,8.5,15.9,13.3,10.9,34.0,5.6,37.1,18.8,26.2,14.6,24.8
OH,Ohio,Paulding,39125,18706,14290,9.3,76.8,58.7,7.8,14.3,11.7,11.2,34.0,6.1,41.1,18.9,27.1,17.5,29.1
MD,Maryland,Dorchester,24019,32879,26096,10.8,78.5,55.8,11.0,21.0,18.1,12.8,36.9,6.2,41.9,22.1,21.6,16.6,27.8
MD,Maryland,Kent,24029,19303,16393,8.6,76.7,67.4,7.7,14.1,12.7,10.3,35.2,5.3,36.4,17.3,24.0,13.2,22.4
ID,Idaho,Owyhee,16073,12722,9638,18.1,70.2,60.0,11.1,21.5,16.4,11.1,31.2,6.5,33.5,23.7,23.1,16.7,29.4
AR,Arkansas,Newton,5101,7071,5758,11.0,75.7,50.8,9.4,17.4,13.5,10.9,37.7,6.8,38.7,23.6,27.2,18.7,31.1
GA,Georgia,Twiggs,13289,7691,6243,15.8,77.0,53.0,12.5,24.0,19.6,13.7,39.0,6.4,39.5,24.8,20.8,19.0,31.1
KS,Kansas,Logan,20109,2665,1984,10.2,73.8,61.1,7.7,13.6,11.9,10.0,31.4,5.9,40.1,18.5,22.5,16.4,27.7
MS,Mississippi,Smith,28129,14099,10861,13.1,78.6,7.5,12.7,24.6,18.1,13.5,42.3,6.9,43.8,25.6,22.2,20.6,35.5
WV,West Virginia,Berkeley,54003,132440,101986,8.9,78.7,60.6,8.8,15.5,13.5,12.0,36.9,6.0,38.1,21.5,29.9,17.2,30.4
IA,Iowa,Audubon,19009,5534,4333,7.8,74.7,63.2,7.6,13.4,10.7,9.8,31.4,5.8,37.8,18.0,21.9,17.0,25.2
SC,South Carolina,Abbeville,45001,24434,19650,13.3,78.9,59.7,10.7,22.1,16.5,13.2,37.2,6.2,38.0,22.3,24.8,16.9,29.1
UT,Utah,Duchesne,49013,20477,14005,11.4,70.3,63.4,8.5,15.5,12.0,10.2,29.6,5.9,31.6,19.5,26.0,11.8,23.8
IL,Illinois,Sangamon,17167,193491,151879,7.4,77.2,62.1,7.8,14.1,12.3,9.8,32.2,5.2,39.6,17.1,22.0,13.5,21.0
IL,Illinois,Monroe,17133,34957,27543,6.0,76.2,70.4,5.4,8.9,8.5,7.8,28.2,4.5,34.9,13.4,22.6,11.3,17.2
HI,Hawaii,Hawaii,15001,207615,164992,7.0,71.2,62.6,10.8,21.7,14.9,9.6,24.8,5.4,27.5,19.3,21.7,15.0,20.7
NC,North Carolina,Caldwell,37027,80574,64820,12.1,76.8,59.0,9.0,16.6,12.8,10.3,33.5,6.2,33.2,20.6,27.7,17.3,25.5
MS,Mississippi,Forrest,28035,78208,60424,11.0,80.2,9.6,12.1,23.2,17.6,13.5,41.0,6.2,37.6,22.7,20.6,16.6,30.6
KS,Kansas,Hamilton,20075,2437,1730,17.5,73.2,59.3,8.3,16.7,15.1,10.6,30.8,5.6,40.0,19.9,18.9,14.3,29.5
ND,North Dakota,Steele,38091,1782,1384,7.7,72.1,64.1,6.7,11.4,9.5,9.0,29.9,5.7,34.9,16.3,21.5,14.8,22.4
VA,Virginia,Mecklenburg,51117,30648,24987,10.9,78.0,59.9,11.1,20.0,16.5,13.6,37.7,6.3,41.5,22.7,24.7,17.2,28.6
NE,Nebraska,Dundy,31057,1561,1277,9.9,73.5,61.0,7.5,13.6,10.7,9.9,31.1,5.6,37.4,16.5,18.8,15.2,26.6
MI,Michigan,Leelanau,26089,23019,19453,5.3,78.1,76.2,5.9,9.5,8.4,7.9,28.1,4.9,31.9,13.5,26.6,11.4,17.9
OH,Ohio,Union,39159,69637,53037,6.5,78.5,69.7,5.7,9.5,8.7,9.3,30.2,4.9,39.0,13.7,24.4,12.2,22.8
LA,Louisiana,Evangeline,22039,31754,23809,12.0,79.7,45.5,14.4,29.3,21.2,15.0,42.2,7.5,44.9,29.1,28.9,22.5,35.8
IL,Illinois,Lee,17103,33654,27075,9.6,75.5,59.3,8.3,15.6,13.3,10.2,32.2,5.7,38.8,18.9,22.4,15.6,24.0
CA,California,Mendocino,6045,89108,70576,10.9,69.5,60.6,10.7,19.9,16.8,10.4,31.0,5.9,29.5,23.0,24.5,14.7,24.2
GA,Georgia,Meriwether,13199,20931,16562,15.5,76.8,51.3,12.6,24.3,19.7,14.0,38.7,6.4,41.3,24.7,21.6,19.0,32.9
AR,Arkansas,Arkansas,5001,16307,12549,11.8,78.1,47.8,11.1,21.9,17.5,12.1,39.3,6.5,39.0,24.9,24.7,17.6,33.7
IA,Iowa,Clayton,19043,16969,13315,8.3,75.2,65.6,8.1,14.7,11.2,10.1,32.6,6.0,41.2,19.2,21.4,18.7,27.9
MO,Missouri,Clinton,29049,21548,16643,8.6,75.5,58.2,7.8,12.6,11.5,9.6,32.8,5.8,39.1,19.2,26.2,17.1,28.5
IN,Indiana,Martin,18101,9897,7723,9.0,77.1,53.9,8.1,15.1,11.8,11.5,35.2,6.4,39.1,21.1,27.3,19.3,25.7
VA,Virginia,Franklin,51620,8339,6018,11.1,80.0,57.2,13.4,25.2,20.4,15.1,40.3,6.3,44.2,25.0,23.4,17.5,31.2
NC,North Carolina,Yadkin,37197,37774,30051,12.8,76.8,58.4,9.0,16.4,13.1,10.4,34.1,6.2,36.3,20.1,27.7,16.7,25.3
WI,Wisconsin,Adams,55001,21449,18664,10.5,74.1,63.8,8.6,16.4,12.8,11.2,32.3,6.4,40.3,20.3,25.0,18.3,30.3
IL,Illinois,Douglas,17041,19629,14859,9.7,74.9,58.9,7.9,14.9,12.4,9.8,31.1,5.5,38.8,18.8,23.6,15.5,23.6
GA,Georgia,Stewart,13259,4674,4068,26.7,75.6,43.2,17.1,34.5,26.1,18.4,43.8,7.7,42.0,32.0,17.2,21.3,39.2
OK,Oklahoma,Texas,40139,20371,14549,21.9,74.7,51.2,11.8,25.7,19.5,13.2,37.0,6.8,44.5,25.1,22.2,16.2,37.5
KS,Kansas,Labette,20099,19728,14965,10.7,73.8,58.1,8.8,16.4,13.4,10.7,34.4,6.3,41.4,20.3,22.2,18.4,30.3
MN,Minnesota,Goodhue,27049,48035,37607,8.2,71.1,66.7,7.3,11.6,9.9,8.5,28.6,5.1,35.8,15.7,24.4,14.9,23.7
AR,Arkansas,Cleburne,5023,25445,20693,11.0,75.7,53.0,9.3,17.5,13.4,10.7,35.5,6.7,38.0,23.8,27.3,18.2,31.3
MS,Mississippi,Tippah,28139,21287,16342,12.9,78.6,8.5,11.8,22.0,16.4,13.1,39.7,6.7,43.5,24.1,22.1,19.2,34.8
SC,South Carolina,Darlington,45031,62416,48521,13.7,81.3,56.7,12.1,25.9,19.5,14.5,39.6,6.3,45.6,24.0,23.9,16.9,28.9
LA,Louisiana,Lincoln,22061,47962,38485,8.7,80.8,53.6,13.9,26.6,20.2,15.1,42.7,7.1,46.3,26.4,27.8,18.9,32.5
VA,Virginia,Dickenson,51051,13640,11035,11.7,75.3,57.5,10.3,18.9,13.9,12.6,36.1,7.3,39.0,24.9,28.5,21.3,31.2
NC,North Carolina,Onslow,37133,213676,160933,11.3,79.1,63.0,8.8,15.8,13.1,10.7,34.1,5.8,36.0,18.8,23.8,15.1,22.9
IN,Indiana,Newton,18111,13960,11012,10.5,76.3,57.8,8.3,16.1,12.5,11.4,34.6,6.2,43.3,22.0,26.1,18.6,26.5
ID,Idaho,Ada,16001,524673,411855,8.7,75.1,71.7,6.3,10.2,9.1,8.0,28.8,4.8,28.9,14.5,25.5,10.5,17.9
VA,Virginia,Rockingham,51165,86568,67455,10.2,76.1,67.0,7.4,12.8,10.8,10.1,31.7,5.6,33.5,18.3,25.1,14.5,24.6
KS,Kansas,Republic,20157,4627,3574,9.1,74.6,64.3,8.0,14.2,12.1,10.3,32.6,6.2,41.6,18.7,22.6,17.3,27.6
GA,Georgia,Hancock,13141,8676,7419,19.5,78.5,44.3,18.4,36.0,28.4,18.3,46.7,7.7,45.1,31.7,18.2,22.7,37.7
ME,Maine,Cumberland,23005,310230,255110,6.7,77.9,68.9,7.1,8.5,8.9,7.4,27.8,4.7,26.7,13.6,26.7,11.1,16.1
IA,Iowa,Fayette,19065,19210,15100,7.9,75.9,60.1,7.8,14.2,11.2,10.1,32.1,5.8,39.0,18.7,21.5,17.9,27.4
IA,Iowa,Humboldt,19091,9500,7247,8.1,74.8,63.8,7.9,13.9,11.0,10.2,32.0,5.9,41.6,18.3,21.7,17.4,25.5
MO,Missouri,Mississippi,29133,11822,9153,13.2,76.9,43.9,14.0,25.2,20.2,14.1,40.0,7.4,47.7,29.4,26.0,24.2,39.8
CA,California,Del Norte,6015,26589,21034,10.1,69.4,53.1,10.6,18.9,15.9,10.2,30.8,5.9,30.9,23.1,24.3,15.1,24.2
AR,Arkansas,Jackson,5067,16784,13466,13.7,76.5,45.3,13.2,26.5,19.7,13.7,41.4,7.7,43.9,29.2,26.9,21.5,38.5
VA,Virginia,Poquoson,51735,12635,9735,6.7,76.6,73.2,5.6,8.6,7.9,8.8,29.4,4.8,32.9,14.0,24.5,11.3,19.1
NY,New York,Essex,36031,36775,31123,6.3,77.1,62.2,7.5,13.1,11.7,8.5,29.5,5.4,34.7,16.2,22.3,14.0,23.4
MO,Missouri,Maries,29125,8430,6697,10.0,75.4,52.4,9.0,15.0,12.9,10.3,33.0,6.1,37.9,21.4,26.9,19.2,30.7
IN,Indiana,Switzerland,18155,10019,7652,10.1,76.6,56.6,8.7,16.9,12.8,11.7,36.3,6.6,39.9,22.7,28.4,20.5,27.9
NE,Nebraska,York,31185,14356,11004,9.5,71.5,69.1,6.9,12.8,10.1,9.3,29.6,5.4,41.8,15.8,18.2,15.0,25.6
NM,New Mexico,Catron,35003,3825,3386,11.7,65.8,54.7,10.5,19.1,15.4,10.6,31.3,6.4,32.2,21.5,25.7,16.3,23.2
AL,Alabama,Mobile,1097,411640,316274,10.5,78.1,51.3,11.3,22.3,16.6,14.1,39.6,6.1,39.0,22.1,22.7,15.7,29.7
GA,Georgia,Tift,13277,41554,31354,16.5,77.3,53.0,12.5,24.1,19.5,14.3,38.5,6.5,39.7,24.8,21.4,18.0,32.4
IN,Indiana,Daviess,18027,33656,23700,11.1,76.3,54.6,9.1,18.4,13.3,12.0,35.5,6.5,41.7,23.6,28.0,20.3,29.4
ID,Idaho,Benewah,16009,10369,8064,12.2,70.4,60.6,10.1,18.2,13.8,10.0,30.3,6.4,36.0,21.2,24.2,17.1,27.3
NH,New Hampshire,Grafton,33009,93146,78967,7.1,71.6,67.8,6.4,10.2,9.0,7.5,27.0,4.8,26.5,13.2,24.9,11.4,18.7
ID,Idaho,Kootenai,16055,185010,144057,9.2,70.7,66.8,7.2,11.7,10.0,8.0,25.5,5.2,31.5,16.1,24.9,12.3,18.4
IA,Iowa,Mills,19129,14633,11325,6.3,75.2,65.4,6.0,9.8,8.6,8.8,29.8,5.0,38.8,14.6,21.0,13.9,21.4
IL,Illinois,Warren,17187,16185,12565,10.1,75.1,58.7,8.4,15.9,13.2,10.3,31.6,5.6,37.9,19.4,23.3,15.4,24.0
MO,Missouri,DeKalb,29063,9899,7741,9.7,75.4,57.2,8.4,13.7,12.4,10.1,33.5,5.8,39.2,20.0,24.6,18.1,28.2
AL,Alabama,Walker,1127,64728,49914,11.2,77.3,51.5,10.1,20.1,13.9,12.2,38.6,6.7,35.7,24.2,27.8,18.9,30.6
VA,Virginia,Henrico,51087,334760,262519,8.0,78.8,69.0,7.6,13.0,11.9,10.8,33.3,4.9,32.5,16.6,21.3,11.4,20.6
MO,Missouri,Wright,29229,19403,14305,12.1,75.7,53.6,11.7,20.6,16.2,12.5,35.6,7.2,42.1,26.4,28.1,23.5,36.3
IL,Illinois,Johnson,17087,13326,11121,10.7,75.3,58.8,9.8,18.5,15.2,11.3,35.0,6.3,41.9,21.6,22.0,17.4,25.4
NC,North Carolina,Pasquotank,37139,41444,32807,10.4,79.5,60.5,9.6,17.3,14.8,11.3,35.9,5.6,38.7,19.3,24.4,14.5,24.4
AL,Alabama,Coosa,1037,10268,8603,11.9,78.0,51.3,11.6,23.1,17.1,13.5,40.7,6.6,41.6,24.8,24.3,18.3,30.6
WI,Wisconsin,Walworth,55127,105822,85648,9.1,74.7,68.1,6.8,11.8,10.2,9.2,28.5,5.4,39.3,16.3,22.8,13.6,25.2
IA,Iowa,Scott,19163,174270,134300,7.2,76.9,69.8,7.2,13.3,11.2,9.4,29.3,5.2,40.6,16.8,21.2,14.3,23.2
IN,Indiana,Brown,18013,15653,13065,7.6,77.7,62.7,6.7,12.0,9.9,10.3,33.3,5.6,35.6,17.9,26.4,16.3,22.7
MT,Montana,Deer Lodge,30023,9673,8546,11.5,67.4,60.6,9.4,15.3,12.0,9.5,30.5,6.1,32.2,20.2,26.0,17.5,23.1
LA,Louisiana,Richland,22083,19712,15026,10.6,80.4,50.8,14.5,29.1,21.4,15.0,42.3,7.3,43.1,28.4,28.4,21.9,34.7
MA,Massachusetts,Hampden,25013,460291,365283,8.5,78.7,60.5,11.0,19.7,17.5,10.5,31.2,5.8,35.2,22.0,27.5,15.2,29.0
AR,Arkansas,Lee,5077,8201,6761,16.0,78.1,40.6,17.3,34.6,26.1,17.1,47.8,8.2,47.0,33.6,21.9,23.1,41.2
OH,Ohio,Coshocton,39031,36869,28085,9.9,76.5,58.4,9.4,17.3,13.4,12.2,35.3,6.9,41.4,21.7,29.2,20.6,30.4
NE,Nebraska,Valley,31175,4012,3070,9.1,72.5,64.6,7.1,13.0,9.9,9.5,30.3,5.6,42.2,16.2,18.3,14.9,25.9
MN,Minnesota,Winona,27169,49721,41197,7.7,71.6,64.0,7.6,11.9,9.8,9.1,28.8,5.4,36.3,15.9,25.5,14.9,22.7
IN,Indiana,Cass,18017,37666,28939,13.0,76.3,57.0,9.4,18.8,14.2,12.7,35.9,6.4,47.3,23.2,25.8,18.7,29.8
WI,Wisconsin,Lincoln,55069,28405,23357,8.5,74.5,66.1,7.4,13.4,10.9,9.5,30.2,5.8,42.1,18.3,25.9,16.3,27.6
OK,Oklahoma,Payne,40119,83352,68128,9.7,77.0,57.9,9.6,18.1,13.6,11.7,35.6,6.6,38.0,19.6,25.3,17.0,29.5
IA,Iowa,Woodbury,19193,105951,78835,10.9,75.7,60.3,8.8,15.8,12.9,11.0,32.3,5.8,39.5,20.3,20.3,16.5,28.4
GA,Georgia,Chattahoochee,13053,8661,6690,15.7,76.1,51.4,10.9,20.5,17.0,14.2,38.6,6.3,40.6,22.5,19.6,16.3,29.8
KS,Kansas,Rooks,20163,4778,3726,9.1,74.6,65.0,6.9,12.2,10.9,9.2,30.8,5.4,40.6,17.0,23.0,15.6,26.2
AK,Alaska,Yakutat,2282,687,555,12.6,65.0,51.7,12.2,19.8,16.1,10.6,33.8,6.6,34.6,22.1,19.3,20.3,25.2
MO,Missouri,Pike,29163,17935,13889,11.1,75.9,53.3,10.1,17.2,14.6,11.3,35.6,6.6,38.3,23.2,25.1,20.7,31.9
OK,Oklahoma,Cherokee,40021,48185,37972,11.2,77.6,51.5,12.7,23.2,17.6,13.1,38.8,7.0,44.4,23.8,25.9,20.4,31.3
ND,North Dakota,Hettinger,38041,2415,1825,7.7,72.5,61.1,7.0,11.8,10.1,8.9,29.9,5.5,37.9,16.3,21.9,15.3,23.0
MT,Montana,Carter,30011,1418,1121,10.2,67.9,61.2,8.4,13.1,10.6,8.5,29.8,5.6,33.2,18.7,26.1,15.9,21.9
MT,Montana,Stillwater,30095,9173,7300,9.4,68.4,68.3,6.9,10.5,9.1,7.7,27.2,4.9,29.9,15.8,24.7,13.2,19.0
NC,North Carolina,Jackson,37099,44574,37282,10.6,77.2,61.8,9.1,15.7,12.6,10.9,33.5,6.2,36.7,19.3,27.9,16.1,24.2
KS,Kansas,Morton,20129,2580,1952,15.2,73.5,59.1,9.0,17.8,15.1,11.1,31.6,6.0,38.4,21.3,21.0,17.2,30.8
MI,Michigan,Crawford,26039,13538,11172,7.5,77.4,65.1,9.0,16.2,12.5,10.4,32.5,6.5,37.1,20.1,30.2,18.2,26.0
IN,Indiana,Johnson,18081,167819,127387,7.3,79.7,62.3,6.3,11.7,9.8,10.7,35.1,5.2,38.6,17.3,25.8,14.2,21.9
MN,Minnesota,Nobles,27105,21727,15454,17.3,70.9,56.9,11.2,21.2,16.2,11.7,29.1,6.2,39.2,22.1,22.1,17.1,32.7
OK,Oklahoma,Love,40085,10296,7849,14.2,76.0,56.4,10.5,21.0,16.0,12.2,37.0,6.7,38.8,22.9,25.8,18.8,33.7
NJ,New Jersey,Cape May,34009,94610,78642,9.2,75.4,64.9,6.7,11.7,10.8,8.0,29.0,4.8,33.9,15.0,19.5,12.5,20.4
VA,Virginia,Accomack,51001,33239,26487,13.0,77.8,55.1,11.3,21.3,17.3,13.4,38.5,6.4,40.3,24.2,23.4,17.1,31.0
NV,Nevada,Esmeralda,32009,736,636,16.6,70.1,53.2,13.2,23.8,18.8,12.1,33.1,7.1,36.6,26.6,22.4,19.0,28.9
MI,Michigan,Iosco,26069,25373,21051,8.6,76.8,62.6,9.7,18.1,13.7,10.7,34.3,6.7,38.8,21.4,30.0,19.2,27.3
WI,Wisconsin,Columbia,55021,58091,46376,7.9,72.8,67.8,6.5,11.1,9.7,9.0,27.6,5.3,33.2,15.7,24.5,14.4,24.6
MO,Missouri,Iron,29093,9440,7420,10.7,75.6,56.3,10.3,17.4,14.4,11.5,35.3,6.7,42.1,23.9,28.1,21.0,33.0
GA,Georgia,Candler,13043,11059,8146,17.9,76.3,47.4,12.8,24.8,19.6,13.9,38.3,6.7,42.3,26.1,22.0,19.0,32.2
MA,Massachusetts,Plymouth,25023,535308,426137,4.7,79.5,70.5,7.5,12.2,12.3,8.2,27.5,4.8,29.7,14.7,24.9,12.1,19.2
VA,Virginia,Fauquier,51061,75165,57749,8.7,76.8,71.2,6.3,10.4,9.5,9.5,29.4,4.9,32.4,15.5,23.1,11.5,20.1
MS,Mississippi,Yazoo,28163,25796,20207,18.3,79.9,6.1,18.8,36.2,26.5,17.9,48.6,7.9,50.2,32.7,18.7,23.4,42.3
OK,Oklahoma,Greer,40055,5466,4363,13.3,75.3,50.5,9.7,18.9,14.9,11.6,37.8,6.5,42.2,21.5,24.4,18.2,32.1
CT,Connecticut,Greater Bridgeport,9120,327651,256229,15.0,76.6,67.6,10.9,20.9,17.6,9.2,28.3,4.8,28.4,17.7,18.2,11.1,27.3
VA,Virginia,Patrick,51141,17509,14402,10.8,75.1,61.9,9.1,16.0,12.8,11.4,33.2,6.5,39.8,21.5,26.2,17.9,27.1
VA,Virginia,New Kent,51127,26134,21047,7.5,76.9,73.0,6.6,10.7,9.8,9.9,31.2,5.0,34.4,15.4,23.2,12.1,20.5
VA,Virginia,Bland,51021,6179,5302,9.4,75.2,65.3,7.6,12.8,10.8,10.5,32.9,6.0,36.2,18.7,25.1,16.4,24.3
KS,Kansas,Woodson,20207,3115,2491,9.4,74.2,58.4,7.6,13.4,11.6,9.8,32.1,6.0,39.5,18.3,22.7,17.2,26.7
NE,Nebraska,Lincoln,31111,33365,25829,10.6,72.6,57.1,7.8,14.5,10.9,10.2,31.5,5.9,40.1,17.2,20.1,15.5,27.5
WV,West Virginia,Mason,54053,24765,19716,9.6,78.3,51.7,10.3,18.9,14.8,13.2,38.6,7.1,41.2,25.8,33.7,22.5,34.3
WI,Wisconsin,Lafayette,55065,16945,12715,9.4,74.8,65.0,7.6,13.9,11.2,9.8,30.3,5.8,41.9,18.8,25.4,16.3,28.8
AL,Alabama,Montgomery,1101,224980,170733,10.4,82.0,53.2,12.9,25.6,20.2,14.8,43.8,6.0,46.3,23.8,21.4,14.8,29.9
MO,Missouri,Camden,29029,44044,36598,8.9,76.1,59.2,8.1,12.7,11.5,9.9,31.4,5.8,35.5,19.3,25.8,17.2,28.5
AK,Alaska,Aleutians East,2013,3461,3270,16.0,64.6,48.1,10.8,21.0,14.9,12.9,33.8,6.4,29.8,22.4,12.3,16.0,28.5
CA,California,Imperial,6025,179057,128709,22.2,68.4,50.4,15.5,31.3,25.5,14.6,32.5,6.3,35.2,32.4,20.0,13.3,35.1
IL,Illinois,Pulaski,17153,4911,3909,11.7,76.8,51.4,13.8,27.3,21.1,14.5,38.7,7.0,45.7,26.7,23.3,20.7,30.9
OH,Ohio,Lucas,39095,425484,329145,9.3,79.2,60.2,9.6,17.7,14.9,12.2,33.8,6.2,36.2,20.9,26.9,16.8,28.9
NJ,New Jersey,Ocean,34029,659197,494303,10.1,74.0,64.8,7.4,13.1,11.5,8.8,28.4,4.9,30.3,15.8,17.3,14.0,23.8
NC,North Carolina,Wayne,37191,118686,90368,13.4,78.7,59.2,11.4,21.7,17.1,12.5,38.0,6.3,39.9,22.4,24.8,16.8,27.6
NE,Nebraska,Merrick,31121,7755,5997,9.9,72.6,64.4,6.9,12.6,10.1,9.2,29.9,5.4,39.2,16.0,19.1,15.4,26.9
MS,Mississippi,Jackson,28059,146389,113275,11.6,79.3,10.5,10.0,18.4,14.9,12.8,40.8,5.8,40.5,20.3,20.4,15.5,29.4
OK,Oklahoma,Jackson,40065,24669,18482,14.1,76.5,55.2,10.1,20.5,15.9,12.2,37.3,6.5,41.1,21.8,25.0,16.7,34.0
NM,New Mexico,Luna,35029,25316,18862,26.6,65.2,48.1,17.0,35.2,26.5,15.0,34.2,7.6,36.9,32.5,23.5,18.0,34.6
MI,Michigan,Oscoda,26135,8545,6848,9.0,76.4,63.0,10.3,19.4,14.3,11.2,34.3,7.0,38.2,22.7,30.2,20.2,28.2
MS,Mississippi,Neshoba,28099,28789,20927,13.2,78.8,6.7,14.7,26.9,19.7,14.5,41.2,7.2,43.4,27.1,22.0,21.7,36.9
MT,Montana,Powder River,30075,1743,1437,10.1,67.9,56.7,7.5,11.7,9.8,8.0,27.1,5.1,30.6,16.6,24.4,14.1,19.7
WI,Wisconsin,Washington,55131,138168,109514,6.7,75.9,72.5,5.6,9.3,8.3,8.1,27.2,4.9,35.9,13.9,23.6,12.2,21.2
AR,Arkansas,Sebastian,5131,129098,98581,13.3,76.1,52.5,10.2,19.2,15.3,11.5,37.3,6.5,36.4,24.2,25.5,16.5,32.5
WI,Wisconsin,Douglas,55031,44264,35947,7.4,75.1,68.2,6.8,11.9,9.8,9.4,30.3,5.5,40.9,16.3,25.1,14.7,25.8
VA,Virginia,Chesapeake,51550,253886,192778,8.5,79.5,67.2,8.0,13.8,12.3,11.6,34.2,5.1,39.6,17.9,21.9,12.4,22.2
IA,Iowa,Adair,19001,7389,5700,7.6,74.4,66.5,7.5,13.3,10.5,9.9,32.4,5.8,40.1,18.0,21.9,17.3,25.9
AR,Arkansas,Van Buren,5141,16142,13054,12.4,75.7,46.7,10.8,20.4,15.2,11.5,37.6,7.3,39.5,25.5,27.3,20.0,33.8
ME,Maine,Penobscot,23019,155312,128236,8.8,79.8,59.4,9.3,12.5,11.3,9.5,32.7,6.1,38.3,19.6,29.9,16.2,25.0
ME,Maine,Lincoln,23015,36507,30624,7.8,78.9,62.9,7.4,9.9,10.0,8.1,29.1,5.2,31.0,15.7,29.3,13.5,18.8
GA,Georgia,Emanuel,13107,23119,17452,17.1,76.6,48.0,13.6,26.3,20.8,14.7,41.2,6.9,42.8,27.3,21.2,20.6,35.1
AL,Alabama,Colbert,1033,58361,45890,10.2,77.9,55.4,9.7,18.7,14.2,12.1,38.6,6.1,37.4,22.0,25.8,16.6,26.9
ID,Idaho,Madison,16065,54547,43341,11.5,73.2,59.0,10.0,17.5,13.5,10.7,31.3,6.6,34.0,20.4,24.2,15.4,25.0
IN,Indiana,Dubois,18037,43546,33017,9.4,77.4,60.6,7.2,13.2,10.8,10.7,32.6,5.7,39.9,19.3,24.5,15.7,23.7
GA,Georgia,Pike,13231,20461,15706,11.4,75.8,62.5,7.7,13.5,11.8,10.2,32.9,5.4,35.5,17.8,22.4,14.9,24.4
NY,New York,Putnam,36079,98060,79093,6.9,78.0,69.1,6.3,11.2,11.1,7.7,25.5,4.4,27.3,13.2,18.5,9.6,20.4
IA,Iowa,Jasper,19099,37919,29600,7.5,75.6,67.1,7.1,12.4,10.3,9.7,31.7,5.5,38.3,17.4,21.5,16.9,24.1
NJ,New Jersey,Hunterdon,34019,130183,105457,7.3,75.4,71.4,5.2,8.4,8.1,7.0,25.6,4.2,26.0,12.3,17.7,8.9,17.9
WV,West Virginia,Nicholas,54067,24169,19286,9.2,77.1,54.7,9.6,17.6,14.0,12.6,38.4,6.9,40.3,24.7,33.1,21.3,32.4
MI,Michigan,Hillsdale,26059,45587,35783,7.9,77.0,64.2,9.1,17.4,12.8,10.6,34.4,6.5,37.8,20.6,31.0,18.6,26.6
MI,Michigan,Allegan,26005,121939,93939,7.6,77.1,69.2,7.7,14.0,11.2,9.4,30.0,5.6,35.3,17.4,26.9,15.0,23.6
GA,Georgia,Henry,13151,254613,191306,12.1,79.3,60.6,10.0,18.4,17.2,12.4,37.4,5.0,44.7,19.4,17.7,12.7,25.0
SC,South Carolina,Fairfield,45039,20422,16771,14.7,80.1,50.2,13.7,29.2,22.5,15.4,40.9,6.3,45.6,25.1,22.1,17.7,31.0
AR,Arkansas,Craighead,5031,113993,85259,10.7,77.2,52.1,10.2,18.7,15.3,11.2,38.5,6.4,39.6,23.4,26.5,16.2,30.9
NC,North Carolina,Tyrrell,37177,3461,2772,15.0,77.4,59.1,12.3,23.6,18.1,13.3,38.3,6.8,41.3,24.6,24.5,18.8,29.5
OH,Ohio,Washington,39167,58577,47177,8.2,77.9,60.2,8.0,13.6,11.6,10.8,34.8,6.3,43.9,18.4,27.5,17.8,27.9
MN,Minnesota,Anoka,27003,372441,284448,7.8,71.4,69.6,7.5,12.1,10.7,9.3,28.4,5.0,35.8,15.3,25.1,13.5,23.9
NY,New York,Albany,36001,316659,260123,5.7,78.4,67.5,7.4,12.9,11.9,8.4,29.8,4.8,30.9,14.4,21.5,11.4,21.0
NV,Nevada,Washoe,32031,498022,396438,12.3,72.8,60.8,8.6,15.1,13.5,8.8,26.9,5.1,28.5,20.1,21.6,12.8,21.0
NC,North Carolina,Brunswick,37019,159964,137936,8.9,78.7,65.8,7.0,11.9,10.4,8.9,30.1,5.2,32.9,15.6,26.0,13.0,19.9
GA,Georgia,Jenkins,13165,8627,6909,18.6,77.1,44.2,15.8,31.0,23.7,16.3,42.7,7.5,42.6,29.5,20.8,22.3,36.6
ID,Idaho,Gooding,16047,16061,11928,18.5,71.0,56.9,10.9,20.0,16.0,11.0,30.6,6.4,34.5,23.0,21.7,15.4,28.7
NE,Nebraska,Arthur,31005,412,313,7.6,73.5,64.0,6.7,11.5,9.0,9.3,30.7,5.6,42.4,15.1,19.1,14.6,24.5
SC,South Carolina,Bamberg,45009,12974,10549,15.0,80.4,52.3,14.0,29.6,22.6,15.6,41.0,6.3,43.1,25.5,21.5,17.8,30.9
MO,Missouri,Lafayette,29107,33196,25607,9.0,75.1,57.0,7.9,12.4,11.5,9.5,31.6,5.6,36.8,19.2,25.9,16.8,27.2
KS,Kansas,Mitchell,20123,5719,4312,8.9,73.9,59.6,7.2,12.6,11.1,9.8,31.9,5.8,39.3,17.7,22.4,16.4,26.4
VA,Virginia,Smyth,51173,29216,23575,10.5,75.9,54.8,9.4,16.8,12.8,11.8,34.0,6.7,38.0,22.7,27.7,18.8,28.4
IA,Iowa,Cherokee,19035,11605,8953,8.4,75.0,64.2,7.9,14.2,11.1,10.2,32.1,5.8,41.0,18.5,22.1,17.2,27.4
NE,Nebraska,Dawson,31047,24085,17395,18.5,71.3,56.3,9.5,19.9,15.3,11.9,31.8,5.9,41.4,20.3,15.8,15.3,32.0
ND,North Dakota,Williams,38105,39113,27329,9.3,71.4,62.0,7.2,12.9,10.8,9.4,31.6,5.5,40.2,16.6,20.8,15.4,24.5
LA,Louisiana,De Soto,22031,27114,20598,9.9,80.6,55.4,13.7,27.5,20.1,14.6,42.0,6.9,44.2,26.8,28.4,21.0,32.7
MO,Missouri,St. Francois,29187,67058,53194,10.8,75.6,54.9,10.1,17.2,14.5,11.4,36.1,6.6,40.3,23.6,26.5,20.9,33.4
MI,Michigan,Mason,26105,29159,23606,7.5,77.5,66.7,8.4,15.3,12.0,10.1,32.2,6.0,40.5,18.6,28.7,16.3,23.2
NE,Nebraska,Sioux,31165,1154,947,11.0,72.4,55.7,9.1,17.0,12.4,11.2,33.5,6.6,43.5,19.5,19.5,18.2,29.3
MD,Maryland,Baltimore,24510,565239,447486,10.1,80.1,53.7,12.8,25.4,22.0,13.7,39.6,5.9,38.8,22.8,23.6,16.0,27.2
WV,West Virginia,Upshur,54097,23529,18726,9.4,78.2,49.3,10.1,18.2,14.2,13.3,39.0,7.0,37.1,24.9,32.1,22.1,33.2
WI,Wisconsin,Pierce,55093,43026,34410,7.1,73.7,67.1,6.2,10.4,9.1,8.9,28.9,5.2,34.3,14.6,23.9,13.9,24.5
MN,Minnesota,Douglas,27041,39953,31487,7.3,72.6,65.2,6.8,10.7,9.3,8.5,26.5,5.0,35.5,14.9,26.4,14.5,21.6
IL,Illinois,Kendall,17093,139976,102765,9.1,76.5,68.8,6.6,12.0,11.2,9.1,29.1,4.5,39.0,14.9,19.4,10.7,19.4
MA,Massachusetts,Berkshire,25003,126818,106721,5.2,77.9,67.2,8.0,12.6,11.5,8.2,27.7,5.3,31.5,16.1,27.0,13.3,20.4
SC,South Carolina,Oconee,45073,81221,65941,12.9,77.7,62.6,8.8,17.7,13.2,11.4,31.9,6.0,38.2,20.5,26.9,15.3,26.4
GA,Georgia,Wilcox,13315,8779,7154,18.1,76.3,51.1,13.7,26.0,20.6,15.2,42.3,7.3,43.0,27.1,19.8,20.9,33.5
KS,Kansas,Cowley,20035,34157,26072,11.2,73.9,59.1,8.3,15.4,13.3,10.9,33.4,5.9,41.5,19.7,22.4,16.4,27.4
AL,Alabama,Greene,1063,7341,5755,15.4,81.9,41.0,22.1,44.4,31.8,21.1,52.4,8.2,53.4,36.0,22.0,23.8,42.0
OH,Ohio,Clark,39023,134610,104368,9.4,77.6,58.3,9.1,16.7,13.5,12.2,36.1,6.4,42.4,20.9,28.1,18.5,31.7
MS,Mississippi,Alcorn,28003,34135,26535,12.3,78.0,9.2,10.9,20.1,15.1,12.4,40.7,6.6,40.0,23.4,22.9,19.8,33.6
MN,Minnesota,McLeod,27085,36785,28829,8.7,71.1,66.3,7.4,11.7,10.2,9.2,28.3,5.1,42.2,15.8,24.6,15.4,24.2
NC,North Carolina,Harnett,37085,141477,105764,12.3,78.5,60.4,9.5,17.4,14.3,11.1,36.5,5.9,36.7,20.2,26.1,15.2,25.7
VA,Virginia,Staunton,51790,25915,20871,8.3,77.3,63.9,7.8,13.1,11.2,10.7,32.4,5.5,36.6,17.9,25.6,13.9,23.8
IN,Indiana,LaPorte,18091,111706,88166,9.9,77.5,56.2,8.7,16.9,13.4,12.5,36.9,6.1,37.1,21.6,25.3,17.9,26.8
MO,Missouri,Livingston,29117,14557,11376,9.8,76.2,59.6,9.4,15.9,13.7,10.5,33.5,6.0,39.6,21.7,27.4,19.1,30.6
NH,New Hampshire,Belknap,33001,65027,53990,7.2,73.4,64.0,6.3,10.2,9.1,7.7,28.1,4.9,30.1,14.3,24.9,12.4,18.9
WI,Wisconsin,Sheboygan,55117,117752,92697,8.3,75.2,68.1,6.7,12.0,10.1,9.3,30.3,5.3,36.4,16.8,22.9,14.0,27.6
NC,North Carolina,Beaufort,37013,44481,35939,11.8,78.2,59.0,10.3,19.3,15.4,11.4,36.2,6.2,37.0,20.7,25.9,16.8,26.0
NY,New York,Greene,36039,47062,39543,7.1,78.1,62.8,8.1,14.6,13.0,8.9,29.7,5.4,34.5,16.7,21.7,13.9,24.2
MI,Michigan,Genesee,26049,401522,313303,7.6,78.1,67.8,10.6,20.1,15.5,11.0,34.4,6.2,40.6,20.9,28.3,17.4,26.8
VA,Virginia,Carroll,51035,29239,24074,10.9,75.8,58.6,9.1,16.2,12.8,11.5,34.1,6.6,41.3,21.8,28.1,18.6,27.7
OH,Ohio,Putnam,39137,34199,25492,7.7,77.6,67.4,6.3,10.7,9.7,9.8,31.1,5.4,43.5,15.6,25.5,14.2,23.2
IN,Indiana,Blackford,18009,11893,9240,10.0,76.6,55.7,9.7,18.9,13.9,12.7,36.9,6.9,44.2,24.0,28.3,21.5,28.7
LA,Louisiana,Jefferson Davis,22053,31553,23598,9.4,78.7,57.1,11.3,22.2,16.4,12.6,38.7,6.7,42.5,24.7,29.3,20.1,32.2
MO,Missouri,Knox,29103,3723,2854,11.4,75.1,48.8,10.8,18.5,14.8,11.6,35.1,7.0,39.8,24.8,26.9,22.2,33.0
NC,North Carolina,Union,37179,256452,191719,9.9,78.3,69.1,6.9,12.3,10.5,9.3,31.0,5.0,33.0,15.6,24.6,11.8,21.1
IL,Illinois,Madison,17119,262752,207550,7.6,76.2,64.5,7.6,14.2,12.6,9.5,31.5,5.2,38.8,17.3,23.1,13.6,21.1
NM,New Mexico,Curry,35009,47222,34741,17.5,67.0,62.4,12.4,24.3,19.0,12.4,33.0,6.4,40.5,25.1,24.4,15.1,29.1
NE,Nebraska,Howard,31093,6527,4978,8.3,73.5,64.7,6.2,10.9,8.8,8.7,30.6,5.1,38.7,14.3,18.1,14.3,25.4
IL,Illinois,Crawford,17033,18300,14700,8.7,75.5,59.7,8.1,14.8,12.5,9.9,32.8,5.6,40.0,18.7,23.3,15.7,22.9
MA,Massachusetts,Bristol,25005,581841,463617,6.3,80.2,68.1,8.9,15.7,14.3,9.1,29.7,5.6,32.0,19.0,24.5,16.0,23.9
AR,Arkansas,Lonoke,5085,75944,57386,10.1,77.3,57.2,8.3,15.5,12.9,10.1,36.5,5.8,35.7,21.2,26.2,15.9,30.3
MI,Michigan,Marquette,26103,66999,55244,6.1,78.9,68.9,7.6,13.0,10.6,9.4,31.6,5.7,38.0,16.7,28.6,14.9,21.0
MN,Minnesota,Lake,27075,10855,8819,7.8,70.5,67.5,7.5,11.7,9.9,8.7,26.7,5.4,35.3,15.8,25.5,15.6,22.8
SC,South Carolina,Richland,45079,425138,334065,11.3,80.8,62.8,9.9,18.5,16.6,13.0,37.0,5.4,35.8,19.4,22.1,11.9,22.2
IL,Illinois,Boone,17007,53202,40735,12.6,75.1,59.5,8.6,16.8,14.3,10.4,30.9,5.5,36.9,20.0,22.2,14.3,24.7
NC,North Carolina,Nash,37127,96551,75392,12.3,79.2,57.5,11.2,21.2,17.7,12.3,37.4,5.9,38.3,21.7,23.8,15.9,27.5
VA,Virginia,Craig,51045,4843,4041,9.1,75.5,61.4,7.4,12.6,10.4,10.2,32.0,5.8,36.2,18.8,26.5,16.1,24.0
OK,Oklahoma,Cimarron,40025,2191,1605,13.7,76.0,59.4,8.0,16.0,13.0,10.1,33.0,5.6,38.4,18.6,23.6,13.9,29.1
MO,Missouri,Adair,29001,25122,20545,8.8,76.9,56.8,9.1,14.6,12.8,10.9,33.0,6.2,38.9,20.8,27.2,17.6,29.8
NC,North Carolina,Rutherford,37161,65507,52439,12.0,76.7,56.8,9.8,18.1,14.0,11.1,34.8,6.5,38.0,21.4,28.3,17.8,26.8
SC,South Carolina,Allendale,45005,7369,6040,18.2,80.0,47.9,16.9,36.2,27.0,17.9,44.8,7.0,46.9,29.7,20.4,19.8,36.6
MO,Missouri,Christian,29043,94422,70802,7.7,76.6,59.6,7.1,10.8,10.3,9.1,31.1,5.2,35.9,17.3,25.5,14.8,25.3
IA,Iowa,Palo Alto,19147,8810,6779,7.3,75.1,67.3,7.1,12.0,10.0,9.4,30.9,5.5,40.6,16.7,21.5,15.9,23.9
NV,Nevada,Churchill,32001,25803,19917,11.7,69.2,58.1,9.5,16.2,13.8,9.8,31.1,5.8,37.9,20.9,22.8,16.4,25.2
AL,Alabama,Choctaw,1023,12252,9839,11.8,79.6,49.2,13.5,27.3,19.8,15.0,44.2,6.8,44.5,27.5,25.3,19.1,33.5
MS,Mississippi,Hinds,28049,214870,165112,11.4,82.6,7.9,14.8,28.3,22.9,15.3,45.7,6.1,44.6,25.0,17.6,16.5,34.2
MO,Missouri,Cedar,29039,14672,11098,10.8,75.3,49.9,10.6,18.0,14.7,11.7,34.8,6.9,40.1,24.3,27.3,21.4,32.7
IN,Indiana,Hamilton,18057,371645,278885,5.4,79.8,74.6,4.8,7.6,6.9,8.6,29.6,4.4,31.9,12.3,22.9,9.3,15.7
AK,Alaska,Chugach,2063,6769,5268,9.2,65.7,61.2,7.7,12.0,10.6,8.0,29.7,5.3,30.7,16.5,19.0,14.7,20.2
MO,Missouri,Shannon,29203,7238,5590,10.9,75.1,49.9,10.1,17.3,14.2,11.2,34.4,6.6,36.8,23.3,26.9,21.2,31.9
AR,Arkansas,Scott,5127,9851,7622,13.2,75.6,50.1,10.4,20.0,15.4,11.7,37.6,7.0,37.2,25.5,26.7,19.1,34.6
KS,Kansas,Shawnee,20177,177746,137140,10.0,77.1,65.8,7.7,14.7,12.6,10.3,34.3,5.6,38.5,18.8,24.0,15.7,24.6
LA,Louisiana,Jefferson,22051,421777,328457,10.4,81.3,57.2,10.9,21.5,17.3,13.6,38.0,6.0,41.5,22.2,25.1,15.0,29.0
NE,Nebraska,Chase,31029,3724,2808,11.9,72.0,59.8,7.4,14.0,10.9,9.7,29.4,5.5,37.3,16.3,17.7,14.5,27.7
NM,New Mexico,Bernalillo,35001,671586,538537,14.3,65.5,64.5,10.0,18.8,16.2,10.2,30.4,5.4,33.2,21.0,25.2,12.2,22.5
WV,West Virginia,Monroe,54063,12382,9940,9.5,78.2,52.7,9.9,17.9,14.0,13.1,38.7,6.9,41.2,24.7,32.9,21.5,32.7
WI,Wisconsin,Waushara,55137,24934,20556,10.0,74.1,59.1,7.8,14.4,11.7,10.2,30.2,5.9,39.5,18.3,24.1,16.9,29.2
VA,Virginia,Greensville,51081,11133,9333,13.2,78.3,54.7,13.5,25.7,20.5,15.6,42.2,6.8,44.9,26.2,19.6,19.0,30.9
VA,Virginia,Suffolk,51800,100659,77077,8.8,79.6,66.0,9.1,16.2,14.5,12.1,36.4,5.2,42.0,18.6,21.6,13.1,25.2
NE,Nebraska,Morrill,31123,4504,3482,12.5,72.4,63.1,8.3,16.4,12.2,10.4,30.5,5.9,41.9,18.3,18.4,16.5,30.0
ND,North Dakota,Richland,38077,16558,13011,7.4,72.4,63.1,6.7,11.1,9.8,9.0,31.1,5.5,37.6,16.3,22.6,14.5,22.9
VA,Virginia,Norfolk,51710,230930,184301,10.6,79.7,62.2,10.8,19.2,16.1,13.6,38.5,5.8,41.6,21.0,21.3,14.6,27.1
CT,Connecticut,Northwest Hills,9160,113463,93325,8.0,78.7,70.5,7.1,12.2,10.5,7.9,26.6,4.7,29.2,14.2,23.9,11.5,21.9
WI,Wisconsin,Green Lake,55047,19344,15139,9.6,73.8,59.2,8.0,14.6,11.7,10.1,30.0,5.9,40.4,18.8,25.4,16.5,29.8
GA,Georgia,Forsyth,13117,272887,203939,9.0,77.9,69.7,5.2,8.6,7.9,8.8,27.9,4.2,26.8,12.9,17.8,8.8,19.6
ID,Idaho,Custer,16037,4523,3769,9.8,71.7,65.3,7.8,13.0,10.7,9.0,29.5,5.7,31.4,17.1,23.3,13.3,21.4
MN,Minnesota,Pennington,27113,13714,10676,8.3,72.4,68.1,7.9,12.4,10.4,9.3,29.7,5.3,40.5,16.4,26.0,16.0,23.5
ID,Idaho,Valley,16085,12644,10405,9.7,71.6,63.2,7.8,13.0,10.8,9.2,29.8,5.7,33.3,17.5,23.3,13.3,22.6
VA,Virginia,Prince George,51149,42871,34450,10.7,77.4,59.6,9.4,16.6,14.6,12.3,36.1,5.8,39.7,20.0,21.8,14.7,25.8
NY,New York,Suffolk,36103,1523170,1210387,7.7,79.5,66.6,7.0,13.2,12.5,8.3,27.6,4.6,29.7,14.8,16.6,9.7,23.1
MI,Michigan,Kalkaska,26079,18490,14833,7.7,76.9,63.8,9.0,16.4,12.6,10.3,33.4,6.4,38.2,20.2,29.5,18.0,25.3
IL,Illinois,Cook,17031,5087072,4031580,12.0,76.5,62.7,9.4,19.6,16.4,10.7,28.9,4.7,31.0,18.7,19.0,11.2,22.8
VA,Virginia,Essex,51057,10598,8706,11.2,78.6,55.6,11.4,21.4,17.5,13.5,37.8,6.2,42.5,23.3,24.5,17.4,28.9
AR,Arkansas,Independence,5063,38320,29054,12.1,76.6,48.9,9.9,19.2,14.7,11.4,37.2,6.8,42.0,24.2,27.0,17.8,34.1
GA,Georgia,Oglethorpe,13221,15754,12372,13.5,76.2,56.9,9.0,16.5,13.9,11.4,34.3,5.7,36.0,20.4,21.8,15.4,26.8
WV,West Virginia,Hancock,54029,28145,22983,8.6,78.8,53.7,9.1,16.0,13.1,12.5,38.2,6.4,43.9,23.0,31.7,19.3,29.7
AL,Alabama,Macon,1087,18370,15322,11.9,82.2,47.6,16.4,33.2,25.3,17.7,48.4,6.6,49.1,28.6,21.6,17.9,34.8
IA,Iowa,Tama,19171,16833,12823,10.0,74.4,62.8,8.8,16.2,12.7,10.7,31.4,6.0,40.4,20.2,21.4,17.8,27.8
IA,Iowa,Montgomery,19137,10139,7873,7.9,75.0,61.9,7.6,13.6,10.8,9.9,31.8,5.7,39.7,18.3,22.0,17.2,26.2
MI,Michigan,Barry,26015,63808,50005,6.7,76.9,72.8,7.2,12.7,10.5,8.9,29.8,5.5,36.6,16.9,27.6,15.1,22.6
KS,Kansas,Wichita,20203,2082,1493,15.7,72.9,60.2,9.1,17.7,15.2,11.4,32.4,6.2,42.2,21.2,20.2,16.5,32.0
MT,Montana,Glacier,30035,13609,9584,14.6,67.8,42.2,20.0,32.4,22.7,14.5,34.8,7.9,39.9,30.8,26.0,26.9,32.0
VA,Virginia,Highland,51091,2339,2002,8.1,76.3,68.3,6.5,11.0,9.3,9.4,30.2,5.3,33.4,16.4,25.4,14.1,21.8
VA,Virginia,Lunenburg,51111,12038,9653,13.2,77.0,57.2,12.2,22.9,18.2,14.7,38.8,6.9,45.8,25.5,24.2,19.3,31.3
NC,North Carolina,Iredell,37097,199710,155704,9.6,78.3,63.5,7.2,12.6,10.7,9.0,32.4,5.2,32.3,16.2,25.2,12.9,20.7
IA,Iowa,Kossuth,19109,14396,11208,7.6,75.3,64.6,7.1,12.5,10.1,9.7,29.9,5.5,38.9,17.1,21.8,15.9,24.4
MS,Mississippi,Franklin,28037,7610,5846,12.8,79.4,7.7,14.2,26.8,20.2,14.6,43.7,7.2,40.6,26.6,20.9,20.7,36.1
ND,North Dakota,Kidder,38043,2342,1833,7.9,72.5,59.5,6.8,11.5,9.8,9.1,30.3,5.7,40.2,16.7,22.1,15.3,24.1
VA,Virginia,Emporia,51595,5463,4042,14.0,80.1,50.6,15.5,30.3,24.3,16.6,42.1,6.7,44.9,28.1,22.1,19.3,34.7
GA,Georgia,Irwin,13155,9120,7005,15.8,76.5,51.6,11.9,22.5,17.9,13.5,38.3,6.6,40.4,24.7,22.5,18.8,31.9
CA,California,Shasta,6089,180366,141552,7.4,70.3,64.9,9.0,15.0,13.1,9.4,30.4,5.5,29.3,20.5,25.6,14.1,20.8
NY,New York,Clinton,36019,78115,63935,6.7,78.0,58.6,8.3,14.7,12.9,9.1,30.5,5.7,33.8,17.4,23.5,15.2,25.9
IL,Illinois,Greene,17061,11543,9100,8.7,74.7,58.2,8.4,15.9,12.8,10.2,32.3,5.9,39.9,19.8,24.8,17.5,24.8
NC,North Carolina,Currituck,37053,31593,24619,8.6,77.4,67.5,6.4,10.7,9.5,8.6,30.1,5.1,33.6,15.1,25.8,12.9,20.4
MN,Minnesota,Aitkin,27001,16102,13701,8.5,71.9,61.7,8.6,14.2,11.1,9.7,29.2,5.7,33.4,17.5,26.8,17.7,25.0
MT,Montana,Teton,30099,6430,4837,10.1,67.3,61.4,8.0,12.6,10.3,8.3,28.1,5.4,31.3,17.7,25.5,14.9,21.9
GA,Georgia,Glascock,13125,2954,2319,13.9,74.9,57.0,9.7,17.9,14.4,11.8,35.4,6.3,37.2,21.9,23.6,18.3,29.0
SC,South Carolina,Marlboro,45069,25704,20526,18.1,78.9,45.6,16.4,34.7,25.2,17.4,44.7,7.3,40.9,30.5,22.5,21.4,37.3
OH,Ohio,Lawrence,39087,56118,44136,9.1,77.7,54.1,9.0,16.9,13.3,12.2,37.3,6.7,41.2,22.1,28.8,19.8,30.6
MS,Mississippi,Pike,28113,39394,29430,14.0,81.8,6.6,16.6,31.6,24.2,16.3,46.5,7.1,46.5,28.5,20.0,21.0,37.7
OH,Ohio,Adams,39001,27521,20867,10.2,76.7,54.6,10.0,18.9,14.2,12.7,35.1,7.3,39.9,23.3,27.9,22.2,33.6
WI,Wisconsin,Outagamie,55087,193234,149418,7.4,77.0,67.2,6.1,10.7,9.1,8.9,30.0,5.1,36.4,15.4,24.3,12.8,24.7
AZ,Arizona,Coconino,4005,144472,116865,10.4,69.0,60.3,10.1,16.8,13.5,9.8,28.4,5.5,25.3,18.9,22.2,12.9,16.8
WI,Wisconsin,Fond du Lac,55039,103948,82246,8.6,75.4,65.4,6.9,12.2,10.4,9.3,29.5,5.3,43.8,16.5,25.6,15.2,27.7
ME,Maine,Aroostook,23003,67351,54697,10.1,78.5,56.1,10.0,15.1,13.6,10.7,34.4,6.4,40.0,21.2,27.9,18.6,29.2
NC,North Carolina,Polk,37149,20060,17006,9.8,76.8,68.6,7.5,12.9,10.7,9.4,32.1,5.6,35.7,17.2,26.8,14.1,21.8
ID,Idaho,Bear Lake,16007,6766,5018,9.9,71.1,66.9,7.7,13.3,11.0,9.0,28.2,5.6,31.2,17.3,23.7,13.8,23.0
KS,Kansas,Hodgeman,20083,1655,1265,8.7,74.5,65.0,6.2,10.7,10.1,8.8,30.0,5.1,36.4,15.1,20.4,13.6,23.5
NE,Nebraska,Fillmore,31059,5548,4435,8.8,74.0,63.9,6.4,11.3,9.2,9.2,29.4,5.2,42.0,15.0,18.1,14.4,26.2
GA,Georgia,Wayne,13305,31373,23759,16.7,76.5,50.5,12.5,24.1,18.7,14.1,39.7,7.0,43.0,25.6,22.0,20.0,32.6
VA,Virginia,Nottoway,51135,15566,12496,12.0,78.0,54.7,11.8,21.7,17.7,14.5,39.4,6.5,43.4,24.4,22.7,18.2,29.7
MO,Missouri,Monroe,29137,8698,6787,10.3,75.8,54.4,9.7,16.3,13.8,11.0,33.7,6.4,38.0,22.4,27.2,20.2,31.1
AK,Alaska,North Slope,2185,10603,7948,11.6,65.3,51.8,11.3,18.3,14.6,11.0,35.3,6.3,41.2,20.6,17.7,19.9,24.1
NC,North Carolina,Madison,37115,22071,18349,9.3,77.5,61.2,7.3,12.3,10.1,9.1,32.3,5.6,34.9,17.0,27.4,14.6,21.6
GA,Georgia,McDuffie,13189,21799,16447,14.8,77.6,54.5,12.4,24.0,19.5,13.8,39.4,6.2,39.1,24.0,21.4,17.8,30.8
CA,California,Lake,6033,67878,52978,10.9,69.5,59.7,11.1,20.1,17.0,10.7,32.0,6.1,32.8,24.3,25.6,15.6,25.9
VA,Virginia,King William,51101,19030,14699,8.2,76.6,65.0,7.2,12.2,10.8,10.3,32.5,5.3,34.3,17.2,24.7,13.7,22.8
VA,Virginia,Augusta,51015,78247,64233,9.1,76.8,64.0,7.3,12.5,10.7,10.3,31.7,5.5,40.8,18.0,26.2,15.0,23.8
IL,Illinois,Pike,17149,14342,11015,9.0,75.2,59.2,8.7,16.4,13.1,10.4,32.9,6.0,40.7,20.1,24.8,17.4,25.1
NM,New Mexico,Quay,35037,8510,6759,18.7,66.9,54.6,13.4,26.4,20.4,12.7,33.1,6.8,38.2,26.4,24.1,16.6,29.2
LA,Louisiana,Sabine,22085,21906,16848,10.0,79.4,52.5,13.5,26.8,19.0,14.3,40.9,7.3,44.9,26.9,29.6,21.9,34.3
OH,Ohio,Harrison,39067,14159,11246,9.2,75.8,58.0,8.6,15.6,12.6,11.8,35.5,6.5,41.1,20.6,28.7,19.5,29.3
MN,Minnesota,Big Stone,27011,5105,3985,8.6,71.4,63.9,8.0,12.9,10.5,9.3,27.9,5.5,38.2,16.7,24.8,16.6,24.7
NY,New York,Cattaraugus,36009,75600,59190,7.0,78.4,58.2,9.5,17.3,14.4,9.6,32.3,6.0,35.9,18.9,22.9,17.1,26.8
NC,North Carolina,Clay,37043,11864,10069,9.6,76.7,60.9,7.5,12.8,10.5,9.3,32.1,5.8,35.5,17.3,27.9,14.9,22.2
KS,Kansas,Sedgwick,20173,528469,398378,11.6,72.3,63.5,8.2,15.9,14.0,10.9,32.5,5.7,38.9,19.4,23.0,15.5,25.8
NY,New York,Erie,36029,946147,756717,6.1,81.1,63.0,8.1,14.2,13.2,9.1,29.0,5.2,33.0,16.2,21.3,12.8,23.7
IL,Illinois,Vermilion,17183,71652,54905,10.2,76.9,55.3,10.3,20.1,16.1,11.7,36.7,6.2,44.1,22.0,24.0,17.8,27.5
KS,Kansas,Clay,20027,8007,6150,9.2,73.8,59.2,7.5,13.2,11.7,9.7,32.3,5.8,39.8,18.0,23.3,17.3,25.8
GA,Georgia,Thomas,13275,45649,34945,13.4,78.3,56.0,11.1,20.8,17.5,13.1,37.9,6.0,39.3,22.1,20.7,16.3,27.5
OK,Oklahoma,Pontotoc,40123,38396,28720,10.0,77.1,53.5,9.7,17.7,13.9,10.9,37.0,6.2,40.3,19.5,26.0,17.1,28.9
ID,Idaho,Latah,16057,41301,33280,8.4,72.8,69.4,7.3,11.8,10.0,8.4,30.2,5.4,31.6,16.1,23.1,11.6,19.0
SC,South Carolina,Laurens,45059,68873,53894,14.7,78.4,59.9,10.8,22.2,16.8,13.0,35.9,6.1,36.3,23.9,24.4,16.8,30.6
GA,Georgia,Newton,13217,120135,90194,13.5,79.1,56.4,11.2,21.4,18.8,13.3,38.7,5.5,42.3,21.3,18.9,14.9,30.0
MT,Montana,Wibaux,30109,910,719,10.1,68.3,57.5,8.2,13.2,10.6,8.6,29.4,5.5,33.1,18.1,25.9,15.3,21.9
MS,Mississippi,Choctaw,28019,8088,6352,12.0,78.9,9.0,11.4,21.7,16.6,12.9,40.2,6.2,40.5,22.9,20.8,18.0,32.7
MO,Missouri,Dent,29065,14647,11351,10.5,75.6,53.4,9.9,16.4,13.8,11.1,34.3,6.6,39.3,22.8,26.2,20.4,31.6
SC,South Carolina,Berkeley,45015,255217,195733,11.8,78.9,64.6,8.3,17.0,13.4,11.9,34.7,5.2,37.8,18.0,22.6,12.9,25.3
IN,Indiana,Parke,18121,16484,12706,10.1,77.5,58.1,9.7,18.8,13.9,12.2,36.3,6.8,42.4,24.0,28.8,21.3,29.3
NJ,New Jersey,Cumberland,34011,152326,115216,18.9,75.3,55.9,12.3,24.7,20.6,12.1,36.0,6.1,40.4,24.1,16.4,16.6,32.0
MD,Maryland,Wicomico,24045,104800,81312,9.5,80.0,56.4,9.4,17.6,14.8,11.5,35.0,5.7,40.9,20.4,22.0,14.4,27.9
KS,Kansas,Anderson,20003,7838,5838,10.3,73.1,59.1,8.1,15.2,12.5,10.2,32.8,6.1,40.3,19.7,22.9,18.8,28.0
OK,Oklahoma,Woodward,40153,19947,15150,12.5,75.4,53.3,9.0,17.8,13.8,10.7,36.2,6.3,41.6,20.0,24.7,17.2,29.7
CA,California,Plumas,6063,19131,15898,7.0,70.2,65.6,8.6,14.1,12.7,9.0,29.4,5.5,30.1,19.6,26.3,13.7,21.2
LA,Louisiana,Cameron,22023,4768,3710,8.1,78.5,57.8,8.7,16.2,12.7,10.6,35.5,6.1,36.3,20.3,29.6,17.4,26.4
WV,West Virginia,Brooke,54009,21373,17740,7.9,78.0,55.2,8.1,13.9,11.9,11.7,37.0,6.0,40.3,21.2,30.8,17.9,27.6
MS,Mississippi,Marion,28091,24224,18622,13.3,79.2,7.0,14.0,26.8,19.9,14.4,43.1,7.0,43.6,26.6,21.3,20.9,35.7
AZ,Arizona,Maricopa,4013,4585871,3572375,13.1,72.0,61.9,8.6,15.7,12.2,9.6,28.6,5.0,30.6,17.5,18.9,11.0,20.0
OK,Oklahoma,Oklahoma,40109,808866,605014,12.6,77.6,58.4,9.9,18.9,15.9,12.0,35.9,6.3,37.9,19.9,25.1,14.5,29.1
ME,Maine,Piscataquis,23021,17486,14518,10.1,77.7,59.9,10.2,15.4,13.6,9.6,30.8,6.6,34.3,20.4,28.8,18.6,25.3
OH,Ohio,Pike,39131,27001,20683,10.7,77.2,55.1,10.8,20.3,15.0,13.2,38.4,7.6,43.0,24.2,30.5,23.3,34.9
MN,Minnesota,Stevens,27149,9728,7542,10.3,71.3,64.2,8.1,13.2,11.1,9.6,28.3,5.4,39.4,17.0,24.7,14.8,25.1
VA,Virginia,Charlottesville,51540,44983,37336,7.7,78.3,63.1,7.8,13.0,11.0,11.5,33.0,5.5,35.2,17.7,23.9,12.3,23.1
SC,South Carolina,Hampton,45049,18122,14442,17.2,79.2,50.4,14.5,31.4,23.3,17.1,42.0,6.9,41.6,27.6,21.9,19.4,33.6
MO,Missouri,Ripley,29181,10806,8128,11.8,75.8,48.7,11.7,20.1,16.0,12.5,35.9,7.4,41.1,26.7,28.5,23.4,35.4
MI,Michigan,Missaukee,26113,15311,11930,7.9,77.4,63.8,8.6,15.8,12.2,10.2,33.1,6.2,39.2,20.0,29.4,17.8,26.2
WI,Wisconsin,Chippewa,55017,66970,52829,8.0,73.0,66.3,7.0,11.8,10.1,9.4,29.5,5.6,41.4,17.5,25.3,15.8,26.6
IA,Iowa,Keokuk,19107,9914,7694,7.8,74.3,64.9,7.8,14.0,11.0,10.4,32.8,5.9,41.5,18.7,22.7,18.2,26.7
MS,Mississippi,Newton,28101,21019,15910,12.2,79.1,7.4,13.3,24.8,18.7,13.7,41.3,6.7,41.5,24.9,20.9,19.4,33.4
NY,New York,Orleans,36073,39124,31736,7.7,77.6,61.9,9.0,16.9,14.5,9.3,30.3,5.7,32.8,18.6,21.6,15.9,26.8
OH,Ohio,Gallia,39053,28986,22229,9.8,76.9,57.0,9.5,17.5,13.8,12.3,35.9,7.0,36.7,22.5,29.7,21.4,33.4
NE,Nebraska,Scotts Bluff,31157,35699,27153,12.6,74.1,59.7,8.2,16.5,12.3,10.5,32.1,5.6,39.6,18.4,18.5,14.6,27.8
UT,Utah,Morgan,49029,13000,8784,6.8,70.7,72.0,5.0,7.9,7.3,7.5,26.4,4.4,25.1,12.4,25.2,7.7,14.9
NM,New Mexico,Guadalupe,35019,4292,3499,24.7,64.6,52.9,13.9,29.1,22.8,14.3,33.1,6.5,37.5,28.7,20.0,14.6,31.7
IN,Indiana,Shelby,18145,45231,35206,9.0,77.6,57.4,7.6,14.4,11.5,11.3,35.1,5.9,41.0,20.3,28.0,18.1,24.8
VA,Virginia,Surry,51181,6593,5458,9.3,78.3,61.7,9.6,17.2,14.7,12.4,36.5,5.7,39.5,20.3,23.1,14.9,26.5
WV,West Virginia,Tucker,54093,6604,5662,8.5,78.0,58.7,8.6,15.2,12.4,11.9,37.9,6.4,39.0,22.5,32.2,19.1,30.0
ND,North Dakota,Burke,38013,2134,1599,7.4,72.0,67.4,5.9,9.6,8.7,8.2,29.7,5.0,37.2,14.8,21.0,13.5,20.6
MI,Michigan,Lapeer,26087,88977,71497,7.6,76.6,67.2,7.9,14.0,11.5,9.3,31.3,5.7,35.0,17.8,27.5,16.2,23.9
MO,Missouri,Taney,29213,56775,45069,10.1,75.6,55.1,9.1,15.1,13.2,10.6,33.5,6.1,36.4,20.9,25.8,17.9,29.4
MT,Montana,Silver Bow,30093,36360,29065,10.4,69.1,63.8,8.4,13.8,10.7,8.7,29.1,5.6,32.8,19.2,26.0,14.8,21.3
MN,Minnesota,Cass,27021,31446,25212,8.2,72.0,62.1,9.1,14.4,11.5,10.0,29.7,5.8,36.9,18.0,25.4,17.8,25.5
ID,Idaho,Oneida,16071,4953,3589,9.3,71.1,67.1,7.2,11.9,10.0,8.4,28.0,5.3,32.2,16.3,23.4,12.9,21.2
MI,Michigan,Delta,26041,36790,29801,7.3,76.7,68.5,8.6,15.4,12.0,10.0,31.6,6.1,40.0,18.9,30.6,17.2,24.3
IN,Indiana,Adams,18001,36288,24924,10.4,77.6,51.8,9.1,17.8,13.2,12.1,35.5,6.6,42.1,23.1,27.9,20.1,27.1
KS,Kansas,Ottawa,20143,5818,4451,8.5,74.1,61.2,7.0,12.1,10.7,9.4,31.2,5.7,38.3,16.9,22.2,16.1,25.0
IA,Iowa,Clinton,19045,46158,35649,7.8,74.7,64.3,7.8,13.8,10.8,10.0,32.4,5.8,39.3,18.0,21.7,17.3,25.7
MN,Minnesota,Scott,27139,155814,116237,6.9,73.1,67.9,6.3,9.9,8.9,8.5,28.4,4.5,31.5,14.1,22.6,11.9,22.2
NE,Nebraska,Otoe,31131,16335,12426,9.5,74.3,63.3,6.6,12.0,9.6,9.4,30.8,5.2,40.7,15.7,18.8,13.7,25.6
KS,Kansas,Phillips,20147,4761,3695,9.6,73.9,60.1,7.7,13.9,11.9,9.9,31.6,5.9,40.9,18.3,22.5,17.2,27.3
GA,Georgia,Sumter,13261,28890,22380,15.5,78.7,50.6,13.9,26.9,22.2,15.1,41.4,6.5,40.9,25.7,19.6,17.8,32.5
OK,Oklahoma,Johnston,40069,10216,7851,12.2,76.1,48.0,12.6,23.8,17.4,13.2,38.5,7.6,40.2,25.3,27.9,22.1,35.8
OK,Oklahoma,Logan,40083,53029,41523,9.9,77.0,58.3,8.4,15.5,12.7,10.3,36.0,5.8,40.2,17.9,25.3,15.5,28.0
DE,Delaware,New Castle,10003,578592,456332,8.9,77.6,62.3,8.3,14.6,12.9,10.7,32.1,5.0,33.4,16.8,21.5,11.8,24.8
MS,Mississippi,Walthall,28147,13863,10730,13.6,79.6,8.1,14.2,27.5,20.8,14.4,43.7,6.8,43.2,26.9,20.3,19.8,35.8
MN,Minnesota,Grant,27051,6139,4712,8.4,71.8,63.2,8.4,13.6,11.0,9.6,29.8,5.8,39.9,17.3,26.7,17.2,24.5
KS,Kansas,Brown,20013,9250,6932,9.6,74.9,61.3,8.3,14.9,12.8,10.3,33.3,6.0,39.6,18.7,22.6,18.2,27.2
OH,Ohio,Mercer,39107,42439,31313,7.6,76.2,62.9,6.6,11.5,10.0,9.7,32.4,5.6,36.4,16.2,26.1,15.5,26.0
IN,Indiana,Marshall,18099,46352,35175,10.9,76.0,58.8,8.3,16.0,12.4,11.5,35.0,6.1,43.4,21.5,27.0,17.9,27.4
NE,Nebraska,Colfax,31037,10566,7357,20.7,70.8,55.8,9.6,19.8,15.6,11.9,29.6,5.8,39.0,20.2,14.3,14.5,31.8
VA,Virginia,Giles,51071,16457,13231,9.1,75.3,63.4,7.7,13.2,10.8,10.6,33.0,5.8,36.0,18.9,26.6,16.4,24.9
MT,Montana,Prairie,30079,1112,902,13.2,67.3,51.0,11.2,18.7,14.0,10.2,30.8,6.6,34.0,22.7,26.2,19.2,26.5
VA,Virginia,Franklin,51067,55549,45296,9.4,76.5,67.7,8.2,13.9,11.7,11.0,32.9,5.9,34.9,19.0,26.0,15.7,25.1
AL,Alabama,Lee,1081,183215,145050,9.1,79.3,57.5,9.4,17.5,13.7,12.7,38.6,5.9,39.9,20.1,23.4,13.8,25.7
NC,North Carolina,Burke,37023,88338,72201,12.4,77.2,60.4,9.4,17.4,13.4,10.9,34.1,6.4,36.7,21.0,27.4,17.4,26.7
OK,Oklahoma,Atoka,40005,14525,11475,12.9,74.6,48.1,12.0,23.0,16.8,12.7,38.9,7.3,40.4,24.2,25.6,21.8,33.3
AL,Alabama,Escambia,1053,36558,28282,13.5,78.5,47.9,14.9,29.9,20.8,15.6,44.0,7.6,43.9,29.9,24.9,21.6,34.1
MO,Missouri,Clay,29047,259772,199234,8.1,76.0,62.6,7.4,11.3,11.2,9.7,32.5,5.2,37.1,16.8,23.8,14.1,23.9
MS,Mississippi,Wilkinson,28157,8058,6454,14.8,81.4,5.9,17.9,34.5,26.3,17.6,48.8,7.3,47.7,30.2,17.5,21.2,40.3
KS,Kansas,McPherson,20113,30091,23489,8.2,74.4,65.5,6.4,10.9,10.0,8.8,30.8,5.2,38.0,15.9,22.2,14.6,25.3
AR,Arkansas,Mississippi,5093,38663,28644,12.9,78.4,45.6,13.1,26.0,20.3,13.4,43.4,7.0,46.7,27.8,25.4,19.1,35.8
IL,Illinois,McHenry,17111,312800,242583,8.4,75.2,64.9,6.4,11.6,10.4,8.8,29.7,4.7,31.7,15.4,22.3,11.4,20.1
VA,Virginia,Alleghany,51005,14595,12022,9.4,76.2,61.8,8.3,14.5,11.8,11.0,33.8,6.1,39.1,20.0,26.7,17.5,25.7
GA,Georgia,Atkinson,13003,8293,6215,26.0,74.7,47.0,15.9,32.0,24.1,16.5,40.4,7.9,43.9,32.2,22.2,22.1,39.4
MT,Montana,Meagher,30059,2071,1699,9.6,68.9,64.8,7.6,11.9,9.9,8.3,28.1,5.3,32.6,17.0,25.3,14.3,20.7
AR,Arkansas,Yell,5149,20044,15261,16.1,75.1,49.0,10.9,21.3,16.5,12.2,38.3,6.9,41.9,26.2,26.1,18.6,34.0
WI,Wisconsin,Sauk,55111,65920,51378,8.4,74.4,63.9,6.9,12.2,10.3,9.8,28.6,5.4,40.2,17.3,25.5,15.2,28.2
ND,North Dakota,Dunn,38025,4019,2975,8.1,72.0,62.7,7.1,11.9,10.2,9.4,30.3,5.6,36.5,16.5,20.7,15.0,22.7
NE,Nebraska,Wayne,31179,9874,7832,9.6,74.1,65.4,7.1,12.7,10.4,10.0,29.9,5.5,41.0,15.5,18.1,14.3,26.3
AL,Alabama,Randolph,1111,22786,17988,10.9,78.3,51.8,10.6,20.7,15.1,12.7,39.7,6.5,38.0,23.5,25.8,17.6,28.2
ND,North Dakota,Pierce,38069,3902,3000,7.5,73.1,63.4,6.9,11.9,9.8,9.0,29.3,5.4,40.9,16.5,22.0,14.9,23.6
AR,Arkansas,Baxter,5005,42875,35338,10.7,76.7,53.4,9.5,17.3,13.6,10.3,36.2,6.8,38.2,23.2,28.7,17.9,29.8
IL,Illinois,Henderson,17071,6088,4976,8.3,75.2,61.4,7.8,14.3,11.8,9.8,31.8,5.6,38.7,18.4,23.9,15.9,22.9
NY,New York,Lewis,36049,26548,20528,6.6,78.1,60.4,8.2,14.6,12.9,9.2,30.2,5.7,40.7,17.3,22.3,15.4,26.0
GA,Georgia,Brantley,13025,18401,14186,15.1,74.5,52.6,10.3,19.3,14.9,11.9,35.5,6.7,38.7,23.5,25.0,19.9,31.1
AR,Arkansas,Pulaski,5119,400009,307397,10.5,79.5,58.4,10.6,19.1,16.4,11.5,39.5,5.8,40.6,21.8,23.6,13.6,28.4
AR,Arkansas,Greene,5055,46743,35680,11.5,76.5,50.6,9.8,18.6,14.3,11.0,39.3,6.8,42.3,24.5,28.5,18.8,33.9
WV,West Virginia,Gilmer,54021,7254,6147,11.6,78.3,52.1,11.2,20.6,16.7,14.5,42.0,7.3,43.8,26.7,28.6,21.5,34.2
MI,Michigan,Branch,26023,45215,34668,9.1,76.3,63.0,9.5,18.0,13.7,10.9,34.3,6.4,35.9,20.9,28.7,18.3,26.8
NM,New Mexico,San Miguel,35047,26668,22308,21.2,66.4,58.6,12.8,26.1,21.5,13.3,30.2,5.9,38.0,26.2,20.9,12.3,29.8
MO,Missouri,Greene,29077,304611,241659,8.6,76.7,62.1,8.5,13.9,12.3,10.2,31.6,5.8,37.8,19.3,24.8,16.4,25.8
OH,Ohio,Williams,39171,36591,28607,9.5,76.2,61.1,8.2,14.8,12.2,11.6,34.4,6.3,40.7,19.4,27.1,18.3,29.9
IN,Indiana,Henry,18065,48929,39114,8.9,76.9,56.9,8.1,15.1,11.9,11.2,36.0,6.2,43.6,20.8,27.8,18.4,27.6
GA,Georgia,Clay,13061,2853,2290,15.3,79.7,52.6,15.3,29.2,23.9,16.1,43.2,6.7,42.3,26.9,19.9,18.6,34.5
IN,Indiana,Washington,18175,28205,21906,9.4,77.3,59.6,8.7,16.4,12.5,11.9,36.9,6.5,41.0,22.2,28.6,20.0,27.1
IN,Indiana,Vermillion,18165,15417,12095,8.6,78.0,55.8,8.1,15.2,11.8,11.5,35.3,6.4,40.4,21.4,27.6,19.0,26.0
AL,Alabama,Dallas,1047,36165,27736,13.0,81.8,47.4,17.9,35.9,26.5,18.1,49.2,7.2,46.5,31.3,21.4,20.1,36.1
MO,Missouri,Nodaway,29147,20695,17134,8.7,76.9,55.3,8.6,13.8,12.4,10.4,33.3,6.1,39.5,20.1,26.4,17.5,28.3
VA,Virginia,Lynchburg,51680,79535,64016,9.1,78.5,65.8,9.6,17.2,14.4,12.5,36.5,5.8,40.4,20.2,24.1,14.9,25.3
OK,Oklahoma,Custer,40039,28266,21204,12.3,75.8,57.1,10.0,19.4,15.1,11.8,35.6,6.6,43.1,21.4,26.0,17.0,32.1
WI,Wisconsin,Marinette,55075,42106,34244,8.4,74.5,61.4,7.4,13.4,10.8,9.9,29.6,5.8,37.6,17.8,25.4,16.6,27.5
VA,Virginia,Radford,51750,16971,14797,9.7,77.3,62.1,10.9,19.0,14.7,13.7,37.5,7.2,40.5,23.4,27.9,18.5,29.0
ND,North Dakota,Grand Forks,38035,72708,57336,7.1,73.8,62.6,6.7,11.1,9.6,9.8,30.3,5.5,37.9,16.5,22.7,12.9,22.6
AL,Alabama,Chambers,1017,34079,26970,12.1,78.9,48.3,12.9,26.1,19.5,14.5,42.8,6.5,41.6,25.8,23.9,18.2,32.5
NY,New York,Niagara,36063,209457,168091,6.1,80.0,65.3,8.2,14.3,13.2,8.9,31.4,5.3,39.4,16.7,22.3,14.0,24.8
AK,Alaska,Dillingham,2070,4607,3180,13.4,63.5,47.4,16.9,27.4,20.9,12.5,33.9,7.3,38.5,26.5,20.0,25.7,29.3
MO,Missouri,Bates,29013,16242,12485,10.5,75.3,56.2,9.9,16.8,14.2,11.1,34.6,6.5,41.0,23.1,27.6,21.0,32.2
NE,Nebraska,Gage,31067,21634,16755,9.5,74.4,59.5,7.2,12.9,9.9,9.7,32.7,5.6,41.8,16.5,19.0,16.2,26.5
OH,Ohio,Hocking,39073,27540,21637,9.3,77.0,55.0,9.0,16.8,13.1,12.3,36.0,6.9,35.8,21.3,28.7,20.8,31.4
UT,Utah,Garfield,49017,5314,4137,9.4,71.8,65.7,7.0,12.1,9.9,8.9,28.3,5.2,28.9,16.3,26.4,9.8,18.1
ID,Idaho,Cassia,16031,25696,17834,16.0,70.4,61.2,9.4,17.6,14.3,10.2,30.5,5.8,37.9,20.7,22.4,13.4,26.4
UT,Utah,San Juan,49037,14358,10367,12.4,71.8,59.0,14.1,26.2,18.5,13.7,34.6,6.9,34.4,25.7,27.0,16.2,24.6
AR,Arkansas,Carroll,5015,28814,22640,14.8,75.5,54.5,10.2,19.8,15.7,11.4,37.4,6.8,37.7,24.6,25.7,17.5,34.5
AL,Alabama,Shelby,1117,233000,180682,7.4,78.0,67.1,6.5,11.6,9.5,9.6,36.4,4.8,31.6,15.3,22.3,10.6,19.9
KS,Kansas,Elk,20049,2467,1897,10.5,74.0,55.2,9.1,16.4,13.7,11.0,33.5,6.5,40.5,20.9,23.4,19.3,31.8
CA,California,Sonoma,6097,481812,391558,8.8,69.7,68.4,7.9,13.5,12.5,8.6,26.4,4.8,26.1,17.7,23.9,10.8,20.0
VA,Virginia,Westmoreland,51193,19013,15601,12.2,78.0,59.2,11.2,20.9,16.5,13.2,35.9,6.5,41.2,23.9,25.1,17.9,30.2
ND,North Dakota,Walsh,38099,10305,7893,10.6,72.6,56.7,7.6,13.6,11.3,9.4,30.1,5.7,36.0,17.6,20.9,15.3,24.6
GA,Georgia,Dodge,13091,19776,16128,15.6,76.6,53.9,12.3,24.0,18.9,13.9,39.7,6.8,40.4,24.6,21.5,19.1,32.1
GA,Georgia,Rockdale,13247,95987,73494,14.3,79.3,56.0,12.5,23.5,20.8,14.7,39.8,5.5,38.9,21.9,18.1,14.2,29.4
NJ,New Jersey,Bergen,34003,957736,759402,10.4,76.6,69.2,6.1,11.3,10.8,8.0,28.1,4.1,25.4,13.7,14.6,8.4,20.6
CA,California,Marin,6041,254407,206190,6.2,69.3,75.0,6.2,9.8,9.5,7.5,25.2,4.3,21.3,15.0,22.1,8.4,16.6
IL,Illinois,Ogle,17141,51265,39938,9.4,75.4,58.7,7.6,14.0,12.1,9.7,31.2,5.3,40.9,17.8,23.0,14.2,22.5
MI,Michigan,Newaygo,26123,51108,40085,8.6,76.9,63.8,9.2,17.2,13.0,10.3,33.5,6.4,37.5,20.4,28.4,18.3,26.1
MS,Mississippi,Lauderdale,28075,70527,54144,12.4,80.3,8.1,14.0,26.2,20.5,14.1,43.1,6.7,42.3,24.9,19.6,19.0,34.3
KS,Kansas,Harvey,20079,33504,25695,10.3,75.3,64.9,7.0,12.9,11.5,10.0,29.8,5.4,37.2,16.9,21.5,14.5,26.7
SC,South Carolina,Chesterfield,45025,44031,34239,16.3,78.7,56.4,12.6,28.0,19.9,14.8,39.2,6.6,45.0,25.5,24.2,18.4,32.9
MI,Michigan,Sanilac,26151,40368,32004,8.3,76.8,59.3,8.9,16.7,12.8,10.3,33.2,6.3,39.9,20.1,29.6,18.5,28.0
OK,Oklahoma,Rogers,40131,100248,77057,9.4,76.0,59.7,8.6,15.3,12.5,10.6,33.8,6.0,39.9,17.7,25.4,16.0,27.4
OH,Ohio,Erie,39043,74035,59711,8.2,78.7,66.5,7.8,14.0,12.1,11.0,34.4,5.8,40.3,17.1,26.2,15.6,26.0
NE,Nebraska,Keith,31101,8113,6429,10.3,71.0,62.1,7.0,12.7,10.3,9.3,29.1,5.4,35.7,16.2,17.4,14.8,28.1
ME,Maine,Washington,23029,31555,25717,10.5,78.2,56.4,11.1,16.2,14.2,10.7,34.0,6.5,39.9,21.7,29.1,19.2,29.8
GA,Georgia,Lincoln,13181,7879,6351,14.1,76.9,57.1,11.7,21.9,17.7,13.2,37.9,6.5,38.0,23.6,22.2,18.6,30.2
SC,South Carolina,Williamsburg,45089,29891,24199,16.1,80.7,50.2,14.5,31.8,24.3,16.3,43.7,6.4,45.1,27.3,21.1,18.1,32.9
OK,Oklahoma,Harper,40059,3190,2450,14.8,75.8,56.9,9.4,18.8,14.7,11.2,35.6,6.4,39.3,20.9,24.5,16.1,31.6
OK,Oklahoma,Muskogee,40101,66677,50493,12.5,77.4,53.2,13.1,24.4,18.3,13.4,39.5,7.3,41.7,25.7,26.8,21.2,35.0
MD,Maryland,St. Mary's,24037,115281,87752,7.9,76.5,64.3,7.0,12.3,11.7,10.3,32.6,5.1,37.2,16.6,21.5,12.7,22.3
MT,Montana,Chouteau,30015,5847,4657,10.9,69.2,58.6,10.1,16.4,12.9,9.5,30.8,5.6,35.8,19.7,25.5,17.4,22.7
IN,Indiana,Posey,18129,25040,19685,7.3,78.1,66.4,6.6,11.6,9.9,10.0,33.2,5.5,40.0,17.8,26.4,15.6,21.3
MO,Missouri,Dade,29057,7716,6133,10.5,75.8,51.0,10.4,17.5,14.5,11.8,35.3,6.9,40.5,23.7,27.5,21.5,32.3
KS,Kansas,Chautauqua,20019,3347,2613,11.5,73.4,56.3,9.8,18.0,14.6,11.3,34.3,6.8,40.9,22.0,23.2,20.1,30.6
NE,Nebraska,Boone,31011,5310,4024,9.8,72.7,61.7,7.0,12.7,10.0,9.4,29.4,5.5,33.4,15.5,18.4,15.5,26.8
VA,Virginia,Shenandoah,51171,45228,35666,11.1,76.0,63.2,8.5,15.0,12.4,11.0,32.1,6.0,36.3,20.3,25.1,16.4,26.9
OH,Ohio,Stark,39151,372716,292739,8.1,76.4,64.6,8.0,14.0,12.0,11.1,33.2,6.0,40.5,19.2,26.4,17.6,27.5
OH,Ohio,Marion,39101,64851,50931,9.8,77.0,55.1,9.2,16.8,13.5,12.5,37.0,6.8,44.1,21.5,28.2,19.9,32.5
IA,Iowa,Hardin,19083,16463,13369,8.0,75.0,64.1,7.5,13.1,10.6,9.9,31.6,5.6,39.2,17.8,21.6,16.9,25.2
IL,Illinois,Stark,17175,5218,4084,8.3,75.1,61.0,7.7,14.1,11.9,9.7,31.5,5.6,38.3,18.1,24.0,15.7,22.9
NC,North Carolina,Alexander,37003,36473,29341,11.7,76.4,61.9,8.7,15.8,12.5,10.1,33.5,6.1,36.2,19.6,27.0,17.1,24.7
ND,North Dakota,Stark,38089,33001,23903,8.5,72.9,61.8,6.7,11.5,10.0,8.9,30.4,5.6,37.5,16.6,19.8,14.3,23.2
MI,Michigan,Schoolcraft,26153,8149,6684,7.8,77.3,61.4,10.1,18.2,13.8,10.8,33.2,6.5,40.1,21.1,29.5,19.0,26.5
RI,Rhode Island,Newport,44005,83832,70797,5.8,82.5,75.3,5.9,9.7,9.2,7.8,28.2,4.7,27.9,13.1,24.1,9.8,18.4
HI,Hawaii,Honolulu,15003,989408,787914,5.3,76.2,69.1,7.4,17.7,11.6,10.5,27.9,4.6,26.0,17.2,15.9,10.3,22.4
MS,Mississippi,Leflore,28083,26378,19118,15.0,83.2,5.2,20.0,38.4,28.8,19.0,49.2,7.5,43.9,32.1,18.0,21.6,41.1
MS,Mississippi,Leake,28079,21258,16198,14.1,79.7,7.5,14.5,27.5,21.3,14.5,43.6,6.8,42.8,26.5,19.9,19.6,36.8
VA,Virginia,Bristol,51520,16807,13451,10.0,76.5,60.2,9.4,16.7,13.0,11.8,34.8,6.4,39.3,21.7,27.1,17.8,27.6
ND,North Dakota,Benson,38005,5745,3810,10.2,73.1,49.3,14.1,24.8,18.3,13.4,36.6,7.4,43.8,25.6,22.2,23.1,30.5
UT,Utah,Box Elder,49003,62684,43845,10.4,73.4,67.8,7.1,12.7,10.1,8.9,28.2,5.2,32.7,16.5,26.6,9.9,19.4
GA,Georgia,Ware,13299,36243,27189,16.8,77.1,49.5,13.3,25.5,20.1,14.7,40.0,7.0,41.5,26.8,22.5,20.0,35.6
ND,North Dakota,McLean,38055,9832,7747,7.1,73.4,64.7,6.4,10.3,9.1,8.6,29.9,5.2,40.2,15.5,21.9,14.3,22.7
AK,Alaska,Kodiak Island,2150,12565,9632,10.5,67.1,55.7,8.5,14.8,11.7,9.3,30.2,5.2,31.4,17.7,17.2,15.0,22.8
IN,Indiana,Delaware,18035,112321,91956,8.7,78.4,55.5,9.3,17.3,13.6,12.9,35.8,6.5,38.9,22.7,29.6,19.0,25.6
CA,California,Napa,6055,133216,107838,10.2,70.4,63.0,8.4,15.0,13.5,9.3,27.7,4.9,28.2,19.4,21.8,10.6,22.2
LA,Louisiana,St. James,22093,19191,14995,8.2,81.6,56.6,11.6,22.7,18.6,13.4,40.3,5.9,43.7,22.9,25.7,16.8,30.7
MT,Montana,Flathead,30029,113679,89230,9.3,67.5,61.7,7.2,10.7,9.4,7.4,26.1,5.0,30.8,16.4,25.0,12.9,18.1
IA,Iowa,Buchanan,19019,20691,15459,6.8,74.9,69.7,6.4,11.0,9.3,8.9,30.5,5.2,37.4,15.7,21.3,15.6,22.6
LA,Louisiana,Allen,22003,22112,17025,11.9,78.3,52.9,13.0,26.7,19.3,14.3,42.3,7.4,43.9,27.3,27.6,21.6,34.4
NC,North Carolina,Caswell,37033,22807,18569,12.6,78.2,57.1,10.8,20.3,16.2,12.0,37.2,6.2,39.1,21.8,24.9,17.4,26.9
ND,North Dakota,Divide,38023,2135,1615,8.2,72.6,64.0,6.9,11.7,10.1,9.0,29.9,5.6,37.8,17.0,21.5,14.9,23.1
OK,Oklahoma,Carter,40019,48596,36523,11.4,77.0,54.4,10.4,20.2,15.4,11.9,37.8,6.5,39.7,21.2,26.2,18.2,33.6
VA,Virginia,Hampton,51650,137098,107586,9.8,80.6,63.9,11.0,20.1,17.3,13.8,38.1,5.7,40.9,20.9,21.3,14.6,26.1
OH,Ohio,Tuscarawas,39157,91874,70742,9.5,76.9,57.2,8.2,15.2,12.3,11.0,34.3,6.2,43.4,19.0,26.2,18.0,28.3
LA,Louisiana,East Feliciana,22037,19229,15872,9.3,79.9,57.1,11.7,23.2,18.7,13.2,42.4,6.4,41.9,24.0,25.3,18.4,32.1
AR,Arkansas,Lincoln,5079,12898,10904,14.7,76.0,44.5,12.6,24.7,19.2,13.5,42.9,7.4,42.8,27.8,21.9,20.2,36.1
MN,Minnesota,Kanabec,27065,16602,13036,9.1,69.9,60.6,8.7,14.7,11.5,9.8,29.4,5.7,37.3,18.1,26.7,18.2,26.0
IL,Illinois,Edwards,17047,5968,4705,8.9,75.0,62.0,9.0,16.8,13.4,10.7,32.9,6.2,40.3,20.5,25.5,17.9,25.0
MT,Montana,Roosevelt,30085,10319,6918,13.1,68.5,46.5,17.4,28.1,20.5,13.5,35.4,7.3,41.3,28.2,26.9,23.7,29.5
OH,Ohio,Morgan,39115,13646,10828,9.4,77.4,59.3,9.2,16.7,13.4,12.3,35.9,6.8,41.0,21.4,28.3,20.0,31.2
IN,Indiana,Montgomery,18107,38573,29757,9.6,78.0,58.4,8.1,15.5,12.0,11.2,35.0,6.2,39.5,20.8,27.1,18.1,27.2
MO,Missouri,Crawford,29055,22719,17715,10.8,75.3,50.3,9.7,16.4,13.9,11.0,32.9,6.5,41.7,22.9,27.3,20.8,31.7
NH,New Hampshire,Strafford,33017,133243,110001,7.0,75.8,65.2,6.2,10.5,9.4,7.8,29.3,4.7,33.3,13.9,26.6,11.3,19.1
GA,Georgia,Franklin,13119,24782,19292,14.7,75.4,53.4,10.5,19.7,15.3,12.4,36.5,6.6,39.4,23.4,23.4,18.6,29.7
CT,Connecticut,South Central Connecticut,9170,568158,457936,10.6,78.7,67.9,9.5,16.7,15.3,9.2,30.0,4.9,33.9,15.9,20.9,11.3,26.0
NE,Nebraska,Pierce,31139,7299,5430,8.3,73.0,64.9,6.2,10.8,8.8,8.6,28.8,5.2,39.2,14.6,18.3,14.3,25.1
MI,Michigan,Luce,26095,6435,5396,8.4,77.5,62.2,10.5,19.2,15.2,11.6,36.5,6.7,41.3,21.4,25.5,18.6,26.0
MO,Missouri,Ste. Genevieve,29186,18642,14648,8.9,75.7,57.1,8.1,12.9,11.8,9.8,33.1,5.8,37.1,19.4,25.9,17.5,28.2
NC,North Carolina,Northampton,37131,16715,13758,12.8,80.4,55.9,13.8,26.7,21.2,14.2,41.1,6.5,43.1,24.9,24.4,18.4,30.2
NE,Nebraska,Dawes,31045,8133,6654,8.2,72.8,62.1,7.0,12.2,9.8,9.6,30.3,5.4,38.3,15.7,18.8,14.4,25.5
OK,Oklahoma,Ellis,40045,3648,2849,11.3,75.7,56.9,8.7,16.7,13.1,10.6,35.8,6.2,40.1,19.7,26.2,17.3,30.7
GA,Georgia,DeKalb,13089,762992,591931,12.0,78.7,58.8,9.6,17.4,15.6,12.3,36.3,4.9,31.5,17.9,16.9,11.4,22.3
IA,Iowa,Harrison,19085,14670,11251,7.2,75.7,62.3,6.9,12.0,9.9,9.7,30.7,5.5,35.0,16.7,21.6,16.1,24.0
GA,Georgia,Carroll,13045,127098,96984,14.3,75.6,59.5,10.0,18.5,15.5,12.2,35.9,5.9,34.7,21.3,21.4,16.6,28.1
AL,Alabama,Jefferson,1073,662895,511715,9.3,80.0,58.2,10.5,20.8,16.0,13.5,40.0,5.7,37.6,20.3,23.2,14.1,27.4
KS,Kansas,Reno,20155,61497,48096,10.7,75.9,58.9,8.1,15.5,13.3,10.9,30.6,6.1,44.5,19.0,23.2,17.6,28.4
KS,Kansas,Miami,20121,35320,27123,8.2,73.7,68.3,6.1,10.1,9.7,8.8,28.8,5.1,34.7,15.3,22.0,13.9,22.6
AR,Arkansas,Polk,5113,19436,15141,12.5,76.0,51.4,10.7,20.1,15.1,11.8,37.2,7.1,40.2,25.1,26.8,19.4,33.5
IA,Iowa,Howard,19089,9376,7026,8.0,74.4,67.0,7.3,12.9,10.3,9.7,31.0,5.7,38.2,18.0,21.8,17.2,24.6
AR,Arkansas,Jefferson,5069,63661,50000,12.5,80.6,45.4,14.5,28.4,23.7,15.1,47.2,6.8,46.3,27.7,22.3,18.0,37.0
MA,Massachusetts,Norfolk,25021,727473,580073,4.0,79.8,70.9,6.4,9.8,9.0,7.7,26.3,4.3,23.4,12.6,22.6,9.3,16.4
AL,Alabama,Geneva,1061,26988,21061,12.5,77.1,54.2,11.2,22.2,15.7,13.0,39.1,7.0,42.2,25.3,27.1,19.8,30.1
MO,Missouri,Madison,29123,12698,9847,10.1,75.0,55.5,9.0,15.0,13.0,10.6,33.2,6.1,37.5,21.5,26.7,19.6,30.4
MN,Minnesota,Wadena,27159,14241,10464,9.2,71.3,60.0,8.9,14.9,11.5,10.1,29.2,5.9,38.5,18.4,26.8,17.8,27.4
AL,Alabama,Morgan,1103,125133,96099,11.7,77.0,54.9,9.6,18.8,14.2,12.3,39.9,6.2,38.5,22.4,24.9,16.3,28.6
MT,Montana,Liberty,30051,1974,1533,12.4,68.3,48.5,10.8,18.2,13.2,9.9,31.8,6.5,34.5,22.8,27.2,18.6,25.4
IA,Iowa,Delaware,19055,17600,13528,7.5,74.6,68.6,7.2,12.7,10.0,9.5,30.6,5.6,39.8,17.4,21.3,16.9,25.8
WI,Wisconsin,Richland,55103,17197,13613,9.3,73.7,64.0,7.9,14.5,11.4,10.1,29.4,6.0,37.6,18.8,24.5,17.2,29.2
MO,Missouri,Warren,29219,37806,29200,9.4,75.4,58.3,8.2,13.3,12.1,10.0,32.9,5.7,38.7,19.9,26.0,17.3,29.6
MN,Minnesota,Renville,27129,14348,11042,10.4,71.6,61.5,8.8,14.6,11.9,10.2,29.1,5.7,39.1,18.3,24.7,17.1,26.2
VA,Virginia,Waynesboro,51820,23182,17775,10.5,76.7,62.5,8.8,15.7,13.0,11.4,33.8,5.8,38.6,20.0,25.0,15.4,26.3
GA,Georgia,Burke,13033,24438,18515,15.7,77.7,51.8,14.0,27.0,21.7,15.2,41.0,6.8,39.8,26.3,21.2,19.2,33.4
NY,New York,Schenectady,36093,159902,125778,6.4,78.1,65.5,8.2,14.7,13.3,8.9,29.8,5.1,34.6,15.6,19.9,12.5,21.9
IA,Iowa,Marshall,19127,40014,29881,11.5,76.6,63.2,8.2,15.7,12.7,10.8,30.6,5.6,44.4,19.4,20.0,15.5,27.4
CA,California,Butte,6007,207172,164973,8.4,70.8,60.8,9.7,16.9,14.6,9.9,30.5,5.7,30.6,21.3,26.0,13.9,22.7
ND,North Dakota,Golden Valley,38033,1743,1411,8.0,72.6,62.4,7.5,12.8,10.7,9.8,31.7,6.0,37.8,17.8,22.2,16.5,25.7
MI,Michigan,Presque Isle,26141,13285,11288,7.3,77.4,64.7,8.7,15.8,12.2,10.1,32.1,6.3,41.1,19.5,29.9,17.5,25.0
NC,North Carolina,Watauga,37189,54748,48121,9.5,77.9,63.5,8.3,14.1,11.3,10.5,33.8,6.3,37.0,18.6,28.1,15.1,23.0
MO,Missouri,Hickory,29085,8718,7163,11.9,75.6,48.4,12.5,22.0,17.0,12.9,37.1,7.6,43.1,27.4,28.5,24.6,36.5
AR,Arkansas,Washington,5143,261549,200987,12.8,75.8,56.3,9.2,17.1,14.2,10.7,36.4,6.1,36.7,21.6,24.2,14.2,28.4
AL,Alabama,Covington,1039,37952,29514,10.9,77.7,53.1,10.6,20.5,14.8,12.8,39.6,6.6,38.1,24.3,26.0,18.3,29.7
LA,Louisiana,Morehouse,22067,23955,18408,11.3,81.1,45.3,17.6,35.4,25.9,16.8,47.5,7.8,44.9,31.4,27.7,23.5,37.1
NE,Nebraska,Clay,31035,6116,4559,10.1,73.1,60.6,6.9,12.6,10.1,9.3,29.6,5.4,40.1,15.8,17.9,15.2,25.9
GA,Georgia,Coffee,13069,43317,32601,19.4,76.5,50.0,14.2,28.1,21.6,15.0,39.9,7.2,39.4,28.0,21.8,20.9,34.6
MI,Michigan,Cheboygan,26031,26048,22070,7.5,77.4,67.0,8.9,16.0,12.4,10.2,32.7,6.2,41.0,19.3,29.3,17.5,24.1
IN,Indiana,Whitley,18183,34742,26865,8.0,77.6,62.7,6.9,12.5,10.4,10.2,32.8,5.7,39.4,17.9,25.8,16.1,22.7
OH,Ohio,Auglaize,39011,46050,35144,7.5,77.0,64.8,6.7,11.4,10.1,9.8,32.2,5.7,39.5,16.9,26.1,15.7,25.0
IA,Iowa,Polk,19153,505255,383731,7.6,74.8,64.0,7.1,12.7,10.7,9.6,30.1,5.2,36.9,17.0,21.7,13.3,23.5
NV,Nevada,Lincoln,32017,4452,3519,10.0,70.2,57.1,8.0,13.4,11.8,8.8,29.4,5.4,31.7,18.5,23.0,15.6,22.1
IA,Iowa,Plymouth,19149,25722,19365,7.4,74.8,67.0,6.5,11.1,9.5,9.0,29.7,5.1,39.4,15.5,20.0,14.9,23.1
MS,Mississippi,Webster,28155,9988,7562,11.2,78.4,9.2,9.7,17.9,14.0,11.3,38.3,5.8,36.3,20.9,21.1,17.1,30.6
IL,Illinois,Calhoun,17013,4317,3452,7.1,75.3,65.9,6.3,10.9,10.0,8.5,29.3,4.9,35.1,15.3,23.4,13.4,19.6
WI,Wisconsin,Door,55029,30562,25848,7.1,75.2,64.3,6.0,9.8,8.7,8.6,27.9,5.1,36.8,14.7,23.4,12.7,23.9
IN,Indiana,Jasper,18073,33535,25921,8.9,75.8,63.0,7.0,12.7,10.7,10.3,33.4,5.7,40.0,19.1,25.9,16.0,24.0
ID,Idaho,Butte,16023,2758,2126,13.9,70.3,59.5,11.3,20.4,15.2,11.1,31.8,7.1,35.7,23.3,26.1,18.1,27.4
WV,West Virginia,Logan,54045,30827,24401,10.6,77.7,45.2,11.8,21.4,16.4,14.2,41.0,7.6,44.7,29.5,36.2,24.6,37.1
MS,Mississippi,Jones,28067,66250,49715,12.4,79.3,9.9,12.5,22.7,17.7,13.6,42.4,6.6,41.9,23.7,20.7,18.2,35.1
NY,New York,Nassau,36059,1381715,1086193,6.4,79.9,68.6,6.5,11.9,11.6,8.3,27.4,4.2,28.3,13.6,14.0,8.7,22.0
CA,California,Merced,6047,291920,209020,18.3,69.3,49.5,13.8,28.7,23.0,13.3,31.8,6.2,34.3,29.8,21.3,14.5,33.7
UT,Utah,Tooele,49045,82051,56930,10.7,70.6,67.3,6.8,12.4,9.7,9.4,30.3,4.8,37.3,16.4,27.3,9.3,21.3
AZ,Arizona,Pima,4019,1063162,858060,13.0,73.3,56.9,9.3,15.7,12.8,9.5,30.1,5.2,32.2,19.2,23.6,11.3,21.6
CA,California,Trinity,6105,15670,12928,7.8,69.9,57.8,11.1,19.4,15.6,10.7,32.2,6.6,33.2,24.1,27.7,17.7,25.2
CA,California,Ventura,6111,829590,651461,10.7,71.6,64.4,8.7,16.0,14.6,9.9,27.3,4.8,25.7,21.0,21.1,10.5,22.8
AL,Alabama,Blount,1009,59816,46099,12.0,77.0,54.0,9.2,17.7,13.1,11.3,36.0,6.3,36.0,22.1,26.0,16.9,27.7
OK,Oklahoma,Stephens,40137,44014,33994,11.9,76.7,55.2,10.0,19.8,14.6,11.4,37.8,6.7,39.2,22.3,26.8,19.1,32.5
AR,Arkansas,Conway,5029,21077,16337,11.8,76.6,47.5,11.2,21.6,16.5,12.4,40.5,7.1,41.1,25.9,26.3,19.1,34.5
KS,Kansas,Ford,20057,33980,23779,22.2,72.1,53.2,10.8,23.4,19.4,12.9,33.1,6.3,39.6,24.5,17.9,15.8,34.2
IA,Iowa,Buena Vista,19021,20567,15115,13.2,75.4,62.4,9.5,19.1,14.8,11.7,31.6,6.0,38.9,22.1,18.3,16.2,29.7
NC,North Carolina,Wilson,37195,78970,60928,14.5,79.8,52.1,13.4,26.2,20.2,14.0,39.8,6.8,38.5,25.4,24.8,18.4,30.6
AR,Arkansas,Fulton,5049,12421,9795,12.2,76.3,43.8,11.4,21.9,15.8,12.4,39.6,7.7,39.7,26.9,28.8,21.4,34.5
MN,Minnesota,Mille Lacs,27095,27427,21090,8.7,71.1,60.8,8.4,14.5,11.5,9.7,30.7,5.6,38.0,17.1,26.0,17.6,26.7
MI,Michigan,Wayne,26163,1751169,1339690,8.3,79.5,62.5,12.4,24.2,19.3,12.5,37.1,6.3,37.3,23.3,24.9,17.2,28.8
NM,New Mexico,Otero,35035,68835,54011,15.9,67.8,58.7,12.1,23.2,18.6,11.8,32.4,6.3,38.1,23.9,24.4,15.7,24.4
MO,Missouri,Buchanan,29021,82956,64505,11.0,76.2,58.0,9.9,16.8,14.4,11.4,34.6,6.4,43.1,22.5,25.5,19.1,31.7
NE,Nebraska,Antelope,31003,6302,4745,9.3,73.7,63.3,6.8,12.3,9.8,9.6,30.6,5.4,43.0,15.5,18.2,15.4,26.0
SC,South Carolina,Dillon,45033,27698,20691,17.2,79.2,41.9,16.7,35.0,25.2,17.3,43.2,7.4,45.3,30.2,23.7,21.5,34.6
OK,Oklahoma,Okfuskee,40107,11300,8773,14.0,75.7,46.6,14.8,28.6,20.3,14.7,41.5,8.2,45.6,27.7,26.6,24.8,37.4
GA,Georgia,Quitman,13239,2280,1849,16.8,78.3,51.4,15.5,30.4,24.2,16.0,42.6,7.0,43.3,28.3,21.0,20.9,35.3
AK,Alaska,Juneau,2110,31555,25267,8.7,66.7,62.7,7.8,11.8,10.2,7.8,29.5,5.0,34.5,16.1,21.5,13.8,17.0
IA,Iowa,Cerro Gordo,19033,42406,33545,7.6,74.5,66.3,7.1,12.4,10.2,9.5,30.5,5.5,40.5,17.0,22.9,16.3,24.9
CA,California,El Dorado,6017,192215,155106,6.2,70.5,69.4,6.9,11.3,10.5,8.0,26.5,4.7,27.4,16.3,23.9,10.6,17.9
GA,Georgia,Early,13099,10563,7986,16.3,78.4,49.1,14.8,29.0,23.3,15.4,41.6,6.6,41.1,27.2,20.9,19.5,34.3
MN,Minnesota,Dodge,27039,21088,15823,7.3,71.5,71.1,6.4,9.8,8.7,8.3,26.4,4.8,34.9,14.4,24.9,13.4,21.7
NE,Nebraska,Grant,31075,565,427,7.8,72.8,67.4,6.2,10.5,8.5,8.8,29.5,5.2,36.6,14.2,18.7,13.8,23.5
OH,Ohio,Fulton,39051,42007,32339,9.0,76.7,59.6,7.2,12.8,11.2,10.7,32.3,5.7,36.8,17.2,25.9,15.4,25.7
MO,Missouri,Ozark,29153,8970,7255,12.4,75.0,44.8,12.1,20.9,16.6,12.5,36.7,7.6,42.3,27.2,28.4,24.0,35.5
LA,Louisiana,Vernon,22115,46250,34491,9.8,79.5,56.2,11.0,21.7,16.0,12.6,39.2,6.6,39.4,23.9,27.4,19.2,31.9
KS,Kansas,Butler,20015,68632,51856,8.6,75.2,65.3,6.7,11.9,10.9,9.3,31.3,5.3,38.8,16.2,21.8,14.5,22.5
GA,Georgia,Lanier,13173,10452,7992,16.6,76.3,47.4,13.1,24.9,19.4,14.6,39.4,7.1,40.9,26.0,22.3,19.9,33.2
MS,Mississippi,Carroll,28015,9535,7933,13.7,79.0,7.2,13.7,25.8,19.4,14.3,42.5,7.1,40.4,26.3,20.1,20.3,36.2
IN,Indiana,Ripley,18137,29227,22263,8.2,77.6,60.6,7.1,12.9,10.5,10.2,33.2,5.7,36.1,18.9,26.1,17.2,23.6
NJ,New Jersey,Morris,34027,514423,409159,8.4,76.1,72.8,5.4,8.9,8.4,7.4,26.5,4.0,22.6,11.8,15.6,8.5,18.1
IL,Illinois,Montgomery,17135,27663,22131,9.1,75.0,58.2,8.3,15.5,12.8,10.1,32.0,5.8,39.2,19.4,23.5,16.6,23.9
MI,Michigan,Midland,26111,84039,66530,6.0,77.5,70.0,6.9,11.8,9.7,8.7,30.3,5.4,31.7,15.8,27.2,13.5,20.2
NE,Nebraska,Lancaster,31109,326716,254106,8.8,75.4,67.4,6.5,11.5,9.5,9.4,29.8,5.2,35.7,14.9,20.5,12.6,20.5
GA,Georgia,Bleckley,13023,12465,9890,13.7,77.5,57.3,11.0,20.4,16.8,12.8,36.7,6.3,38.3,22.6,22.7,17.4,28.8
MD,Maryland,Baltimore,24005,844703,661546,8.4,78.5,63.3,8.6,16.4,14.9,11.3,32.9,5.0,34.2,17.4,21.4,11.4,25.3
VA,Virginia,Wise,51195,35174,28336,11.2,76.0,57.3,10.1,18.4,13.9,12.7,37.4,6.9,43.5,23.2,27.2,19.9,30.2
OH,Ohio,Lorain,39093,317910,249779,9.1,77.5,62.2,8.0,14.6,12.4,11.5,33.4,5.8,36.7,18.2,26.4,15.3,27.5
NY,New York,Yates,36123,24472,18914,7.3,77.7,59.4,8.6,15.7,13.3,8.9,29.7,5.7,34.5,17.7,22.3,15.8,25.0
WV,West Virginia,Pocahontas,54075,7765,6382,10.7,76.6,46.2,10.9,20.3,15.4,13.7,39.8,7.4,40.6,27.1,32.2,23.2,34.5
IA,Iowa,Grundy,19075,12384,9451,6.2,75.3,70.2,5.9,9.7,8.5,8.6,29.2,5.0,37.5,14.6,21.0,14.3,22.1
KS,Kansas,Osborne,20141,3427,2619,8.8,74.7,61.7,7.4,13.1,11.5,10.0,31.4,6.0,39.2,18.2,22.3,16.6,26.9
IL,Illinois,Jackson,17077,52141,42149,8.7,77.6,55.1,10.1,18.9,15.1,11.8,34.5,6.2,42.8,20.9,23.1,16.1,25.2
UT,Utah,Salt Lake,49035,1185813,893016,11.5,69.7,68.6,7.0,13.8,11.0,8.7,28.1,4.6,29.9,16.3,27.5,8.3,18.9
MS,Mississippi,Tishomingo,28141,18507,14543,12.2,77.4,9.4,10.5,19.3,14.0,11.9,38.2,6.8,39.4,23.2,23.5,19.5,33.1
GA,Georgia,Union,13291,27124,23066,12.0,75.2,58.9,7.7,13.5,11.3,10.2,32.6,5.7,34.8,18.6,23.4,15.3,24.9
ND,North Dakota,Traill,38097,7908,6099,7.2,72.1,64.2,6.0,9.6,8.7,8.5,29.1,5.1,38.8,14.3,20.7,13.0,21.1
IL,Illinois,Williamson,17199,66706,52683,7.9,75.6,59.2,7.9,14.5,12.1,10.0,32.0,5.6,39.9,18.2,24.0,14.9,22.8
IN,Indiana,Floyd,18043,80809,62972,7.6,78.4,61.8,7.0,12.9,10.5,10.6,34.7,5.5,37.4,18.5,26.1,15.1,23.9
SC,South Carolina,Greenville,45045,558036,430899,11.7,77.4,68.5,7.7,15.3,12.3,10.7,32.6,5.2,32.5,16.8,22.3,11.5,22.5
LA,Louisiana,St. Mary,22101,47055,35623,11.7,80.2,48.4,14.2,28.9,21.4,14.7,41.6,7.1,44.9,28.4,28.6,21.7,34.8
WV,West Virginia,Wirt,54105,5000,3936,9.3,77.5,46.9,10.1,18.3,14.3,13.3,38.6,7.2,42.4,25.3,32.9,21.9,33.1
KS,Kansas,Nemaha,20131,10114,7414,8.5,73.8,61.5,6.6,11.4,10.1,9.0,31.1,5.4,39.3,16.5,22.0,15.5,24.4
ND,North Dakota,Morton,38059,33895,25862,7.2,73.4,64.6,6.2,10.3,9.2,8.3,29.3,5.2,38.4,15.0,21.6,13.6,21.7
MN,Minnesota,Itasca,27061,45365,36288,7.7,71.8,65.1,8.0,12.9,10.4,9.9,29.7,5.6,36.1,16.6,26.0,16.7,23.1
OH,Ohio,Darke,39037,51415,39329,8.8,76.7,59.1,8.1,14.5,11.8,11.3,33.6,6.3,36.6,19.8,28.2,18.4,28.1
MT,Montana,Dawson,30021,8810,6918,9.5,67.0,60.5,7.3,10.9,9.4,8.2,28.2,5.1,33.0,16.5,24.5,14.1,21.1
AK,Alaska,Wrangell,2275,2064,1686,11.0,65.2,55.3,10.2,15.9,13.4,9.1,31.4,6.0,35.0,20.0,20.2,18.0,22.3
UT,Utah,Davis,49011,373207,263292,8.7,73.5,73.0,5.8,9.5,8.5,8.4,27.4,4.7,32.7,14.5,28.7,7.4,17.2
IA,Iowa,Benton,19011,25796,19933,6.5,75.6,66.6,6.3,10.5,8.8,8.6,30.1,5.2,40.6,15.7,21.3,15.2,22.1
IA,Iowa,Winneshiek,19191,19815,16136,6.3,75.8,71.0,6.0,9.6,8.4,8.5,28.6,5.1,36.1,14.4,20.6,13.7,21.5
NE,Nebraska,Thurston,31173,6557,4284,11.1,74.6,51.8,13.0,23.8,16.9,13.1,35.5,6.6,46.3,22.7,18.2,21.9,30.2
KS,Kansas,Harper,20077,5435,4018,12.0,73.3,52.1,9.5,17.9,14.3,11.4,33.5,6.6,42.1,22.3,23.2,19.9,30.8
GA,Georgia,Chattooga,13055,25222,19718,17.9,74.2,49.9,12.3,23.6,17.8,13.5,37.5,7.2,35.1,26.7,24.0,21.6,33.6
NC,North Carolina,Granville,37077,62192,49581,12.3,78.4,59.3,10.1,18.9,15.4,11.3,36.1,5.9,35.9,20.4,24.2,15.5,25.4
GA,Georgia,Barrow,13013,92792,69765,14.9,75.8,59.4,9.2,17.4,14.6,11.6,34.6,5.6,34.8,19.9,19.7,14.7,27.8
IL,Illinois,Franklin,17055,37138,28958,9.2,75.6,55.9,9.3,17.4,13.7,10.9,32.7,6.3,41.4,21.2,25.1,18.1,25.8
SC,South Carolina,Newberry,45071,38825,30495,14.0,78.7,59.8,10.4,21.4,16.3,13.1,37.1,6.0,38.6,20.9,23.1,16.1,29.5
IA,Iowa,Jackson,19097,19342,15066,7.4,74.7,64.9,7.2,12.5,10.2,9.6,31.3,5.6,40.2,17.5,22.2,16.8,25.0
IN,Indiana,Hancock,18059,86166,66246,7.0,77.0,65.4,6.0,10.1,9.1,9.5,33.4,5.0,39.5,16.6,25.2,13.6,19.8
IN,Indiana,Knox,18083,36070,28282,8.7,77.9,61.2,8.1,15.2,11.9,11.4,35.1,6.2,37.7,21.1,26.6,18.5,24.5
MI,Michigan,Alpena,26007,28904,23463,7.5,77.5,63.4,9.2,16.8,12.8,10.5,33.4,6.5,41.3,20.2,30.2,18.4,26.1
KS,Kansas,Trego,20195,2731,2207,7.9,74.6,64.6,6.1,10.5,9.7,8.7,29.9,5.2,40.3,15.1,21.6,14.3,24.0
OH,Ohio,Warren,39165,252148,192654,6.3,77.9,69.0,5.5,9.3,8.4,9.4,28.8,4.9,32.1,13.8,23.3,12.1,19.6
OK,Oklahoma,Grant,40053,4083,3090,10.2,76.3,51.4,8.7,16.3,12.8,10.4,35.3,6.2,36.5,19.4,26.1,17.6,30.2
MN,Minnesota,Lac qui Parle,27073,6630,5192,7.9,72.1,65.2,7.1,11.1,9.5,8.7,27.3,5.2,34.8,15.6,24.9,15.2,23.0
GA,Georgia,Houston,13153,171974,128292,11.5,79.0,61.4,9.0,16.1,14.7,12.2,37.2,5.2,39.5,18.9,20.7,13.0,24.6
NM,New Mexico,Valencia,35061,79141,61087,19.2,66.5,58.2,12.3,24.3,20.0,12.4,31.0,6.0,35.6,25.1,22.5,13.7,28.0
NC,North Carolina,Surry,37171,71462,56528,13.3,77.0,57.8,9.6,18.0,13.8,10.8,34.1,6.4,40.8,21.8,28.4,17.5,27.1
LA,Louisiana,Concordia,22029,17688,13579,11.5,80.6,46.6,16.7,33.7,24.4,16.8,45.6,8.0,45.9,31.0,28.4,23.6,37.7
WV,West Virginia,Morgan,54065,17649,14668,8.9,77.7,57.9,8.9,15.6,13.0,12.2,37.7,6.4,38.8,23.0,31.5,19.9,30.6
NM,New Mexico,Torrance,35057,15633,12406,18.8,65.3,52.6,13.6,26.5,20.6,13.0,33.2,7.0,34.7,27.3,25.6,17.5,29.0
MI,Michigan,Gratiot,26057,41368,33395,8.5,77.1,68.9,9.3,17.2,13.6,10.5,33.5,6.3,37.5,20.2,27.3,17.4,25.8
MI,Michigan,Iron,26071,11740,9748,7.5,76.5,64.2,8.7,15.9,12.3,10.2,33.3,6.2,39.2,19.5,28.9,17.7,25.2
ID,Idaho,Gem,16045,21071,16445,11.3,71.9,65.8,7.7,13.2,11.0,8.7,28.3,5.3,33.0,17.4,23.4,13.3,22.7
LA,Louisiana,Plaquemines,22075,22386,16953,9.4,79.2,57.1,10.4,20.2,15.9,12.4,37.3,6.1,38.4,22.1,26.4,16.6,28.8
GA,Georgia,Crawford,13079,12277,9813,14.3,75.6,54.8,10.0,18.9,15.5,12.1,36.0,6.0,36.9,21.5,21.9,17.3,28.6
WI,Wisconsin,Clark,55019,34774,24557,11.9,71.5,59.8,8.6,16.4,12.6,10.2,28.9,6.4,38.1,20.6,23.7,18.9,32.0
UT,Utah,Wasatch,49051,37144,26748,8.7,72.4,75.9,5.4,8.9,8.1,7.4,24.9,4.5,24.1,12.9,22.8,7.3,16.5
MO,Missouri,Jackson,29095,718560,553202,10.1,76.1,63.0,9.9,16.9,16.1,11.0,33.4,5.5,37.2,20.8,25.8,16.0,30.2
IA,Iowa,Muscatine,19139,42218,32274,10.5,74.3,65.4,8.0,15.0,12.0,10.3,31.0,5.6,41.4,18.9,20.1,16.2,28.1
VA,Virginia,Dinwiddie,51053,28343,22735,9.3,78.0,61.0,8.8,15.6,13.8,11.8,35.2,5.4,40.1,19.2,23.8,14.7,26.3
VA,Virginia,Rockbridge,51163,22358,18688,8.3,75.9,63.4,7.2,11.9,10.1,10.1,32.0,5.7,34.3,17.7,25.6,14.6,23.4
MN,Minnesota,St. Louis,27137,200514,163794,7.2,72.3,63.1,8.2,12.3,9.9,9.4,28.1,5.5,36.2,16.7,26.1,16.3,22.6
MO,Missouri,Laclede,29105,36680,27574,11.2,75.6,52.4,10.6,18.2,14.8,11.5,34.9,6.8,38.3,23.9,27.1,21.4,33.0
ID,Idaho,Washington,16087,11425,8903,14.1,71.1,60.2,10.2,18.5,14.5,10.7,30.2,6.4,33.8,21.5,23.7,16.0,26.9
MN,Minnesota,Red Lake,27125,3911,2973,8.1,72.3,64.9,7.7,12.3,10.3,9.1,28.7,5.4,38.8,16.2,25.8,16.1,24.5
MO,Missouri,Schuyler,29197,4053,2951,8.9,75.2,60.1,8.0,12.8,11.6,9.8,32.6,5.7,39.0,19.7,25.7,17.9,29.3
GA,Georgia,Treutlen,13283,6341,4946,18.9,76.2,46.1,15.4,30.3,22.5,16.1,41.0,7.8,41.6,30.3,22.5,23.3,36.9
NC,North Carolina,Stokes,37169,45532,37073,10.5,77.1,60.6,8.3,14.5,11.7,9.9,33.5,6.0,36.8,18.9,28.2,16.5,24.1
IL,Illinois,Knox,17095,48411,38628,9.8,75.9,56.2,9.5,18.2,14.8,10.9,33.2,6.1,39.9,20.7,23.2,17.0,25.9
MO,Missouri,Miller,29131,25590,19541,9.7,75.9,55.9,9.0,15.0,12.9,10.6,33.1,6.2,37.3,21.3,27.2,19.0,29.6
MN,Minnesota,Lyon,27083,25427,18733,8.9,72.8,65.5,8.0,13.1,10.5,9.5,28.3,5.3,38.4,16.7,23.7,15.2,24.0
GA,Georgia,Haralson,13143,32038,24278,13.0,75.4,56.7,8.7,15.7,12.7,11.0,34.1,5.9,35.8,20.2,24.4,17.3,26.0
KS,Kansas,Crawford,20037,38764,30098,10.2,75.0,59.1,8.8,15.8,13.5,10.8,34.9,6.4,38.8,19.9,22.8,18.1,27.9
KS,Kansas,Wilson,20205,8382,6388,10.1,73.7,60.7,8.4,15.2,12.8,10.4,33.0,6.2,39.9,19.9,23.0,18.4,28.0
MO,Missouri,Cape Girardeau,29031,82984,65388,8.5,77.4,55.9,8.4,13.4,12.2,10.2,33.3,5.7,35.9,19.4,25.1,16.1,28.0
NC,North Carolina,Durham,37063,336892,271458,9.6,80.4,68.2,8.2,14.3,12.3,10.4,32.8,4.9,36.5,16.5,22.8,11.0,21.7
IN,Indiana,Fulton,18049,20358,15626,9.9,77.1,58.4,8.3,15.9,12.3,11.5,34.9,6.3,41.7,21.6,27.0,19.1,26.9
WV,West Virginia,Mercer,54055,58057,45722,9.2,79.1,54.8,10.6,18.8,15.1,13.6,38.7,7.0,41.0,25.9,33.0,22.1,32.9
IA,Iowa,Emmet,19063,9229,7456,9.5,74.7,66.1,7.9,14.2,11.5,10.0,32.1,5.8,43.2,18.6,21.0,17.0,26.2
AR,Arkansas,Dallas,5039,6185,4934,11.8,78.1,48.8,11.7,22.9,19.1,12.7,41.3,6.2,42.1,25.1,23.6,17.1,35.0
AL,Alabama,Marshall,1095,100756,74538,13.1,76.2,56.3,9.8,19.2,13.9,12.4,37.5,6.4,37.6,23.5,26.2,16.8,29.7
AL,Alabama,Coffee,1031,55643,42235,11.7,77.6,59.5,10.5,20.3,14.9,12.7,39.5,6.3,40.8,22.8,25.0,16.7,28.8
NC,North Carolina,Forsyth,37067,392921,304926,11.3,78.6,63.7,9.2,16.7,14.0,11.0,33.7,5.5,41.5,19.1,24.0,13.8,24.5
AR,Arkansas,Ouachita,5103,21793,16948,11.9,79.0,50.8,13.0,25.6,20.3,13.9,42.7,6.9,43.4,27.2,24.6,18.7,35.8
CA,California,Inyo,6027,18527,14859,8.4,70.2,64.6,8.9,15.0,13.5,9.4,27.8,5.2,28.5,19.7,23.8,12.4,21.1
IA,Iowa,Lyon,19119,12324,8896,7.8,76.6,68.5,6.5,11.0,9.3,9.8,32.4,5.5,42.6,17.4,22.2,16.6,26.0
NE,Nebraska,Loup,31115,592,479,7.6,73.4,64.5,6.2,10.6,8.8,8.9,29.3,5.3,36.7,14.1,18.0,13.6,23.9
AK,Alaska,Aleutians West,2016,5160,4734,13.1,64.9,51.7,9.0,16.4,12.7,11.4,32.2,5.7,30.5,18.7,13.1,14.9,25.6
MO,Missouri,Worth,29227,1907,1536,9.9,75.3,56.0,9.6,16.2,13.5,11.2,34.8,6.5,40.7,22.5,26.8,20.4,31.9
VA,Virginia,Henry,51089,49702,40192,12.1,77.5,54.0,11.3,21.2,16.6,13.4,37.5,6.6,42.2,24.5,25.7,18.7,30.4
KS,Kansas,Stafford,20185,3909,2956,11.0,74.1,59.7,7.7,14.0,12.4,10.1,31.5,5.7,41.5,18.8,21.9,16.0,27.4
AL,Alabama,Tuscaloosa,1125,237373,189087,9.6,81.1,55.4,10.2,20.1,15.5,12.4,40.8,5.9,43.2,21.2,24.7,15.0,26.8
NY,New York,Steuben,36101,92162,72423,6.3,78.0,61.3,8.2,14.4,12.6,9.0,29.8,5.6,34.7,16.6,23.0,15.0,24.5
MS,Mississippi,Itawamba,28057,24093,18967,10.9,77.8,9.6,9.1,16.1,12.5,10.8,37.2,6.0,37.0,20.1,21.8,17.1,31.1
AR,Arkansas,Sevier,5133,15632,11232,21.2,75.4,48.3,13.4,27.7,20.9,13.7,37.6,7.6,41.5,30.6,24.5,19.1,40.0
MI,Michigan,Osceola,26133,23330,18218,8.1,77.2,63.7,9.2,17.4,13.0,10.4,33.2,6.5,39.4,20.9,29.6,18.6,26.9
WI,Wisconsin,Juneau,55057,26594,21598,9.9,73.8,60.5,8.6,15.5,12.4,10.9,32.8,6.3,41.7,20.5,25.7,18.8,30.0
WI,Wisconsin,Washburn,55129,16930,13886,8.3,74.7,62.9,7.4,13.0,10.7,9.7,29.9,5.8,35.1,17.4,24.1,16.1,27.7
NC,North Carolina,Buncombe,37021,275901,227608,9.3,76.6,68.9,7.1,12.1,10.1,8.9,31.2,5.2,31.2,15.7,25.9,12.5,19.2
IL,Illinois,Washington,17189,13536,10805,7.2,75.5,62.2,6.9,12.2,10.7,9.0,30.0,5.2,36.7,16.3,23.7,14.2,20.6
NY,New York,Ulster,36111,182333,151636,6.9,79.0,63.3,8.0,13.7,13.1,8.8,31.7,5.2,30.6,15.6,20.3,12.1,22.8
GA,Georgia,Evans,13109,10754,8115,18.1,77.0,46.8,13.4,26.2,20.7,14.8,39.9,6.8,42.6,26.4,21.4,19.6,34.3
IA,Iowa,Sac,19161,9686,7495,7.6,74.7,67.8,7.0,12.0,9.9,9.2,30.1,5.5,41.6,17.0,21.5,15.8,24.1
MO,Missouri,Chariton,29041,7399,5676,9.5,75.6,61.2,8.8,14.4,12.6,10.4,32.8,6.1,38.8,20.6,26.0,18.9,29.3
MN,Minnesota,Wilkin,27167,6306,4874,8.5,71.6,63.2,8.3,13.3,10.7,9.6,29.5,5.7,38.3,17.3,26.2,16.8,24.6
MT,Montana,Jefferson,30043,13048,10436,8.8,68.3,66.5,6.7,10.1,8.6,7.6,26.5,4.8,32.1,15.5,24.3,12.7,19.6
LA,Louisiana,Beauregard,22011,36827,27436,8.8,79.0,56.3,10.1,19.5,14.6,11.8,36.5,6.4,40.5,22.7,29.5,18.7,28.8
GA,Georgia,Pierce,13229,20425,15398,14.5,75.2,57.1,10.1,18.6,15.0,12.1,35.4,6.5,36.1,22.4,23.3,18.4,29.4
IL,Illinois,Christian,17021,33228,26982,9.1,74.7,59.7,8.1,15.1,12.5,10.1,32.5,5.7,38.1,19.2,23.4,16.5,24.0
OK,Oklahoma,Blaine,40011,8539,6321,12.8,76.6,51.9,9.9,19.3,14.9,11.4,37.0,6.4,38.4,21.2,25.9,18.1,31.5
AK,Alaska,Prince of Wales-Hyder,2198,5696,4429,11.8,66.4,52.3,13.5,21.8,17.3,11.0,33.2,6.9,37.7,23.9,21.4,22.0,25.1
AZ,Arizona,Yuma,4027,213221,161189,24.1,71.4,50.5,12.3,26.3,20.6,12.9,31.6,6.1,39.0,26.4,18.6,13.7,27.7
WV,West Virginia,Lewis,54041,16500,12975,9.5,77.5,51.8,9.9,18.2,14.1,13.4,37.8,6.9,39.9,25.2,32.7,21.6,32.6
MN,Minnesota,Cook,27031,5639,4830,6.9,72.9,70.9,7.2,11.0,9.4,8.8,27.5,5.0,35.2,14.4,24.9,13.5,21.4
CA,California,San Mateo,6081,726353,587135,6.9,69.2,67.8,6.5,12.0,10.0,9.0,25.7,4.2,22.0,16.1,18.7,8.0,19.3
MT,Montana,Cascade,30013,84900,66139,10.2,71.8,62.5,8.2,13.6,10.5,8.8,30.1,5.3,35.9,19.4,28.1,15.1,22.5
GA,Georgia,Marion,13197,7440,5938,17.4,76.4,49.6,12.7,24.8,19.6,14.3,38.8,6.7,38.5,25.5,21.9,18.9,32.2
VA,Virginia,Middlesex,51119,10924,9150,8.6,77.9,66.5,7.9,13.4,11.6,10.8,32.6,5.6,38.3,18.2,25.0,14.3,23.6
IA,Iowa,Calhoun,19025,9763,7637,7.4,74.9,66.9,7.2,12.4,10.2,9.6,30.8,5.6,40.3,17.2,21.1,16.4,24.5
MN,Minnesota,Benton,27009,41600,31235,8.2,73.1,67.6,8.0,12.8,10.7,9.3,28.9,5.3,41.2,16.3,26.1,15.9,23.3
AR,Arkansas,Clay,5021,14201,11154,11.6,75.2,48.6,9.8,18.6,14.2,11.1,36.8,6.9,40.2,24.3,28.5,19.0,33.5
SC,South Carolina,Anderson,45007,213076,165138,12.7,76.6,61.1,8.6,17.8,13.8,11.1,33.7,5.8,36.2,19.9,26.8,14.4,25.3
MT,Montana,Wheatland,30107,2057,1534,12.3,67.5,56.5,9.8,16.8,12.7,9.6,30.9,6.2,32.3,21.4,26.8,17.9,24.6
GA,Georgia,Jefferson,13163,15183,11719,17.5,78.1,44.8,15.0,29.7,23.7,15.5,42.4,6.8,41.3,27.9,20.7,20.3,35.3
NC,North Carolina,Lee,37105,67059,51479,14.4,77.8,57.8,10.3,19.1,15.8,11.7,34.6,6.0,37.7,21.5,25.1,15.6,26.5
MN,Minnesota,Nicollet,27103,34242,27053,7.6,71.4,65.7,7.3,11.5,9.9,8.8,27.3,5.1,34.3,14.9,25.5,14.7,22.7
KS,Kansas,Lane,20101,1529,1159,10.0,74.5,63.3,7.4,12.9,11.9,9.6,30.9,5.6,37.0,17.4,22.2,15.1,26.1
NC,North Carolina,Pender,37141,68521,53105,10.2,77.2,61.2,7.7,13.4,11.5,9.7,32.4,5.5,35.6,17.1,25.8,14.1,21.0
VA,Virginia,Nelson,51125,14705,12117,9.1,76.9,66.4,7.9,13.6,11.4,10.7,32.7,5.6,35.2,18.2,25.1,14.4,24.4
AK,Alaska,Kusilvak,2158,8001,4640,18.1,66.0,32.2,26.8,45.8,31.6,18.0,41.5,9.6,47.0,39.0,22.7,36.9,38.5
KS,Kansas,Johnson,20091,622237,477859,6.8,77.8,74.2,4.9,7.7,8.1,8.3,29.3,4.4,30.9,11.8,18.8,9.7,18.7
NC,North Carolina,Lenoir,37107,54895,42399,14.6,79.5,53.5,14.1,27.1,21.0,14.1,40.5,7.0,42.5,26.7,25.6,20.0,32.3
KS,Kansas,Grant,20067,7147,4979,18.0,72.5,58.9,7.8,15.7,14.7,10.6,29.0,5.1,35.7,19.2,17.6,12.9,28.8
WI,Wisconsin,Polk,55095,45762,36790,7.8,73.8,63.3,6.6,11.4,9.6,9.2,28.8,5.3,35.2,15.9,24.4,14.5,24.8
OK,Oklahoma,Washington,40147,53706,40761,10.3,76.4,54.4,9.6,17.8,13.8,11.0,34.7,6.4,42.7,20.0,27.7,17.6,29.5
NE,Nebraska,Sherman,31163,2983,2327,9.8,72.4,58.6,7.4,13.7,10.5,9.7,30.5,5.7,41.9,16.9,18.7,16.1,26.9
NE,Nebraska,Dixon,31051,5491,4099,12.7,71.9,59.8,7.9,15.2,11.6,10.1,29.8,5.8,43.6,17.7,17.1,16.0,29.2
VA,Virginia,Page,51139,23741,19159,10.2,75.3,63.3,8.1,14.3,11.5,10.7,32.8,6.0,34.4,20.1,26.9,17.5,26.9
ME,Maine,Kennebec,23011,127259,103608,8.7,78.4,61.5,8.8,12.2,12.1,9.4,29.2,5.8,32.5,18.7,29.6,15.8,23.2
OH,Ohio,Guernsey,39059,38089,29668,9.5,76.7,55.5,8.9,16.4,13.0,11.9,34.5,6.9,38.1,21.8,28.7,19.4,30.8
CT,Connecticut,Capitol,9110,975328,780140,10.3,79.6,69.1,9.2,16.9,14.0,9.2,29.0,4.8,32.4,16.2,21.8,11.1,23.5
MS,Mississippi,Rankin,28121,160417,124962,9.1,79.4,11.5,8.3,14.7,12.0,10.7,37.5,5.1,36.4,17.5,19.8,13.1,26.3
IL,Illinois,Mason,17125,12523,10018,8.3,75.2,63.3,8.1,14.9,12.2,10.0,31.7,5.8,37.2,18.9,24.4,16.5,23.5
WV,West Virginia,Cabell,54011,92082,73859,8.5,79.2,51.7,9.9,17.2,13.9,13.2,37.1,6.6,45.7,24.2,33.4,19.4,30.4
MO,Missouri,Phelps,29161,45284,35710,9.1,75.6,56.1,9.0,14.5,12.4,10.9,33.9,6.2,36.2,21.3,26.5,17.9,29.1
GA,Georgia,Whitfield,13313,103687,78269,22.7,75.3,51.3,10.7,21.4,17.3,13.0,33.5,6.2,38.1,23.8,20.5,15.8,31.4
ND,North Dakota,McKenzie,38053,14252,9705,9.2,71.7,57.4,7.6,13.0,11.0,9.9,31.3,5.7,40.9,17.0,20.5,15.0,24.2
VA,Virginia,Isle of Wight,51093,40711,31981,8.3,77.9,67.5,7.6,12.9,11.6,10.8,32.9,5.2,36.1,17.3,23.6,13.3,22.4
VA,Virginia,Botetourt,51023,34125,27833,7.8,76.5,68.1,6.4,10.3,9.2,9.5,31.3,5.2,34.8,16.0,25.6,13.4,21.8
NY,New York,Genesee,36037,57529,45851,6.2,78.0,61.5,7.7,13.4,12.3,8.5,29.8,5.3,30.1,16.0,22.3,13.9,23.3
OH,Ohio,Columbiana,39029,100182,80055,9.1,76.0,57.8,8.5,15.7,12.7,11.8,35.4,6.5,41.0,20.4,26.7,19.0,29.8
CA,California,Nevada,6057,102037,84878,6.1,70.4,62.8,7.3,11.6,10.8,8.0,28.1,5.0,27.6,16.8,25.3,11.5,18.2
MO,Missouri,Barton,29011,11731,8988,11.5,75.4,50.6,11.2,19.1,15.4,12.0,35.6,7.1,40.8,25.3,27.1,22.2,33.8
IN,Indiana,Sullivan,18153,20757,16872,9.7,77.2,56.4,9.0,17.3,13.1,12.0,37.1,6.7,43.4,22.8,26.0,20.2,27.2
ID,Idaho,Boise,16015,8517,7188,8.7,71.9,66.1,6.8,11.2,9.7,8.2,28.1,5.2,31.3,15.5,23.7,11.9,20.3
MS,Mississippi,Coahoma,28027,20077,14632,15.6,83.0,5.8,20.9,39.3,29.8,19.5,50.7,7.7,47.1,32.7,18.4,22.0,42.1
IL,Illinois,Jo Daviess,17085,21756,17877,7.5,75.3,65.8,6.9,12.1,10.5,9.0,30.0,5.2,36.4,16.4,23.2,13.9,21.0
NH,New Hampshire,Coos,33007,31372,26302,9.4,73.9,59.8,8.3,14.4,11.6,9.4,29.9,5.7,36.1,18.1,24.5,15.6,25.6
NC,North Carolina,Cumberland,37051,337890,252626,11.7,79.8,61.4,10.9,20.5,16.9,12.6,38.9,5.8,41.1,21.0,24.8,15.6,25.9
IN,Indiana,Noble,18113,47430,36001,11.0,77.0,60.4,8.0,15.3,12.1,11.1,33.1,5.9,39.5,20.7,25.3,17.2,25.9
IL,Illinois,Richland,17159,15488,12015,8.1,75.3,62.2,8.0,14.6,12.1,9.9,31.4,5.7,39.5,18.6,24.5,16.0,23.0
WI,Wisconsin,Brown,55009,271417,209911,8.5,76.1,68.5,7.0,12.2,10.5,9.3,28.7,5.3,41.1,16.5,23.7,13.6,26.4
OK,Oklahoma,Kiowa,40075,8398,6366,13.7,76.2,50.5,12.0,23.5,17.3,13.1,38.7,7.4,42.8,24.7,26.9,20.5,34.4
VA,Virginia,Buchanan,51027,19087,15806,12.5,75.8,51.6,11.2,21.4,15.1,13.2,36.6,7.5,38.8,26.4,28.4,22.2,31.8
SC,South Carolina,Marion,45067,28508,22259,16.9,80.8,49.2,16.4,35.3,26.0,17.7,43.4,7.1,45.2,29.7,22.8,20.7,34.9
GA,Georgia,Montgomery,13209,8761,6956,15.3,77.0,48.3,11.4,21.8,17.6,13.5,38.8,6.5,40.0,23.4,21.7,17.7,30.7
WV,West Virginia,Barbour,54001,15378,12288,9.8,78.0,50.0,10.7,19.7,15.4,13.8,41.1,7.2,43.8,26.6,33.5,22.5,34.7
OK,Oklahoma,Pawnee,40117,15864,12110,11.2,76.2,56.7,10.4,19.8,15.0,11.5,36.4,6.7,39.6,21.8,27.4,19.7,31.5
MD,Maryland,Frederick,24021,293391,224828,8.0,77.2,66.7,6.2,10.9,10.5,9.4,31.0,4.7,34.3,14.1,21.0,9.1,19.5
MS,Mississippi,Marshall,28093,34123,27051,14.9,80.2,7.6,15.5,29.7,22.6,15.7,44.9,7.1,42.1,28.2,20.1,20.8,36.9
NM,New Mexico,Los Alamos,35028,19444,15411,5.9,69.2,78.0,4.7,6.9,6.9,6.7,24.3,4.0,25.1,11.0,21.3,7.1,12.7
OH,Ohio,Ottawa,39123,39803,32975,7.8,76.2,64.9,6.5,11.0,9.9,9.6,32.2,5.4,37.9,16.0,25.9,14.6,25.6
CA,California,San Bernardino,6071,2195611,1641803,14.4,69.4,55.8,11.5,23.1,18.9,11.8,31.6,5.6,33.3,25.6,19.5,12.4,26.4
OH,Ohio,Lake,39085,231640,187614,7.5,78.4,65.4,6.7,11.6,10.3,10.2,31.9,5.4,36.8,16.4,25.9,14.8,23.7
ID,Idaho,Shoshone,16079,14026,11081,11.9,71.3,54.6,9.6,17.1,13.3,10.2,30.5,6.2,35.9,20.8,24.5,16.3,26.1
MS,Mississippi,Stone,28131,18756,14785,11.4,78.6,8.5,10.5,19.1,15.0,12.1,39.7,6.3,41.3,22.0,21.6,17.7,32.4
WV,West Virginia,Wyoming,54109,20277,16181,11.1,77.3,44.4,11.7,22.1,16.5,14.3,42.1,7.8,44.1,29.5,33.7,25.2,37.4
GA,Georgia,Oconee,13219,44182,32893,8.1,77.2,69.7,5.1,7.9,7.7,8.3,28.7,4.3,28.5,12.4,20.6,9.4,17.3
GA,Georgia,Greene,13133,20722,17235,12.2,78.4,58.9,8.7,15.8,14.4,10.9,34.5,5.2,34.5,17.8,19.3,12.8,24.3
IN,Indiana,Clark,18019,125467,98156,8.5,78.7,58.3,7.6,14.3,11.6,10.9,36.4,5.7,43.5,19.8,26.5,16.5,24.0
CA,California,Sierra,6091,3200,2670,8.6,69.5,62.2,9.9,17.4,14.4,10.1,30.8,6.1,32.4,22.7,26.0,15.6,24.0
NC,North Carolina,Chowan,37041,13891,11123,12.0,78.8,57.7,11.4,21.4,16.7,12.5,38.3,6.4,40.6,22.5,25.5,17.6,27.7
WV,West Virginia,Ritchie,54085,8167,6554,10.4,77.7,45.9,10.8,19.8,15.2,13.3,39.1,7.4,42.4,26.9,32.8,23.7,35.5
IA,Iowa,Washington,19183,22560,16984,8.2,75.1,68.2,7.1,12.2,10.0,9.6,31.6,5.4,38.8,17.1,21.9,15.6,24.6
OK,Oklahoma,McCurtain,40089,30660,22566,12.8,76.6,47.0,12.9,25.0,18.5,13.3,38.6,7.4,42.7,25.2,26.4,21.7,35.3
AZ,Arizona,Gila,4007,54003,43968,13.2,71.1,51.5,11.5,20.6,15.9,10.5,29.2,6.0,32.2,21.6,22.9,16.7,24.7
MS,Mississippi,Copiah,28029,27664,21515,13.0,80.8,8.1,14.7,27.7,21.8,15.3,44.1,6.7,42.4,26.5,19.7,18.6,36.1
NY,New York,Queens,36081,2252196,1821507,10.9,79.3,60.8,10.3,22.7,18.6,12.2,29.8,4.9,23.8,19.5,14.2,11.0,29.7
KS,Kansas,Rush,20165,2830,2263,9.8,73.7,61.2,7.7,13.7,11.9,10.0,32.1,6.0,38.8,18.4,22.8,17.0,27.9
