StateAbbr,StateDesc,CountyName,CountyFIPS,TotalPopulation,TotalPop18plus,uninsured,had_checkup,dental_visit,lacks_transportation,food_insecurity,housing_insecurity,diabetes,high_blood_pressure,heart_disease,obesity,poor_health,depression,smoking,no_exercise,no_checkup,no_dental,access_barrier_score,disease_burden_score,barrier_quartile
OK,Oklahoma,Haskell,40061,11832,9053,12.1,76.3,47.1,11.9,22.7,16.7,12.4,38.2,7.2,42.3,24.1,26.8,21.3,34.4,23.700000000000003,52.9,0.5966699667846999,0.9429653075767023,most barriers
IL,Illinois,Lake,17097,708760,546551,9.7,75.1,63.6,6.8,13.0,11.6,9.8,29.4,4.6,32.9,15.4,18.5,10.5,19.4,24.900000000000006,36.4,-0.4708331338015202,-1.1015248323697144,some
KS,Kansas,Atchison,20005,16016,12523,9.3,73.6,60.7,7.7,13.8,12.2,10.0,32.6,5.8,38.8,18.6,22.3,17.0,27.4,26.400000000000006,39.3,-0.2788127522991243,-0.25100159485695345,some
AK,Alaska,Anchorage,2020,286075,219385,9.5,70.7,64.2,8.3,12.8,12.0,8.8,31.4,5.1,35.0,17.5,21.2,14.1,20.0,29.299999999999997,35.8,-0.175810043416978,-0.7963139353505204,many
OK,Oklahoma,Seminole,40133,23565,17848,12.9,77.0,48.2,13.7,26.7,19.2,13.7,40.1,7.8,45.4,26.4,28.7,23.3,36.7,23.0,51.8,0.9011807463037066,1.525086053651206,most barriers
WV,West Virginia,Mineral,54057,26867,21526,7.8,77.8,55.7,8.2,13.9,12.1,11.7,36.2,6.1,39.4,21.6,32.3,18.3,28.8,22.200000000000003,44.3,-0.46564792585901404,0.2855240026650462,some
MN,Minnesota,Blue Earth,27013,70006,56268,8.2,73.5,59.2,8.3,13.4,10.6,10.0,30.8,5.5,36.8,16.4,26.3,15.6,24.1,26.5,40.8,-0.34947575651446333,-0.5869523768565051,some
NE,Nebraska,Buffalo,31019,50697,39269,9.4,74.1,57.9,6.7,12.3,9.6,9.1,31.1,5.3,38.9,15.2,18.3,13.3,23.7,25.900000000000006,42.1,-0.45908026813796,-0.6661520143316885,some
VA,Virginia,Albemarle,51003,115676,93582,6.7,77.7,72.3,5.5,8.8,8.3,8.7,28.5,4.5,29.0,13.3,21.8,9.6,18.6,22.299999999999997,27.700000000000003,-1.2030108979289766,-1.5261313074312206,fewest barriers
MO,Missouri,Shelby,29205,5931,4506,10.6,74.8,53.9,10.5,17.7,14.5,11.5,35.6,6.9,40.6,23.8,27.1,21.4,32.7,25.200000000000003,46.1,0.18872566180742478,0.5926956620852002,many
MO,Missouri,Carroll,29033,8391,6542,9.9,75.4,56.3,9.0,15.1,13.0,10.6,32.9,6.1,38.8,21.4,26.7,19.1,31.3,24.599999999999994,43.7,-0.1297443403949806,0.015243806409608884,many
IA,Iowa,Chickasaw,19037,11658,8978,8.3,73.4,68.1,7.0,12.3,10.1,9.5,31.2,5.5,39.6,17.5,20.6,16.1,25.3,26.599999999999994,31.900000000000006,-0.5923531753178065,-0.442743781790928,fewest barriers
NY,New York,Seneca,36099,32349,25660,7.6,78.1,60.9,8.8,16.2,13.9,9.1,30.6,5.8,34.8,18.3,22.4,15.7,26.7,21.900000000000006,39.1,-0.3972853129343483,-0.6022258387965871,some
MN,Minnesota,Faribault,27043,13873,10857,9.9,71.4,67.1,8.8,14.8,11.9,9.7,29.3,5.8,37.8,18.0,25.5,17.1,26.7,28.599999999999994,32.900000000000006,-0.1506843772740396,-0.48594311225624265,many
NE,Nebraska,Nance,31125,3274,2505,9.4,72.8,61.1,7.6,14.0,10.5,9.8,31.1,5.8,40.7,17.0,19.0,16.7,26.8,27.200000000000003,38.9,-0.30678474187724497,-0.32049948345291873,some
OH,Ohio,Mahoning,39099,225596,179979,9.6,76.3,59.6,9.4,17.2,14.1,11.8,34.1,6.2,38.9,20.0,25.9,17.6,26.5,23.700000000000003,40.4,-0.11352403285850661,0.13760514858519485,many
MS,Mississippi,Chickasaw,28017,16866,12706,14.5,79.4,6.6,15.4,29.1,22.3,15.7,43.5,7.0,43.8,28.5,19.9,20.6,37.5,20.599999999999994,93.4,1.750980470178158,1.670483736862634,most barriers
IL,Illinois,Hamilton,17065,7911,6144,8.8,75.2,59.5,8.9,16.6,13.2,10.7,33.0,6.2,40.1,20.5,25.1,17.6,24.8,24.799999999999997,40.5,-0.18127264733647,0.06923106057294734,some
MS,Mississippi,Sunflower,28133,24468,19260,16.5,82.0,6.3,19.2,37.2,27.7,18.3,49.5,7.6,48.9,31.9,17.2,21.9,41.5,18.0,93.7,2.388113768574973,2.675641417101712,most barriers
MN,Minnesota,Norman,27107,6329,4857,9.0,71.2,63.2,8.3,13.7,11.0,9.6,30.1,5.6,35.8,17.6,25.6,16.4,24.8,28.799999999999997,36.8,-0.22721913812453853,-0.6163258618924286,some
AR,Arkansas,Grant,5053,18383,14319,9.7,75.7,53.9,7.9,14.3,11.9,9.8,35.2,6.0,36.6,20.4,26.0,15.7,28.0,24.299999999999997,46.1,-0.24980216195928925,-0.12550464018170154,some
VA,Virginia,Pittsylvania,51143,59571,49130,11.0,77.3,56.1,10.6,19.6,15.3,13.0,37.6,6.5,41.6,23.2,24.8,18.8,30.6,22.700000000000003,43.9,0.14446745239675737,0.726356688507329,many
NM,New Mexico,Santa Fe,35049,155956,131762,14.0,66.0,67.9,8.7,15.9,14.0,9.3,25.3,5.0,25.9,18.4,23.4,10.4,19.8,34.0,32.099999999999994,0.4281753893181608,-1.3879426622308428,most barriers
ME,Maine,Sagadahoc,23023,37513,30865,7.9,78.6,63.7,7.5,10.2,9.8,8.0,27.7,5.3,29.5,15.4,29.2,14.3,20.2,21.400000000000006,36.3,-0.8465258712572289,-1.3066292136337758,fewest barriers
LA,Louisiana,Tensas,22107,3764,2991,12.4,81.2,41.1,19.0,38.3,27.9,18.1,47.4,8.1,49.2,33.2,27.1,24.5,39.8,18.799999999999997,58.9,1.7365463234422946,2.765988350216166,most barriers
WI,Wisconsin,Buffalo,55011,13419,10742,8.4,74.6,68.0,7.0,12.3,10.1,9.4,29.0,5.5,39.4,17.0,25.4,15.4,27.5,25.400000000000006,32.0,-0.6446793237013785,-0.574659303947258,fewest barriers
IN,Indiana,Perry,18123,19209,15282,8.9,76.9,60.0,7.7,14.1,11.3,11.1,35.8,6.2,37.5,20.1,26.1,18.6,24.5,23.099999999999994,40.0,-0.4795458176873007,0.08997164211618898,some
SC,South Carolina,Greenwood,45047,69460,54014,13.2,79.9,57.8,10.7,22.6,17.1,13.0,36.4,5.9,37.5,21.5,24.6,15.7,27.3,20.099999999999994,42.2,0.26740447050368005,0.27194143009169774,many
AZ,Arizona,Graham,4009,39525,29109,16.0,70.2,54.5,11.1,21.2,16.4,10.9,31.3,6.0,36.3,22.9,20.4,15.5,25.5,29.799999999999997,45.5,0.898791674339241,-0.09124142394263737,most barriers
SC,South Carolina,Edgefield,45037,27607,23040,15.5,78.4,55.2,11.0,22.8,17.3,13.6,35.7,6.2,39.7,22.4,21.3,16.4,27.7,21.599999999999994,44.8,0.5316315579972025,0.5068274440393614,most barriers
WV,West Virginia,Hardy,54031,14251,11484,10.6,78.3,49.4,10.7,19.7,15.4,14.2,40.0,7.2,41.5,26.4,32.0,22.1,33.5,21.700000000000003,50.6,0.18255914549630628,1.246196411496549,many
OH,Ohio,Pickaway,39129,61086,47959,8.8,77.1,61.9,7.8,14.1,11.7,11.1,35.8,6.2,39.6,19.2,27.4,18.0,28.5,22.900000000000006,38.1,-0.5004698316604119,0.14105095051985111,some
OH,Ohio,Wood,39173,132650,106092,7.4,78.6,66.4,6.7,11.7,10.0,10.2,32.3,5.6,38.9,16.5,27.8,13.9,23.0,21.400000000000006,33.599999999999994,-0.9096355960688777,-0.38570470284551306,fewest barriers
MS,Mississippi,Noxubee,28103,9914,7406,15.7,81.4,6.5,19.1,37.3,28.2,18.0,47.7,7.3,46.5,31.5,18.7,21.9,40.6,18.599999999999994,93.5,2.388732307714682,2.376814157442011,most barriers
ND,North Dakota,Rolette,38079,11728,7935,11.2,73.3,46.9,17.7,31.1,22.5,16.5,38.3,7.8,50.2,29.4,22.2,26.2,34.3,26.700000000000003,53.1,1.4943373820490191,2.042595641728714,most barriers
MT,Montana,Park,30067,17903,14881,8.7,68.3,63.8,7.2,10.9,9.2,7.9,27.3,5.2,30.0,16.3,24.2,13.7,20.4,31.700000000000003,36.2,-0.32018725062449166,-1.2945770319339347,some
UT,Utah,Beaver,49001,7233,5146,10.8,69.5,67.6,6.9,12.2,10.3,8.9,27.7,5.1,29.0,16.2,25.7,9.7,19.1,30.5,32.400000000000006,-0.2609837308233027,-1.2623001016272737,some
OH,Ohio,Geauga,39055,95407,74443,6.9,77.1,66.0,5.9,9.9,8.9,9.3,30.3,5.2,32.7,14.8,25.1,13.3,21.2,22.900000000000006,34.0,-0.9955708276338876,-0.9952373735676587,fewest barriers
NH,New Hampshire,Carroll,33003,52448,44871,6.9,73.5,65.2,5.9,9.6,8.9,7.0,25.2,4.8,30.5,12.9,24.1,11.2,18.0,26.5,34.8,-0.8150646928455805,-1.6925089824880934,fewest barriers
ND,North Dakota,Billings,38007,1034,812,7.6,72.9,65.7,6.4,11.2,9.2,9.2,30.8,5.6,36.4,16.0,20.3,14.0,22.7,27.099999999999994,34.3,-0.6708317505791518,-0.6684715196301775,fewest barriers
GA,Georgia,Long,13183,19594,14123,16.3,76.9,53.5,11.1,21.1,18.0,13.0,37.5,6.0,37.9,22.6,20.8,16.8,30.3,23.099999999999994,46.5,0.6591616349828519,0.4096780271761987,most barriers
MO,Missouri,Oregon,29149,8720,6668,11.6,75.3,48.9,11.8,20.5,16.2,12.5,36.1,7.3,41.2,26.2,27.9,23.6,34.4,24.700000000000003,51.1,0.5079299798642339,0.9356501359371467,most barriers
NE,Nebraska,Richardson,31147,7689,6032,9.5,71.6,56.6,7.4,13.3,10.3,10.2,32.6,5.6,45.6,16.9,19.5,16.6,28.7,28.400000000000006,43.4,-0.21647026818380896,-0.06274987214850296,some
VA,Virginia,Madison,51113,14128,11351,9.1,76.4,66.0,7.4,12.7,10.8,10.2,31.9,5.4,37.7,17.9,25.2,14.6,23.6,23.599999999999994,34.0,-0.6057163570262053,-0.44124889664523026,fewest barriers
MI,Michigan,Antrim,26009,24409,20323,6.1,77.4,73.5,6.9,11.9,9.9,8.8,30.3,5.4,36.4,15.9,27.8,14.1,20.8,22.599999999999994,26.5,-1.0083160900325023,-0.7788477497234465,fewest barriers
IA,Iowa,Lee,19111,32565,25623,7.8,74.6,62.9,7.8,13.8,11.0,10.0,31.2,5.8,37.5,18.6,21.6,18.0,26.1,25.400000000000006,37.1,-0.48052281678943215,-0.366151796833102,some
KS,Kansas,Decatur,20039,2712,2127,8.7,73.0,60.4,6.8,11.6,10.6,9.4,30.2,5.5,37.3,16.4,21.7,15.1,24.7,27.0,39.6,-0.45215579645992077,-0.6432861675828278,some
VA,Virginia,Colonial Heights,51570,18393,13796,9.0,77.6,66.1,7.8,13.5,12.0,10.5,32.5,5.1,37.7,17.5,23.7,13.1,24.0,22.400000000000006,33.900000000000006,-0.5793573055548652,-0.48207392578251274,fewest barriers
IL,Illinois,Grundy,17063,53578,40665,8.6,75.8,67.2,7.0,12.8,11.5,9.1,29.6,5.0,36.1,16.4,22.5,13.2,21.7,24.200000000000003,32.8,-0.6131491949786252,-0.8712336793511272,fewest barriers
NC,North Carolina,Bertie,37015,16922,14112,13.8,80.0,50.9,14.6,28.7,22.2,14.9,42.7,6.8,43.4,26.2,23.0,19.2,31.8,20.0,49.1,0.9872495169953046,1.3955474543391975,most barriers
KS,Kansas,Barber,20007,4071,3137,9.3,73.5,58.9,7.7,13.8,12.1,10.0,32.3,6.0,38.6,18.5,22.6,17.1,27.1,26.5,41.1,-0.25198494122834997,-0.2271628827991826,some
NY,New York,Columbia,36021,60470,51121,6.2,77.7,64.7,7.4,13.0,11.7,8.5,28.6,5.2,30.7,15.3,21.1,12.9,22.3,22.299999999999997,35.3,-0.7618151033683468,-1.2017428432288628,fewest barriers
MI,Michigan,Wexford,26165,34122,26384,7.8,76.9,64.4,9.0,16.5,12.5,10.3,33.2,6.3,38.8,19.9,29.5,17.8,24.7,23.099999999999994,35.599999999999994,-0.4127441348145308,-0.01682368097674729,some
UT,Utah,Grand,49019,9706,7722,10.4,69.7,64.8,7.8,13.7,10.9,9.3,28.8,5.4,28.2,17.5,26.4,10.4,19.2,30.299999999999997,35.2,-0.13495118728131852,-1.0829130888684848,many
GA,Georgia,Talbot,13263,5718,4784,16.4,78.4,48.1,15.0,29.4,23.7,16.0,42.6,6.8,43.3,27.2,20.4,19.5,34.5,21.599999999999994,51.9,1.3456315081806096,1.5294760728003367,most barriers
NY,New York,Hamilton,36041,5082,4455,6.2,77.8,60.1,7.7,13.4,12.1,8.5,29.5,5.5,30.8,16.1,22.2,14.2,23.7,22.200000000000003,39.9,-0.656659858611126,-1.0493749651265243,fewest barriers
KS,Kansas,Pawnee,20145,6126,5127,10.9,73.4,62.8,7.6,13.6,12.4,10.0,32.1,5.8,38.0,18.4,20.5,16.8,26.8,26.599999999999994,37.2,-0.21748410887938152,-0.31579378456419505,some
NC,North Carolina,Vance,37181,42301,32113,13.8,80.3,54.1,13.6,26.3,20.9,13.9,40.0,6.4,42.8,24.5,24.1,17.8,30.0,19.700000000000003,45.9,0.7517432827450712,0.9923532076458891,most barriers
GA,Georgia,Jeff Davis,13161,14906,11152,19.3,74.7,47.0,13.3,26.2,19.8,14.4,37.8,7.3,40.4,27.4,22.9,20.9,34.8,25.299999999999997,53.0,1.3584241114126299,1.1939761322445377,most barriers
CA,California,Solano,6095,449218,351690,9.4,70.6,61.3,9.3,17.1,15.0,10.5,30.0,4.9,31.2,20.3,19.9,11.3,24.3,29.400000000000006,38.7,0.15875577085835565,-0.7934370165695982,many
KS,Kansas,Leavenworth,20103,83518,63836,8.7,74.7,66.0,6.6,10.9,10.8,9.6,30.2,5.2,39.5,15.5,21.3,13.6,22.5,25.299999999999997,34.0,-0.6391483927924605,-0.6445245865675039,fewest barriers
AL,Alabama,Autauga,1001,60342,46253,9.1,79.4,61.9,8.9,17.0,13.2,11.4,38.2,5.6,39.5,20.0,25.9,14.5,26.0,20.599999999999994,38.1,-0.3955840183822834,0.15067131857920604,some
ME,Maine,Androscoggin,23001,113765,90589,9.5,77.6,61.2,10.3,14.6,14.1,10.3,29.6,6.0,36.1,19.3,30.8,16.9,25.8,22.400000000000006,38.8,-0.22441550510729905,-0.3863038473499178,some
SC,South Carolina,Clarendon,45027,31004,25502,15.3,80.1,54.5,13.1,28.2,21.2,15.0,40.7,6.5,38.4,25.5,23.5,18.0,31.5,19.900000000000006,45.5,0.8701575855740756,0.9967942685474741,most barriers
IN,Indiana,Tippecanoe,18157,188792,150623,8.8,78.9,60.0,8.0,15.0,11.9,11.6,33.5,6.1,30.8,19.5,23.8,15.2,22.6,21.099999999999994,40.0,-0.5177300952564866,-0.30597773210808993,fewest barriers
ID,Idaho,Bannock,16005,90400,67958,10.2,73.6,64.4,8.3,14.7,11.6,9.1,29.8,5.5,33.4,18.3,25.2,13.3,21.7,26.400000000000006,35.599999999999994,-0.24794380486895115,-0.7710942030122974,some
IL,Illinois,Moultrie,17139,14342,10780,8.8,74.6,61.3,7.9,14.8,12.1,9.5,31.2,5.5,38.4,18.9,25.0,16.4,23.2,25.400000000000006,38.7,-0.32814964434875243,-0.43200556061723977,some
NM,New Mexico,Rio Arriba,35039,39876,30988,20.3,66.6,56.1,14.1,27.6,22.3,13.7,30.5,6.1,40.2,26.9,21.5,14.9,29.0,33.400000000000006,43.9,1.8626546379756839,0.4985889484341609,most barriers
MI,Michigan,Oakland,26125,1270426,1015769,5.5,79.3,72.8,6.4,11.4,9.5,8.5,30.3,4.8,30.9,13.8,21.5,10.9,18.2,20.700000000000003,27.200000000000003,-1.1822027654947453,-1.2888844792063199,fewest barriers
NC,North Carolina,New Hanover,37129,238852,197058,8.7,78.4,68.1,7.2,11.8,10.2,9.2,31.7,5.3,31.8,15.9,25.7,12.2,20.3,21.599999999999994,31.900000000000006,-0.8153373375056795,-0.9105722396000256,fewest barriers
NC,North Carolina,Martin,37117,21447,17125,12.6,79.0,53.9,12.4,23.9,18.9,13.1,38.8,6.4,40.4,23.8,25.9,18.2,28.6,21.0,46.1,0.540902173965927,0.7351592151357268,most barriers
AK,Alaska,Northwest Arctic,2188,7361,4551,14.2,66.9,42.9,18.9,32.1,24.4,14.6,38.1,7.9,40.9,29.9,20.3,28.6,30.8,33.099999999999994,57.1,2.1980197435403332,1.5074946673096317,most barriers
MO,Missouri,Mercer,29129,3469,2611,11.4,75.6,56.8,10.5,17.9,14.8,11.8,35.4,6.7,41.4,23.8,27.4,20.8,33.2,24.400000000000006,43.2,0.1674938378490403,0.5962325048969027,many
MO,Missouri,Montgomery,29139,11459,8974,10.2,75.2,54.1,9.5,15.9,13.5,10.9,34.0,6.3,37.1,22.3,26.6,19.9,31.6,24.799999999999997,45.9,-0.0017829589470156199,0.10367147665688412,many
NE,Nebraska,Franklin,31061,2825,2223,9.5,73.0,60.4,7.8,14.2,10.8,10.1,32.3,6.0,39.7,17.5,19.9,16.9,27.6,27.0,39.6,-0.27239546718405744,-0.21538071857497032,some
GA,Georgia,Lumpkin,13187,35258,29477,12.1,76.0,59.6,8.1,14.1,11.8,10.8,32.9,5.8,31.0,19.0,22.9,15.4,25.2,24.0,40.4,-0.21645296291531846,-0.49003894592892483,some
SC,South Carolina,York,45091,298320,228347,10.1,77.2,64.0,7.1,14.4,11.6,10.3,32.4,4.7,36.8,16.0,22.4,11.1,22.6,22.799999999999997,36.0,-0.5029187536529763,-0.7100338922692717,fewest barriers
NY,New York,Livingston,36051,61158,50385,6.1,77.7,61.9,7.5,13.1,12.0,8.5,29.9,5.3,31.9,15.8,21.6,13.3,22.4,22.299999999999997,38.1,-0.7066536368637021,-1.0477940416050786,fewest barriers
MD,Maryland,Carroll,24013,176639,137462,6.8,73.5,66.0,5.7,9.5,9.3,8.5,29.8,4.7,37.4,13.4,23.5,11.0,22.0,26.5,34.0,-0.8305872897046097,-1.0688968147862183,fewest barriers
OH,Ohio,Hardin,39065,30368,23282,9.1,76.8,51.9,8.8,16.1,12.7,11.9,36.7,6.7,41.8,20.7,27.5,19.3,30.4,23.200000000000003,48.1,-0.1741527198906311,0.5370427837565195,many
NV,Nevada,Clark,32003,2336573,1824661,15.7,72.3,56.8,10.9,19.6,17.5,11.1,32.0,5.5,31.2,21.8,20.6,14.8,26.5,27.700000000000003,43.2,0.7341303833635934,-0.44047238750917234,most barriers
GA,Georgia,Camden,13039,58118,44234,12.9,76.1,56.2,9.2,16.5,14.3,11.7,34.7,5.8,37.9,19.9,21.1,15.5,27.1,23.900000000000006,43.8,0.09759012016475284,0.006451101019464273,many
KS,Kansas,Seward,20175,21067,14437,25.1,72.5,52.8,11.4,24.5,21.1,13.6,32.2,6.2,43.4,26.0,17.6,15.4,38.1,27.5,47.2,1.585579410543648,0.6845502232849886,most barriers
AR,Arkansas,Prairie,5117,8036,6369,11.3,76.8,49.0,10.0,18.9,14.7,11.3,38.6,6.6,40.5,23.9,25.8,18.1,32.1,23.200000000000003,51.0,0.20926618970968325,0.6259180210469666,many
MD,Maryland,Queen Anne's,24035,52508,41602,7.3,74.0,64.4,6.3,10.9,10.2,8.8,31.6,4.9,29.2,14.7,23.9,11.9,19.3,26.0,35.599999999999994,-0.6971603141344292,-1.216908106214142,fewest barriers
GA,Georgia,Terrell,13273,8718,6786,18.4,78.6,45.7,17.4,33.7,26.7,17.3,43.8,7.4,44.1,30.5,20.4,21.9,37.9,21.400000000000006,54.3,1.8515335107231232,2.027089445679107,most barriers
LA,Louisiana,St. Bernard,22087,44463,33008,11.3,79.7,52.2,13.4,27.2,20.4,14.3,40.3,7.0,42.2,26.9,28.1,19.7,33.2,20.299999999999997,47.8,0.6689788626192121,1.2710637076823066,most barriers
ID,Idaho,Lemhi,16059,8441,6904,10.1,70.5,63.4,7.7,13.3,11.0,8.6,29.1,5.6,30.6,17.0,24.6,14.3,23.2,29.5,36.6,-0.18305561806554205,-1.0005734127546928,some
IN,Indiana,Porter,18127,175335,138304,8.7,77.8,63.9,6.9,13.0,10.9,10.6,34.3,5.4,39.8,17.9,24.4,14.7,24.5,22.200000000000003,36.1,-0.6828151626890682,-0.2140462367957161,fewest barriers
WI,Wisconsin,Iowa,55049,23956,18836,7.2,73.9,69.2,6.2,10.5,9.1,8.6,27.2,5.2,38.2,15.5,25.0,13.9,26.5,26.099999999999994,30.799999999999997,-0.8262547747144274,-0.9149682257205269,fewest barriers
NC,North Carolina,Edgecombe,37065,48832,37653,13.7,79.9,53.9,14.3,27.8,22.0,14.3,41.5,6.6,43.8,25.5,23.9,18.4,31.7,20.099999999999994,46.1,0.8938899305176604,1.228667289616922,most barriers
OH,Ohio,Scioto,39145,71969,56470,9.8,78.9,54.0,10.2,19.2,14.2,12.9,39.3,7.3,44.7,23.7,30.4,21.4,34.5,21.099999999999994,46.0,-0.04531814405374073,1.1446369263451286,many
VA,Virginia,Norton,51720,3492,2702,10.6,76.5,56.5,10.7,19.2,14.4,13.1,36.7,6.9,40.7,23.9,27.8,20.1,30.2,23.5,43.5,0.11649371814448112,0.7891190787588902,many
MO,Missouri,Webster,29225,41472,29983,10.0,75.7,58.9,9.2,15.2,13.1,10.6,33.9,6.4,41.5,22.0,26.8,19.5,30.1,24.299999999999997,41.1,-0.15818302922473348,0.2762395562773402,many
MS,Mississippi,Attala,28007,17359,13015,12.7,80.3,7.5,13.7,25.9,20.3,13.9,43.1,6.5,43.0,25.1,19.9,18.8,35.5,19.700000000000003,92.5,1.333124207064152,1.1822717196309696,most barriers
AR,Arkansas,Benton,5007,311013,232841,11.0,78.0,62.8,7.3,13.2,11.3,9.8,31.7,5.3,35.1,18.8,23.8,11.6,25.4,22.0,37.2,-0.5101365199101964,-0.582704283407132,fewest barriers
OH,Ohio,Muskingum,39119,86305,66808,8.5,79.4,60.3,8.5,15.0,12.3,12.0,35.3,6.4,43.9,20.1,29.0,18.5,28.5,20.599999999999994,39.7,-0.5177858328750601,0.47769548604725065,fewest barriers
IL,Illinois,Shelby,17173,20568,16229,7.8,75.2,57.8,7.6,13.8,11.5,9.6,31.1,5.6,37.6,17.8,24.3,15.8,22.6,24.799999999999997,42.2,-0.4289817860954012,-0.4870285796529658,some
IN,Indiana,Hendricks,18063,186387,140883,7.1,77.9,66.8,6.1,10.6,9.4,9.9,32.6,4.9,36.0,15.7,21.8,12.6,19.3,22.099999999999994,33.2,-0.9854169070698285,-0.7359475718913644,fewest barriers
MI,Michigan,Monroe,26115,155045,123173,7.0,76.7,68.1,7.7,13.5,11.2,9.8,32.0,5.7,40.3,17.8,28.0,15.4,23.4,23.299999999999997,31.900000000000006,-0.7072393076107937,-0.28913796720553653,fewest barriers
NY,New York,Sullivan,36105,79920,62695,9.0,78.0,61.1,9.4,17.7,15.4,10.0,31.0,5.6,31.8,18.6,20.1,13.8,27.4,22.0,38.9,-0.18605552331560116,-0.67285267372417,some
CA,California,Placer,6061,423561,332465,5.9,71.2,68.9,6.6,10.7,10.0,7.9,27.4,4.4,27.2,15.4,22.5,9.6,17.9,28.799999999999997,31.099999999999994,-0.6941141915713942,-1.6515445181788646,fewest barriers
MO,Missouri,Gentry,29075,6287,4635,10.1,75.0,54.0,9.2,15.5,13.1,10.6,33.5,6.2,40.9,21.8,26.2,19.5,31.4,25.0,46.0,-0.03991105015994131,0.17475588033474293,many
VA,Virginia,Sussex,51183,10757,9043,11.8,78.6,58.9,12.0,22.4,18.6,14.4,40.6,6.3,45.7,23.9,20.6,17.6,29.9,21.400000000000006,41.1,0.37025087619896374,1.1363756481308014,most barriers
OH,Ohio,Cuyahoga,39035,1233088,982384,8.6,78.1,63.0,9.3,17.5,14.5,11.3,34.2,5.5,35.4,18.9,24.7,15.2,23.6,21.900000000000006,37.0,-0.2860462857251819,-0.27839851485752315,some
MS,Mississippi,Lee,28081,82799,62227,10.5,80.2,9.2,10.0,18.6,14.7,12.3,41.3,5.7,36.3,20.7,20.5,15.5,31.2,19.799999999999997,90.8,0.5620673977805255,0.2763928701262481,most barriers
NM,New Mexico,Harding,35021,624,540,17.9,66.0,57.9,12.5,24.4,19.1,12.4,32.5,6.6,36.5,25.6,24.3,15.6,27.7,34.0,42.1,1.4326687403847043,0.37084617096990485,most barriers
MT,Montana,Golden Valley,30037,835,693,11.9,68.3,56.0,9.8,16.2,12.5,9.5,30.9,6.0,32.8,20.9,26.5,17.4,24.3,31.700000000000003,44.0,0.3875796406720922,-0.47478449676000434,most barriers
KS,Kansas,Wyandotte,20209,165281,120644,17.6,75.2,53.4,11.9,22.9,19.1,13.9,35.9,6.4,40.7,24.9,17.8,17.7,34.6,24.799999999999997,46.6,0.9523463022325763,0.7476632240593556,most barriers
WV,West Virginia,Tyler,54095,7919,6382,8.8,78.0,54.5,9.4,16.8,13.6,12.8,38.9,6.7,42.5,23.6,32.4,20.9,31.8,22.0,45.5,-0.19711286293356178,0.8697943527673274,some
VA,Virginia,Winchester,51840,27617,21446,13.1,77.0,64.0,10.2,18.9,15.0,12.9,35.1,6.4,38.3,22.6,24.7,16.3,28.5,23.0,36.0,0.10336178793387368,0.4173272775422019,many
MN,Minnesota,Wright,27171,151150,110472,7.1,73.5,69.3,6.2,9.6,8.6,8.2,28.4,4.7,34.8,13.9,24.8,12.5,19.8,26.5,30.700000000000003,-0.8575032278233777,-1.2448035764941208,fewest barriers
MS,Mississippi,George,28039,25619,18726,11.6,77.0,9.3,10.0,18.1,13.7,11.7,37.3,6.4,36.9,22.0,21.9,18.2,31.0,23.0,90.7,0.7238279375640339,0.3147345273050065,most barriers
VA,Virginia,Salem,51775,25600,20601,8.2,76.9,68.3,7.3,12.4,10.6,10.4,31.9,5.4,36.2,17.1,25.7,13.9,23.2,23.099999999999994,31.700000000000003,-0.7330440703758009,-0.5250687470034636,fewest barriers
MO,Missouri,Pulaski,29169,53812,42066,10.3,76.7,58.8,9.1,15.1,13.8,10.9,34.1,5.8,38.4,20.6,24.0,16.8,29.1,23.299999999999997,41.2,-0.1711799068810612,-0.03603471552447611,many
NC,North Carolina,Hyde,37095,4607,3922,14.4,77.6,50.5,12.3,23.3,17.9,13.3,39.7,7.0,40.8,24.4,24.3,19.4,29.4,22.400000000000006,49.5,0.6929084647948209,0.9836997829001056,most barriers
WI,Wisconsin,Price,55099,14102,11739,8.8,74.9,62.3,7.8,14.2,11.2,10.0,29.6,6.0,42.2,18.6,24.6,17.2,28.3,25.099999999999994,37.7,-0.41474521806194975,-0.17819822072697442,some
IN,Indiana,Kosciusko,18085,80364,61628,9.6,76.6,62.9,7.6,14.2,11.3,10.9,35.5,5.8,38.9,19.2,26.1,17.1,26.2,23.400000000000006,37.1,-0.4722529240445435,-0.018908144207442384,some
MO,Missouri,McDonald,29119,23903,17900,14.7,75.7,48.3,13.1,23.7,18.9,13.5,36.8,7.5,42.7,28.2,27.3,23.3,37.4,24.299999999999997,51.7,0.9306968725904864,1.2586042181844115,most barriers
ND,North Dakota,LaMoure,38045,4096,3206,7.9,72.1,66.7,6.6,11.2,9.5,8.8,29.0,5.6,35.2,16.4,21.1,15.0,23.1,27.900000000000006,33.3,-0.6064318794921847,-0.8133296036167138,fewest barriers
AL,Alabama,Bullock,1011,9897,7878,18.2,80.3,39.0,21.8,44.0,31.2,21.3,52.4,8.8,51.0,37.8,21.7,24.9,42.7,19.700000000000003,61.0,2.5676961524344697,3.717410688087825,most barriers
NE,Nebraska,Red Willow,31145,10457,8110,9.4,73.0,65.8,7.2,13.4,10.3,9.6,32.7,5.6,42.5,16.4,20.6,15.0,27.8,27.0,34.2,-0.4316101486577006,-0.2695291523521909,some
WI,Wisconsin,Taylor,55119,20058,15464,9.1,75.2,63.6,7.6,13.1,10.7,9.5,30.0,5.8,44.1,18.6,23.3,16.7,29.7,24.799999999999997,36.4,-0.49352989018256416,-0.17244657435123822,some
IA,Iowa,Shelby,19165,11806,9133,7.5,75.1,66.4,6.9,11.9,9.9,9.3,29.8,5.4,38.1,17.1,21.6,15.9,24.4,24.900000000000006,33.599999999999994,-0.7187961881064536,-0.6271568125837358,fewest barriers
WV,West Virginia,Kanawha,54039,174805,140410,8.1,79.2,58.8,9.2,17.9,14.6,12.4,39.9,6.5,40.3,22.3,31.8,19.6,30.4,20.799999999999997,41.2,-0.2975141616817691,0.6718975068672314,some
MD,Maryland,Garrett,24023,28423,23480,8.4,75.9,60.2,7.4,13.4,11.6,10.4,34.3,5.7,36.2,18.9,22.7,14.8,24.7,24.099999999999994,39.8,-0.4846502028341364,-0.2693997853890563,some
GA,Georgia,Gilmer,13123,32860,26936,15.0,74.7,59.6,8.5,15.3,12.9,10.8,32.4,5.9,34.1,20.1,22.6,15.5,26.3,25.299999999999997,40.4,0.10095183948234494,-0.30122668696552235,many
AR,Arkansas,Chicot,5017,9538,7511,15.3,78.8,41.5,16.1,32.2,25.0,16.1,46.1,7.4,47.4,31.5,22.7,20.5,39.8,21.200000000000003,58.5,1.55372797734415,2.2059149902790733,most barriers
OH,Ohio,Miami,39109,110876,85630,7.5,76.5,65.4,6.9,12.0,10.4,10.3,32.0,5.6,33.3,16.5,26.6,15.5,24.6,23.5,34.599999999999994,-0.7510601382499464,-0.6337679024533663,fewest barriers
MO,Missouri,Texas,29215,25619,20067,11.8,75.9,53.1,11.6,19.8,15.9,12.7,37.9,7.2,42.2,26.0,26.8,22.3,34.5,24.099999999999994,46.9,0.3862280978347086,1.038292305477714,most barriers
OH,Ohio,Richland,39139,125064,97954,9.5,76.2,60.9,9.1,16.4,13.6,12.1,34.3,6.5,39.2,20.5,27.3,18.6,28.8,23.799999999999997,39.1,-0.19151147750022546,0.2825309064205551,some
VA,Virginia,Caroline,51033,32640,25204,10.5,77.2,64.1,9.1,16.4,13.9,12.0,35.4,5.6,41.3,20.0,23.5,15.1,26.8,22.799999999999997,35.900000000000006,-0.22172752976449753,0.1655190932451166,some
LA,Louisiana,Lafayette,22055,249750,189467,8.0,81.0,58.6,10.2,19.4,15.1,11.9,37.1,5.9,34.3,20.7,26.2,15.9,23.9,19.0,41.4,-0.2696836452197024,0.028042389450577417,some
MI,Michigan,Isabella,26073,64118,52691,7.9,78.4,64.0,10.1,18.5,14.0,11.6,35.5,6.7,43.1,21.4,29.8,18.6,27.3,21.599999999999994,36.0,-0.29797798527798,0.5487031637845653,some
IA,Iowa,Union,19175,11906,9293,7.8,75.6,63.5,7.5,13.1,10.5,9.8,31.9,5.6,37.6,17.7,21.8,16.5,25.6,24.400000000000006,36.5,-0.5945720296811418,-0.4404498190014453,fewest barriers
GA,Georgia,Elbert,13105,20013,15564,15.2,76.8,50.8,11.6,22.4,18.2,13.3,38.0,6.3,38.3,23.6,21.6,18.3,30.8,23.200000000000003,49.2,0.7168565008510605,0.5940245834684437,most barriers
IL,Illinois,Macoupin,17117,44018,35091,8.3,75.2,59.8,8.0,14.7,12.1,9.9,31.7,5.7,36.8,18.7,24.5,16.3,23.1,24.799999999999997,40.2,-0.35966071941146005,-0.40498111529765685,some
GA,Georgia,Schley,13249,4526,3488,13.5,76.1,55.6,9.8,18.0,15.1,12.1,35.6,5.9,37.2,21.1,22.2,16.4,27.6,23.900000000000006,44.4,0.24542307976575628,0.1277571053331399,many
NC,North Carolina,Rowan,37159,151661,118284,12.2,77.7,60.5,9.6,17.4,14.2,10.8,33.8,6.0,37.4,20.3,25.4,16.2,26.4,22.299999999999997,39.5,-0.0360702085243897,-0.06497918500948438,many
NJ,New Jersey,Somerset,34035,348842,275979,9.1,76.8,68.6,5.8,10.8,9.5,8.5,26.6,4.0,25.8,12.1,14.4,8.1,19.8,23.200000000000003,31.400000000000006,-0.8588472611469924,-1.9408468860540022,fewest barriers
VA,Virginia,Frederick,51069,95994,74555,9.9,76.5,66.0,7.0,12.0,10.5,9.6,30.3,5.2,37.3,16.7,23.3,13.0,22.9,23.5,34.0,-0.6223115544930641,-0.6822722307021907,fewest barriers
MO,Missouri,Jasper,29097,125056,94515,11.1,75.7,56.3,10.0,16.5,14.4,11.5,34.8,6.3,40.2,22.6,26.3,19.0,31.8,24.299999999999997,43.7,0.07069725335890091,0.3389874167581224,many
IL,Illinois,Cumberland,17035,10261,7994,7.5,75.4,62.4,7.1,12.7,10.9,9.2,30.9,5.4,38.5,16.9,24.5,14.8,21.6,24.599999999999994,37.6,-0.6034899942461606,-0.5816714952983425,fewest barriers
NE,Nebraska,Gosper,31073,1847,1454,8.8,73.2,63.0,6.5,11.4,9.4,9.0,29.3,5.3,38.3,14.5,18.1,13.5,24.1,26.799999999999997,37.0,-0.5639343269390588,-0.8078503462770611,fewest barriers
IL,Illinois,Rock Island,17161,141236,109684,10.4,75.7,62.6,9.2,17.6,14.6,10.8,31.5,5.7,40.1,19.7,21.3,15.1,23.8,24.299999999999997,37.4,-0.06562543098517087,-0.14454653751928384,many
MI,Michigan,Saginaw,26145,187782,147908,8.6,78.8,61.9,10.5,20.8,15.6,11.6,35.3,6.2,37.1,22.1,27.6,17.0,29.2,21.200000000000003,38.1,-0.10145947916390452,0.18607545179045562,many
CA,California,Kings,6031,152682,111961,17.3,68.9,52.0,13.4,26.5,21.7,12.9,32.0,6.3,34.9,28.1,20.7,15.0,31.0,31.099999999999994,48.0,1.5543406385733463,0.3627290731491245,most barriers
IL,Illinois,Adams,17001,64441,49972,7.6,75.7,60.9,7.6,13.8,11.6,9.6,31.6,5.4,38.2,17.4,23.8,15.0,22.6,24.299999999999997,39.1,-0.5047846579564476,-0.5076043500067569,fewest barriers
MS,Mississippi,Kemper,28069,8584,7073,13.2,81.1,7.7,15.6,29.7,23.0,15.8,46.0,6.8,45.6,27.1,18.2,19.3,36.6,18.900000000000006,92.3,1.6378648247860934,1.7495039523653575,most barriers
IA,Iowa,O'Brien,19141,14012,10569,8.7,74.5,64.6,7.9,14.2,11.1,10.0,31.3,5.8,39.3,18.8,22.2,17.2,26.2,25.5,35.400000000000006,-0.4314491740814632,-0.2744068126147533,some
LA,Louisiana,Washington,22117,44865,34243,10.5,78.4,52.8,14.0,28.1,20.7,14.9,42.1,7.3,45.6,28.0,28.3,22.2,36.2,21.599999999999994,47.2,0.7531733796996001,1.671648544392328,most barriers
MO,Missouri,Andrew,29003,18127,14052,8.1,75.3,60.9,7.2,11.3,10.6,9.2,32.3,5.3,35.8,17.5,25.0,15.6,25.5,24.700000000000003,39.1,-0.5893457651367459,-0.6388414502932565,fewest barriers
MO,Missouri,Caldwell,29025,8955,6849,9.7,75.4,56.8,8.9,14.7,12.8,10.3,33.2,6.1,38.9,21.0,26.3,19.0,30.7,24.599999999999994,43.2,-0.17215040508284715,-0.012465905564676725,many
AL,Alabama,Chilton,1021,46431,35269,12.1,77.1,59.2,9.8,19.4,14.2,12.0,39.0,6.3,39.8,22.8,25.3,17.1,30.0,22.900000000000006,40.8,0.07314581884156883,0.5500569285416897,many
OK,Oklahoma,Pottawatomie,40125,73791,56848,10.7,78.1,53.9,10.3,19.4,14.8,11.5,37.9,6.5,41.4,21.8,26.5,18.5,31.5,21.900000000000006,46.1,0.07815056275991712,0.5342354189918717,many
NE,Nebraska,Kearney,31099,6770,5096,8.2,73.3,62.3,5.8,9.9,8.4,8.5,27.6,4.9,38.4,13.5,17.9,12.8,23.1,26.700000000000003,37.7,-0.7117043681483114,-1.0629482925137572,fewest barriers
WV,West Virginia,Marion,54049,55807,44759,8.0,79.0,56.7,8.8,15.3,12.9,12.6,38.1,6.4,43.0,22.0,31.4,18.9,28.7,21.0,43.3,-0.4238470386723782,0.6940152633241745,some
NJ,New Jersey,Monmouth,34025,642799,510015,8.3,76.4,68.7,5.8,9.8,9.3,7.8,27.7,4.4,30.3,13.0,15.1,9.8,18.4,23.599999999999994,31.299999999999997,-0.9183009123145975,-1.6207757379105558,fewest barriers
MS,Mississippi,Harrison,28047,210612,161589,11.5,79.9,9.6,10.9,20.3,15.5,12.3,39.0,6.1,36.6,22.0,21.6,16.5,34.1,20.099999999999994,90.4,0.7545516605272792,0.3513053550040891,most barriers
NE,Nebraska,Cherry,31031,5492,4162,9.0,72.0,56.0,7.7,13.5,10.5,10.1,30.5,5.8,40.9,16.5,18.5,15.9,26.3,28.0,44.0,-0.223350285339135,-0.3327847642855592,some
MT,Montana,Custer,30017,11985,9637,9.5,69.0,62.2,7.8,12.3,10.0,8.5,28.9,5.3,32.7,17.3,25.2,14.8,22.2,31.0,37.8,-0.18457155154562757,-0.9869873674631975,some
AL,Alabama,Russell,1113,58744,44343,12.2,79.4,49.3,13.8,28.0,21.0,15.3,43.7,6.6,42.7,26.4,24.3,18.1,32.3,20.599999999999994,50.7,0.8418933395742588,1.4015589884802573,most barriers
MT,Montana,Yellowstone,30111,170843,132003,9.2,72.8,61.2,7.6,11.9,9.8,8.2,28.3,4.9,34.0,17.4,28.2,14.2,20.0,27.200000000000003,38.8,-0.4036866732746674,-1.0765240459420324,some
WI,Wisconsin,Ashland,55003,16079,12754,8.8,74.5,59.8,8.9,15.6,12.6,10.8,30.1,6.2,41.4,19.6,26.8,18.0,29.7,25.5,40.2,-0.20195405992228202,-0.026752264371660284,some
LA,Louisiana,Iberia,22045,67659,50684,10.8,81.3,52.1,13.8,27.4,20.1,14.7,40.9,7.1,42.4,27.7,28.6,20.7,34.2,18.700000000000003,47.9,0.5820978583011315,1.4010994373435917,most barriers
NV,Nevada,Lander,32015,5769,4270,14.5,69.4,58.3,10.9,19.7,16.1,11.1,32.0,6.4,34.9,23.4,23.5,17.8,27.4,30.599999999999994,41.7,0.7394874123739249,0.016296996365473215,most barriers
MI,Michigan,Shiawassee,26155,68025,54057,7.2,77.9,68.3,8.1,14.5,11.6,9.9,32.1,5.9,38.5,19.0,29.6,16.6,24.5,22.099999999999994,31.700000000000003,-0.6922243109314886,-0.25098264507629303,fewest barriers
GA,Georgia,Upson,13293,28263,21805,14.7,76.4,52.8,11.7,22.1,18.0,13.5,37.4,6.4,39.1,23.7,22.1,19.1,31.3,23.599999999999994,47.2,0.6710687419150281,0.6509147125979767,most barriers
WV,West Virginia,Grant,54023,10921,8803,8.8,78.0,50.0,9.0,16.0,13.0,12.2,36.9,6.5,43.3,22.9,31.4,20.2,30.8,22.0,50.0,-0.20125207888291638,0.6869914494789252,some
ND,North Dakota,Slope,38087,674,550,7.9,71.3,62.2,7.3,12.4,10.2,9.4,31.8,5.9,38.6,17.3,21.2,16.2,23.2,28.700000000000003,37.8,-0.40146004573737454,-0.38003562945124053,some
HI,Hawaii,Kalawao,15005,81,75,11.8,60.2,51.1,10.4,22.6,17.6,12.9,29.0,6.6,33.0,21.4,14.2,14.1,22.5,39.8,48.9,1.2610262612630008,-0.0730015126257525,most barriers
AR,Arkansas,Howard,5061,12533,9311,13.1,77.2,53.0,11.4,22.3,18.0,12.5,39.0,6.6,39.7,25.4,25.5,17.6,34.4,22.799999999999997,47.0,0.5317203302960055,0.7815516089116681,most barriers
VA,Virginia,Buena Vista,51530,6566,5153,10.3,76.2,56.6,9.3,16.4,12.9,11.9,34.5,6.4,39.0,21.6,27.5,17.8,27.5,23.799999999999997,43.4,-0.10304509072637989,0.2892303186464248,many
WV,West Virginia,Wetzel,54103,13890,10969,9.1,77.5,52.2,9.6,17.3,13.9,12.8,38.0,6.8,42.4,24.6,32.8,21.5,34.2,22.5,47.8,-0.08647274961896702,0.8977522272606595,many
NE,Nebraska,Seward,31159,17671,13590,7.9,72.2,68.2,5.9,10.0,8.3,8.3,29.1,5.0,35.6,13.7,19.1,13.6,23.2,27.799999999999997,31.799999999999997,-0.7534878254330085,-1.1064555711804578,fewest barriers
NY,New York,Oswego,36075,118162,94079,6.8,78.4,60.6,8.7,15.2,13.5,9.4,31.3,5.9,36.7,18.1,22.7,16.2,27.6,21.599999999999994,39.4,-0.49912531146761935,-0.4477566037576494,some
GA,Georgia,Pickens,13227,35969,29293,12.1,75.4,62.5,7.8,13.8,11.6,10.3,33.5,5.7,34.7,18.3,23.3,15.4,24.6,24.599999999999994,37.5,-0.2620395320800814,-0.4041439569620734,some
OK,Oklahoma,Noble,40103,10832,8403,10.0,76.9,59.1,8.8,16.5,13.0,10.5,35.3,6.1,41.8,19.6,26.9,17.4,31.1,23.099999999999994,40.9,-0.21182001561428895,0.15631725929026924,some
LA,Louisiana,St. Martin,22099,51057,38941,10.1,79.6,54.6,12.1,24.5,18.9,13.1,39.3,6.6,45.0,25.4,29.4,19.7,32.0,20.400000000000006,45.4,0.36731125095364064,1.0784956544720223,many
ND,North Dakota,Burleigh,38015,100012,76833,6.5,73.3,69.6,5.7,8.9,8.0,8.1,27.6,4.9,35.5,13.7,19.8,12.1,17.7,26.700000000000003,30.400000000000006,-0.9556497611475709,-1.2159100166442423,fewest barriers
IA,Iowa,Black Hawk,19013,130471,101949,7.4,77.8,63.4,8.0,13.5,10.3,10.8,32.4,5.7,42.0,18.5,21.6,16.9,23.5,22.200000000000003,36.6,-0.6904600817815888,-0.07816692922839578,fewest barriers
RI,Rhode Island,Providence,44007,660615,528665,10.3,82.2,67.7,9.7,19.6,17.3,10.6,31.0,5.5,33.7,18.6,23.4,12.5,28.2,17.799999999999997,32.3,-0.27453341804751247,-0.5616075093336448,some
IN,Indiana,DeKalb,18033,44198,33580,8.4,77.5,62.9,7.2,13.3,10.7,10.8,34.1,5.8,43.5,19.4,27.4,17.0,24.6,22.5,37.1,-0.651791480279725,0.12359587029693542,fewest barriers
VA,Virginia,Lexington,51678,7528,6479,8.3,77.0,70.2,7.2,12.1,10.6,10.5,32.3,5.3,35.7,17.0,24.7,13.2,22.8,23.0,29.799999999999997,-0.7739383520347866,-0.550650880950851,fewest barriers
MI,Michigan,Lake,26085,12734,10887,11.9,76.7,55.9,12.4,24.2,17.9,12.5,36.7,7.4,40.3,25.4,28.1,21.3,31.5,23.299999999999997,44.1,0.557266435620565,0.9101402668927602,most barriers
OK,Oklahoma,Canadian,40017,175829,131131,9.5,77.8,65.3,7.3,13.7,11.3,9.9,34.6,5.3,38.6,16.5,24.9,13.2,26.6,22.200000000000003,34.7,-0.6022368975850066,-0.4037794264244261,fewest barriers
NY,New York,Richmond,36085,490687,385428,7.9,80.1,65.9,8.4,16.4,14.5,10.1,30.3,4.8,30.0,17.0,15.8,12.1,25.5,19.900000000000006,34.099999999999994,-0.5458758922984592,-1.0422586294970264,fewest barriers
GA,Georgia,Jones,13169,28969,22439,12.4,77.0,56.3,9.7,17.9,15.4,12.0,35.6,5.7,39.4,20.5,21.7,16.1,28.6,23.0,43.7,0.1357699543102152,0.13827825702957347,many
MI,Michigan,Alcona,26001,10489,9146,7.2,77.4,62.2,8.4,15.2,11.9,9.9,32.1,6.1,39.1,18.7,29.3,17.0,24.7,22.599999999999994,37.8,-0.5317261395616512,-0.18872797467421062,fewest barriers
IA,Iowa,Crawford,19047,16013,12050,14.3,75.2,61.0,9.9,19.8,14.9,12.2,33.2,6.3,43.1,22.7,19.5,17.1,31.5,24.799999999999997,39.0,0.3020202513775204,0.46527309602266287,many
MN,Minnesota,Chippewa,27023,12172,9114,10.4,71.1,66.3,9.1,15.5,12.2,10.1,28.6,5.8,40.8,18.5,25.6,17.0,27.0,28.900000000000006,33.7,-0.049475217006595094,-0.3262697271243252,many
OK,Oklahoma,Kay,40071,43641,32842,11.6,75.5,55.9,10.5,20.1,15.2,11.9,36.9,6.8,43.1,22.1,27.6,19.6,30.7,24.5,44.1,0.2717806349098976,0.6900289742736938,many
MI,Michigan,Grand Traverse,26055,96421,77995,5.7,77.8,73.2,6.5,11.0,9.5,8.4,29.4,5.1,35.3,15.6,27.0,13.2,21.0,22.200000000000003,26.799999999999997,-1.1085666784652826,-0.98773275575977,fewest barriers
IL,Illinois,Woodford,17203,38285,29234,6.5,76.0,63.4,6.2,10.5,9.4,8.6,29.6,4.9,37.3,15.0,23.2,12.6,19.3,24.0,36.6,-0.8719111791889077,-0.9510350510209404,fewest barriers
NC,North Carolina,Dare,37055,38110,31485,8.1,77.6,71.3,5.9,9.6,8.5,8.1,29.7,4.9,31.0,13.8,26.0,11.4,18.4,22.400000000000006,28.700000000000003,-1.0562774051133348,-1.3201723402087375,fewest barriers
NC,North Carolina,Wilkes,37193,66013,52999,12.6,76.8,57.7,9.4,17.5,13.4,10.7,34.4,6.4,38.2,21.0,28.5,17.8,25.9,23.200000000000003,42.3,0.029417026044443458,0.11685620742312222,many
NV,Nevada,Pershing,32027,6364,5279,15.6,68.3,55.8,9.7,17.2,14.8,10.3,31.4,6.0,35.3,21.9,20.1,16.8,25.2,31.700000000000003,44.2,0.698764489891755,-0.22891011949553636,most barriers
MN,Minnesota,Hennepin,27053,1258713,989486,7.6,73.7,67.5,7.2,11.4,10.2,7.4,26.9,4.5,27.1,14.1,25.8,11.1,18.5,26.299999999999997,32.5,-0.6447675523750621,-1.7548434700001312,fewest barriers
IN,Indiana,Marion,18097,968460,727834,10.7,79.0,59.6,9.6,18.7,14.5,12.8,38.0,5.8,38.4,21.0,25.3,15.2,24.4,21.0,40.4,-0.1196221722094164,0.31293739835666556,many
KS,Kansas,Edwards,20047,2733,2119,14.5,73.7,61.5,9.0,17.3,14.9,11.1,32.9,6.1,40.2,20.9,21.1,17.1,30.4,26.299999999999997,38.5,0.2585017754175633,0.09807139586572397,many
MT,Montana,Ravalli,30081,47738,38925,9.8,68.0,65.8,7.0,10.7,9.0,7.3,26.1,4.9,31.7,16.3,24.4,13.2,18.3,32.0,34.2,-0.300580912942973,-1.3979631994291104,some
VA,Virginia,Scott,51169,21433,17546,10.8,75.9,59.6,9.5,16.8,12.8,12.1,35.2,6.8,38.3,22.8,28.9,19.4,28.7,24.099999999999994,40.4,-0.08604411540803204,0.45887336570690634,many
KS,Kansas,Lyon,20111,32172,24980,13.7,74.4,57.7,8.9,17.0,14.6,11.2,33.7,6.1,39.9,21.1,21.5,16.3,29.7,25.599999999999994,42.3,0.21023261227355086,0.1362274226547308,many
NC,North Carolina,Moore,37125,106898,83707,8.8,78.3,67.5,6.8,11.4,9.9,8.9,31.3,5.1,32.8,15.1,25.2,11.8,19.2,21.700000000000003,32.5,-0.8424958264650416,-0.9958346412001072,fewest barriers
VA,Virginia,Culpeper,51047,54973,41294,11.0,76.5,63.6,8.0,14.1,12.4,10.9,33.3,5.4,38.2,18.6,23.3,13.8,24.9,23.5,36.4,-0.33926893066434155,-0.26748446765546496,some
ND,North Dakota,Ward,38101,68332,51945,7.6,72.2,63.5,6.3,10.4,9.3,8.8,31.4,5.1,34.7,15.0,20.6,13.3,22.7,27.799999999999997,36.5,-0.6285991374370429,-0.9221022233178772,fewest barriers
GA,Georgia,Washington,13303,19820,15608,16.3,78.3,50.1,14.6,28.5,22.8,15.9,42.8,6.8,43.0,27.2,20.0,19.6,33.5,21.700000000000003,49.9,1.233373682039913,1.5158748368682804,most barriers
MN,Minnesota,Lake of the Woods,27077,3778,3059,7.8,71.9,63.1,7.4,11.6,9.9,8.9,27.9,5.3,35.6,15.7,25.1,15.6,23.3,28.099999999999994,36.9,-0.4770192243737699,-0.9388598857766723,some
AR,Arkansas,Logan,5083,21400,16752,11.3,76.2,51.5,9.8,18.4,14.1,11.3,38.2,6.7,37.7,24.0,27.3,18.3,31.7,23.799999999999997,48.5,0.15411432526433763,0.5163326089684456,many
OK,Oklahoma,Cleveland,40027,301193,240814,9.6,77.2,60.6,8.1,15.6,12.4,10.7,34.3,5.7,37.6,18.0,25.5,14.1,26.9,22.799999999999997,39.4,-0.3582905996311061,-0.22231023143015846,some
MO,Missouri,Clark,29045,6641,5096,10.6,75.1,51.2,10.1,17.2,14.1,11.3,34.6,6.8,41.4,23.8,27.2,21.5,33.0,24.900000000000006,48.8,0.16003139864016522,0.5433820386793654,many
MA,Massachusetts,Dukes,25007,20819,17186,4.2,78.8,72.0,6.6,9.7,9.6,7.3,27.1,4.7,25.3,13.5,25.7,11.2,16.9,21.200000000000003,28.0,-1.2461397230720848,-1.8113631726751478,fewest barriers
KS,Kansas,Haskell,20081,3630,2660,16.8,72.6,57.1,9.2,18.6,15.3,11.5,31.6,6.1,42.4,21.9,20.7,16.9,32.1,27.400000000000006,42.9,0.5609367040140972,0.22033484716497034,most barriers
SC,South Carolina,Sumter,45085,104165,79564,13.0,80.5,58.4,11.7,23.9,19.1,13.8,38.4,5.8,43.2,21.6,21.7,15.6,26.5,19.5,41.6,0.39079359274104725,0.6546930019744355,most barriers
MS,Mississippi,Perry,28111,11315,8819,12.1,78.9,6.9,11.9,22.0,16.7,13.4,41.5,6.7,43.6,24.3,22.2,20.0,34.7,21.099999999999994,93.1,1.026193551893828,1.110960755672494,most barriers
IL,Illinois,Piatt,17147,16714,13082,6.6,75.7,67.5,6.1,10.5,9.5,8.4,29.2,4.9,34.9,14.8,23.1,12.7,19.2,24.299999999999997,32.5,-0.9125526472148002,-1.0991898500087116,fewest barriers
IA,Iowa,Guthrie,19077,10722,8454,6.9,73.7,66.9,6.6,11.2,9.3,9.1,30.0,5.2,37.2,15.9,21.0,15.2,23.9,26.299999999999997,33.099999999999994,-0.7490740259381484,-0.7794833844696452,fewest barriers
AR,Arkansas,Saline,5125,129574,99649,9.6,77.3,62.4,7.9,14.4,12.2,9.5,35.5,5.7,34.4,20.0,25.6,14.3,27.8,22.700000000000003,37.6,-0.4413384124226734,-0.3279813301769278,some
GA,Georgia,Bulloch,13031,84327,67469,12.9,77.4,58.5,10.8,19.6,16.6,12.9,38.8,6.2,41.7,21.5,20.9,16.0,27.4,22.599999999999994,41.5,0.26871074860500754,0.6209156288883847,many
MD,Maryland,Anne Arundel,24003,594582,461032,7.3,78.2,68.3,6.3,11.9,10.9,9.1,31.4,4.6,34.2,15.5,20.4,10.5,19.8,21.799999999999997,31.700000000000003,-0.9051212992861202,-1.01880560335969,fewest barriers
NE,Nebraska,Webster,31181,3351,2578,9.4,72.1,60.0,7.1,12.8,10.2,9.8,30.5,5.5,39.1,16.0,18.9,15.1,25.0,27.900000000000006,40.0,-0.33025332590111695,-0.5348296241191861,some
WI,Wisconsin,St. Croix,55109,96763,74028,6.4,73.9,74.0,5.5,9.1,7.9,8.1,28.2,4.8,35.5,13.9,23.3,12.4,23.1,26.099999999999994,26.0,-1.0637308220900816,-1.2066557655441696,fewest barriers
KS,Kansas,Chase,20017,2579,2057,11.3,74.5,60.8,8.5,15.4,13.0,10.8,33.1,6.3,38.8,19.7,21.7,17.3,27.6,25.5,39.2,-0.09649642547723541,0.014255101467012721,many
AR,Arkansas,Woodruff,5147,5964,4659,13.3,77.3,46.0,13.3,26.4,19.8,13.7,41.4,7.4,39.3,29.1,26.6,21.3,37.7,22.700000000000003,54.0,0.9312124990788374,1.3356338681578825,most barriers
NY,New York,Cayuga,36011,74485,60227,7.1,78.4,58.4,8.8,15.8,13.7,9.3,31.0,5.7,35.7,18.5,22.0,15.5,26.4,21.599999999999994,41.6,-0.4215472578515152,-0.5443313492937852,some
SC,South Carolina,Lee,45061,15967,12947,16.5,80.3,46.2,15.6,33.1,25.0,16.9,43.7,6.8,44.1,28.1,21.9,19.3,34.7,19.700000000000003,53.8,1.4717231657226104,1.7305382779128649,most barriers
OH,Ohio,Allen,39003,100838,77234,8.7,79.3,57.0,8.7,15.7,13.4,12.2,34.3,6.3,40.0,19.6,28.2,17.6,28.1,20.700000000000003,43.0,-0.38101252333840435,0.2361355735419352,some
NC,North Carolina,Cleveland,37045,101378,78793,11.4,77.9,55.2,10.1,18.5,14.7,11.2,36.3,6.2,38.6,20.8,26.9,16.9,26.2,22.099999999999994,44.8,0.06638307532574916,0.19924911818019822,many
MI,Michigan,Berrien,26021,152261,120080,7.7,77.1,65.3,9.2,17.1,13.7,10.7,33.7,6.0,38.9,19.3,27.1,15.5,25.6,22.900000000000006,34.7,-0.36575816456430194,-0.05761917569617829,some
LA,Louisiana,Catahoula,22025,8414,6589,12.5,78.8,54.1,14.9,30.0,21.7,15.0,42.1,7.6,41.6,29.6,27.7,22.8,35.7,21.200000000000003,45.9,0.9647567256542019,1.652444967147727,most barriers
NJ,New Jersey,Essex,34013,851117,652264,14.9,76.2,62.9,10.9,21.5,18.8,11.0,29.8,5.1,29.4,19.5,15.7,12.3,28.4,23.799999999999997,37.1,0.5149492021266139,-0.8225419898495142,most barriers
AL,Alabama,Lowndes,1085,9717,7570,14.7,81.4,44.6,19.8,40.3,29.0,19.4,50.4,7.8,51.3,33.8,22.0,22.2,39.3,18.599999999999994,55.4,1.943188794079206,3.050564449296484,most barriers
MN,Minnesota,Swift,27151,9719,7508,9.7,71.8,63.0,8.9,14.8,12.0,10.1,30.6,5.8,39.1,18.3,26.7,17.6,25.8,28.200000000000003,37.0,-0.11245077706311457,-0.3260284121524702,many
MO,Missouri,St. Charles,29183,416659,323865,6.7,76.3,65.6,6.0,8.8,9.0,8.8,28.4,4.6,35.5,14.4,23.5,12.2,22.2,23.700000000000003,34.400000000000006,-0.9814129230977878,-1.1633905624859426,fewest barriers
IN,Indiana,Vigo,18167,106153,84369,9.1,78.4,56.3,9.2,17.5,13.6,12.8,36.3,6.6,42.6,23.0,26.9,19.1,25.6,21.599999999999994,43.7,-0.21919501644683415,0.7138310399945687,some
MS,Mississippi,Lawrence,28077,11741,8893,14.4,79.2,6.6,15.0,28.7,20.9,15.2,44.4,7.4,46.1,28.4,21.8,22.1,39.0,20.799999999999997,93.4,1.6664262439383715,1.8588245480885814,most barriers
IN,Indiana,Clay,18021,26460,20399,8.5,77.9,57.1,7.8,14.8,11.3,11.5,36.0,6.1,42.9,20.8,27.8,18.2,26.1,22.099999999999994,42.9,-0.48347517939401596,0.3761592024043954,some
ND,North Dakota,Mercer,38057,8309,6371,8.0,72.1,63.1,7.2,12.3,10.2,9.1,30.7,5.7,39.6,17.4,21.6,15.4,23.3,27.900000000000006,36.9,-0.45700282112862123,-0.45393500240059764,some
IA,Iowa,Jefferson,19101,15440,12891,7.0,75.7,62.8,7.4,13.0,10.1,10.1,31.9,5.7,39.7,17.6,20.3,14.8,24.1,24.299999999999997,37.2,-0.6562191384958013,-0.30195156685749425,fewest barriers
GA,Georgia,Clarke,13059,129933,108382,13.2,77.4,57.1,10.7,19.3,16.2,13.3,36.5,6.0,33.7,21.3,21.0,14.4,27.4,22.599999999999994,42.9,0.2750472588598209,0.15261238274976088,many
AL,Alabama,DeKalb,1049,72569,55297,15.4,76.0,47.5,11.7,23.7,16.2,13.3,40.0,7.3,38.6,26.8,27.2,19.9,32.6,24.0,52.5,0.7772664451798722,1.0827796797353026,most barriers
KS,Kansas,Russell,20167,6723,5253,10.2,73.9,62.5,8.3,14.7,12.7,10.2,32.7,6.1,41.8,19.6,22.7,18.1,28.3,26.099999999999994,37.5,-0.19238008385292696,0.021272703909694612,some
IA,Iowa,Winnebago,19189,10571,8271,7.5,75.4,71.2,7.0,11.8,9.9,9.3,31.0,5.4,39.3,16.5,21.5,15.4,23.4,24.599999999999994,28.799999999999997,-0.7993254758049183,-0.5517627505683521,fewest barriers
WI,Wisconsin,Milwaukee,55079,916205,700935,10.8,77.9,63.6,10.2,19.5,15.1,12.4,34.1,5.8,38.8,21.9,23.7,14.9,27.7,22.099999999999994,36.4,-0.03717890906126548,0.17282470855144647,many
MT,Montana,Fergus,30027,11772,9316,9.8,68.9,63.7,8.0,12.9,10.5,8.4,29.7,5.5,31.2,17.6,25.1,15.1,21.7,31.099999999999994,36.3,-0.13756803105061735,-0.964809021811955,many
ND,North Dakota,Grant,38037,2215,1740,8.7,72.3,57.0,8.3,14.6,11.4,10.3,32.9,6.4,41.8,19.7,22.5,17.8,27.0,27.700000000000003,43.0,-0.16811312770515519,0.11736761482502411,many
NC,North Carolina,Haywood,37087,62969,52105,9.6,76.5,66.0,7.4,12.8,10.5,9.2,32.2,5.7,33.2,17.3,28.5,14.4,21.8,23.5,34.0,-0.5930684147563362,-0.6663155888221755,fewest barriers
MT,Montana,Toole,30101,5133,4036,13.4,66.2,54.6,10.4,17.3,13.0,10.3,31.4,6.5,35.4,22.2,23.7,19.4,25.9,33.8,45.4,0.6754423395275149,-0.08704112998142023,most barriers
MT,Montana,Sheridan,30091,3498,2775,10.7,68.6,67.1,8.1,12.9,10.5,8.4,29.5,5.4,35.4,17.9,25.6,15.2,21.6,31.400000000000006,32.900000000000006,-0.1178877901775367,-0.8011274121939176,many
NC,North Carolina,Davie,37059,44599,35409,10.2,76.8,62.5,7.3,12.8,10.8,9.2,32.1,5.4,33.3,16.8,26.5,14.0,21.8,23.200000000000003,37.5,-0.5198098104990218,-0.7630516483274142,fewest barriers
VA,Virginia,Orange,51137,38574,30240,9.2,77.7,64.4,7.5,12.9,11.3,10.2,32.5,5.3,36.9,17.4,24.7,13.9,23.3,22.299999999999997,35.599999999999994,-0.6105688794577886,-0.4984635427718004,fewest barriers
MN,Minnesota,Mahnomen,27087,5280,3646,12.0,72.1,50.4,16.6,28.0,20.2,14.0,33.2,7.5,44.4,27.2,27.9,25.7,33.2,27.900000000000006,49.6,1.3067795531579052,1.1817763316699765,most barriers
MT,Montana,Big Horn,30003,12751,8784,14.5,68.9,50.5,18.7,30.1,22.1,13.8,33.5,7.4,35.8,28.8,25.6,25.3,28.0,31.099999999999994,49.5,1.8500691248449537,0.8485885969238656,most barriers
MN,Minnesota,Sherburne,27141,102206,75976,7.4,71.1,67.7,6.8,10.7,9.2,8.3,27.4,4.8,38.4,14.3,24.2,13.9,22.9,28.900000000000006,32.3,-0.6118906443192108,-1.0777337067562966,fewest barriers
OH,Ohio,Holmes,39075,44386,31037,12.6,74.1,52.4,9.7,19.0,14.1,11.7,33.5,7.0,38.8,24.7,29.8,22.3,33.4,25.900000000000006,47.6,0.32428739225437014,0.5095901480094094,many
NE,Nebraska,Phelps,31137,9057,6814,9.8,72.5,64.1,7.0,12.7,9.9,9.4,30.1,5.4,39.1,16.0,19.1,15.2,25.5,27.5,35.900000000000006,-0.4078045671472583,-0.611729305221872,some
MS,Mississippi,Union,28145,28284,21239,13.2,77.7,10.6,11.2,20.9,15.8,12.3,39.4,6.4,41.5,23.5,22.0,18.8,32.4,22.299999999999997,89.4,0.9845500645080177,0.7238505615144155,most barriers
DE,Delaware,Sussex,10005,263509,216820,10.5,78.6,60.6,7.8,14.5,11.9,9.8,32.8,5.6,34.2,17.7,22.4,14.6,25.2,21.400000000000006,39.4,-0.4465090930301276,-0.5512827171055564,some
OK,Oklahoma,Lincoln,40081,34562,26523,10.8,75.9,53.0,10.0,19.2,14.5,11.4,37.7,6.7,43.9,21.5,26.8,19.2,31.6,24.099999999999994,47.0,0.1699800929107518,0.6622128936642613,many
ID,Idaho,Camas,16025,1232,960,10.9,71.0,66.7,7.5,12.5,10.6,8.4,27.7,5.3,29.3,16.6,23.0,12.5,21.3,29.0,33.3,-0.26167205704399027,-1.2258504073407577,some
MN,Minnesota,Murray,27101,8049,6312,8.9,71.0,62.3,7.7,12.6,10.5,9.1,28.2,5.4,36.7,16.8,26.1,15.5,24.4,29.0,37.7,-0.2944174952766617,-0.786246456585394,some
OH,Ohio,Fairfield,39045,165360,125997,7.4,78.0,61.1,7.1,12.2,10.7,10.4,32.7,5.5,35.3,16.5,26.1,14.5,23.5,22.0,38.9,-0.7396641456097841,-0.533218022808484,fewest barriers
VA,Virginia,Amherst,51009,31396,25190,9.6,76.9,63.6,9.0,15.8,13.2,11.8,34.9,5.9,39.6,20.1,24.8,16.3,27.1,23.099999999999994,36.4,-0.2972880768161676,0.13165392431738845,some
MO,Missouri,Howard,29089,10101,7943,8.7,76.4,57.3,8.3,13.2,12.0,10.1,32.8,5.8,36.0,19.7,26.2,17.0,28.3,23.599999999999994,42.7,-0.3890485163776482,-0.3064168237161035,some
NC,North Carolina,Randolph,37151,147458,114881,13.8,77.1,56.4,9.6,17.9,14.3,10.9,34.3,6.3,39.7,21.5,27.4,16.9,26.5,22.900000000000006,43.6,0.15494331346861948,0.1935973891673891,many
GA,Georgia,Douglas,13097,149160,111702,13.5,78.8,58.5,10.8,20.1,18.1,12.7,36.1,5.3,35.9,20.0,18.3,13.5,26.9,21.200000000000003,41.5,0.30410306210647153,-0.05335926919760843,many
NM,New Mexico,De Baca,35011,1657,1294,16.4,65.7,59.3,10.9,20.4,17.3,10.9,30.8,6.1,33.0,23.0,24.6,14.8,25.2,34.3,40.7,1.0744568623823278,-0.22682066595041683,most barriers
OK,Oklahoma,Beaver,40007,5018,3798,16.1,76.1,57.5,9.5,19.3,15.4,11.3,35.6,6.3,39.0,21.4,24.0,15.8,32.4,23.900000000000006,42.5,0.38621558491227587,0.24819540353860808,most barriers
AL,Alabama,Lamar,1075,13661,10648,11.5,77.1,54.3,10.9,21.3,15.1,12.9,40.4,6.9,40.8,24.8,26.5,19.5,30.0,22.900000000000006,45.7,0.2628604901291368,0.9707286311814635,many
NC,North Carolina,Cabarrus,37025,240016,180188,10.2,77.8,66.3,7.7,13.7,11.8,9.9,32.7,5.1,32.7,16.6,23.6,12.1,21.3,22.200000000000003,33.7,-0.5364616171120126,-0.785633143686581,fewest barriers
MO,Missouri,Douglas,29067,12228,9333,10.8,75.5,54.1,10.1,17.0,14.3,11.3,34.6,6.6,37.9,23.5,27.4,20.8,32.0,24.5,45.9,0.11173645657246788,0.32751661015272415,many
MI,Michigan,Ingham,26065,284637,229779,7.1,78.6,69.2,8.6,15.3,12.5,10.6,33.5,5.6,36.6,17.7,26.9,14.6,22.9,21.400000000000006,30.799999999999997,-0.6586439850950859,-0.34650584581737404,fewest barriers
NE,Nebraska,Jefferson,31095,7054,5436,9.4,72.8,61.0,6.9,12.6,9.8,9.8,29.5,5.4,37.6,16.1,19.5,15.3,26.9,27.200000000000003,39.0,-0.41185345360397885,-0.6623068901213892,some
MA,Massachusetts,Nantucket,25019,14444,11509,4.8,79.6,74.9,6.0,9.0,9.4,7.2,25.8,4.3,26.9,12.3,22.7,8.8,16.4,20.400000000000006,25.099999999999994,-1.357175074199738,-1.957909271189552,fewest barriers
MT,Montana,Lake,30047,33338,26163,10.8,70.3,56.3,10.8,16.6,13.3,9.3,29.3,5.8,33.2,19.8,26.7,16.2,21.9,29.700000000000003,43.7,0.326892113153192,-0.6409723294608318,many
MS,Mississippi,Winston,28159,17416,13573,13.7,81.0,7.6,15.3,29.7,21.9,15.7,44.8,7.2,42.0,27.2,19.8,20.5,36.0,19.0,92.4,1.6102399527340545,1.637159933517108,most barriers
AL,Alabama,Elmore,1051,90441,71010,9.5,78.9,59.5,9.2,17.9,13.5,11.4,38.2,5.8,38.7,20.8,23.6,15.1,25.4,21.099999999999994,40.5,-0.2614251917055357,0.20141221202108933,some
MI,Michigan,Dickinson,26043,25982,20842,6.3,77.7,69.5,7.5,13.0,10.7,9.3,31.5,5.7,38.1,17.1,29.7,15.7,23.5,22.299999999999997,30.5,-0.8586852698330819,-0.48183593698670996,fewest barriers
VA,Virginia,King George,51099,28568,21638,8.6,77.1,68.0,7.2,12.2,10.9,10.3,31.5,5.2,35.5,16.8,23.5,12.9,22.5,22.900000000000006,32.0,-0.7168687334568128,-0.6442778921071591,fewest barriers
NY,New York,Washington,36115,60047,49075,6.7,78.6,61.9,7.9,13.9,12.5,8.6,30.0,5.4,31.2,16.9,21.7,14.9,24.8,21.400000000000006,38.1,-0.6542844276524971,-0.9909358156915324,fewest barriers
IL,Illinois,McDonough,17109,26839,21974,8.4,76.0,57.1,8.9,16.4,13.3,10.8,33.5,6.0,39.2,19.7,24.3,16.1,23.6,24.0,42.9,-0.20905064910921098,-0.025986663516995367,some
GA,Georgia,Appling,13001,18457,13966,18.7,74.9,52.3,13.3,25.7,19.8,14.6,38.8,7.3,40.7,27.3,22.9,20.8,33.7,25.099999999999994,47.7,1.2269760023206169,1.2619926594346755,most barriers
MT,Montana,Madison,30057,9521,8033,9.3,68.1,64.8,6.8,10.2,9.1,7.3,26.8,4.9,28.6,15.4,23.9,12.7,17.3,31.900000000000006,35.2,-0.33915971601871203,-1.544618612782246,some
AL,Alabama,Perry,1105,7738,6081,14.5,81.9,42.3,20.7,41.9,29.8,20.5,51.9,8.2,54.0,35.4,23.4,23.3,40.3,18.099999999999994,57.7,2.0684801982435315,3.4996842058179354,most barriers
MS,Mississippi,Calhoun,28013,12685,9911,14.9,78.4,6.9,14.2,26.7,20.1,14.6,42.8,7.1,41.3,27.5,21.2,20.8,35.6,21.599999999999994,93.1,1.595438067693337,1.4145005179781278,most barriers
IN,Indiana,Gibson,18051,32904,25197,8.4,77.9,55.6,7.7,14.2,11.4,10.8,33.9,6.0,39.4,19.8,27.6,18.0,24.6,22.099999999999994,44.4,-0.4855944614394801,0.003939606724934946,some
MI,Michigan,Menominee,26109,22945,19083,7.5,76.8,63.9,8.6,15.6,12.2,9.9,32.7,6.1,38.9,19.2,29.8,17.4,25.0,23.200000000000003,36.1,-0.47627681213320083,-0.14988255496643554,some
AL,Alabama,Cleburne,1029,15639,12016,10.6,76.3,52.6,9.3,17.9,12.7,11.7,37.0,6.5,37.1,22.3,26.9,18.0,28.7,23.700000000000003,47.4,-0.0014553516645531839,0.34926534513608976,many
NE,Nebraska,Knox,31107,8298,6275,9.6,73.1,60.1,8.4,15.3,11.4,10.3,30.3,5.8,40.4,17.1,18.7,17.2,27.2,26.900000000000006,39.9,-0.17914391322494005,-0.3181973981519383,many
SC,South Carolina,Cherokee,45021,56714,43778,14.5,77.4,57.1,10.8,22.4,16.6,12.9,35.9,6.4,38.8,22.9,24.9,17.6,30.3,22.599999999999994,42.9,0.45042676031368184,0.48605190756211575,most barriers
VA,Virginia,Alexandria,51510,155230,127357,7.8,78.2,73.8,6.2,10.4,9.5,9.8,30.1,4.5,31.2,14.6,20.6,8.6,19.4,21.799999999999997,26.200000000000003,-1.0591037210898653,-1.2073688923921697,fewest barriers
WV,West Virginia,Pleasants,54073,7428,6004,8.9,77.1,53.3,8.8,15.4,12.7,12.2,38.2,6.5,43.5,23.1,31.8,19.9,31.2,22.900000000000006,46.7,-0.23877918630484107,0.7589778368037516,some
ID,Idaho,Clearwater,16035,9214,7803,11.0,71.1,62.6,8.3,14.5,11.8,9.2,29.1,5.8,31.8,18.3,22.9,14.7,22.6,28.900000000000006,37.4,-0.05414423458436432,-0.7868877367682044,many
NJ,New Jersey,Salem,34033,65338,50965,11.6,75.6,65.0,8.9,16.6,14.4,9.7,32.3,5.4,33.8,18.5,19.4,14.8,26.5,24.400000000000006,35.0,-0.08399062244461764,-0.6119855186647405,many
MS,Mississippi,Issaquena,28055,1256,1128,20.0,79.0,6.0,18.8,36.9,27.2,17.8,48.9,8.0,47.3,33.1,17.1,24.0,42.1,21.0,94.0,2.67510481491474,2.689790164265717,most barriers
NC,North Carolina,Washington,37187,10713,8617,13.8,80.0,52.0,15.0,28.9,22.5,14.8,42.0,7.1,44.1,26.8,25.6,20.2,32.0,20.0,48.0,1.0120071628709022,1.489472296612131,most barriers
ND,North Dakota,Towner,38095,2030,1581,9.5,72.6,56.5,8.7,15.3,12.3,10.4,32.8,6.3,43.9,19.8,22.3,17.6,27.3,27.400000000000006,43.5,-0.05546813387725716,0.19340976354274703,many
AR,Arkansas,White,5145,78452,60279,11.4,75.7,51.5,9.8,19.4,14.2,10.9,37.1,6.7,40.0,23.6,27.1,17.9,31.6,24.299999999999997,48.5,0.21530619206712762,0.517368781992462,many
NV,Nevada,Nye,32023,55720,46506,14.4,68.3,53.3,11.2,20.2,16.8,10.9,31.9,6.3,40.1,24.6,23.1,18.6,29.1,31.700000000000003,46.7,0.918624049587145,0.25065740059007113,most barriers
NE,Nebraska,Blaine,31009,436,344,8.6,72.4,61.6,7.0,12.4,9.7,9.4,30.9,5.5,38.8,15.8,19.2,15.5,26.3,27.599999999999994,38.4,-0.4468590533191474,-0.5756616819341376,some
MI,Michigan,Ontonagon,26131,5906,5167,7.3,77.0,63.3,8.7,15.8,12.4,10.1,33.1,6.3,37.2,19.2,29.3,17.7,24.7,23.0,36.7,-0.46901935565785674,-0.14008597880555188,some
WI,Wisconsin,Waupaca,55135,51388,41137,8.8,74.6,65.5,7.1,12.8,10.5,10.0,30.0,5.6,37.8,17.8,24.5,15.9,26.7,25.400000000000006,34.5,-0.5523827033339975,-0.4887837733411602,fewest barriers
IN,Indiana,Fayette,18041,23362,18243,9.9,77.2,50.4,9.2,17.8,13.2,12.3,36.7,6.8,44.8,23.4,28.6,20.8,27.9,22.799999999999997,49.6,-0.04040768321576705,0.8498917835238455,many
SC,South Carolina,Georgetown,45043,65731,54866,10.8,79.3,62.4,8.6,16.7,14.2,11.6,33.7,5.2,32.5,17.6,21.9,12.7,22.6,20.700000000000003,37.6,-0.2939745571318338,-0.532255012441626,some
IN,Indiana,Warrick,18173,65867,50898,6.4,78.7,68.8,5.7,9.5,8.4,9.5,30.5,5.0,33.8,15.5,25.9,13.1,19.9,21.299999999999997,31.200000000000003,-1.1832701016474891,-0.9392164552941094,fewest barriers
WV,West Virginia,Wood,54107,83052,65756,8.3,79.3,53.8,9.3,16.5,13.2,13.0,38.7,6.7,43.4,23.5,33.9,19.5,31.0,20.700000000000003,46.2,-0.3073550840231828,0.9139267721082746,some
GA,Georgia,Pulaski,13235,10095,8287,15.7,77.9,51.1,13.3,25.8,21.0,13.8,38.2,6.5,41.1,25.9,23.1,19.4,32.5,22.099999999999994,48.9,0.9867122133262374,0.9221083531518482,most barriers
NY,New York,Rensselaer,36083,159305,129327,5.9,78.0,65.9,7.3,12.9,11.9,8.5,28.8,5.0,31.7,14.8,20.6,12.2,22.5,22.0,34.099999999999994,-0.8104815425020974,-1.2218867834210552,fewest barriers
WI,Wisconsin,Dodge,55027,88231,71376,9.0,76.2,61.8,7.1,12.8,10.7,9.2,28.8,5.5,42.5,17.0,23.8,15.0,27.0,23.799999999999997,38.2,-0.5596103590537915,-0.46541863361074015,fewest barriers
AZ,Arizona,Yavapai,4025,249081,211150,11.8,69.6,60.4,8.0,13.8,11.8,8.0,27.0,5.1,27.6,17.6,21.6,12.9,19.9,30.400000000000006,39.6,0.05716811480727202,-1.3691781809328438,many
NC,North Carolina,Carteret,37031,69615,58070,8.8,77.6,67.4,6.9,11.4,9.8,8.7,31.3,5.3,33.7,15.7,26.3,13.1,19.9,22.400000000000006,32.599999999999994,-0.8046855210556004,-0.8976235470692652,fewest barriers
MN,Minnesota,Clearwater,27029,8644,6482,9.4,70.1,63.4,9.6,15.9,12.3,10.0,28.8,6.0,34.7,19.6,26.5,19.4,26.6,29.900000000000006,36.6,0.03218915106059569,-0.49382013614271847,many
NY,New York,New York,36061,1597451,1381420,6.7,79.2,64.5,7.7,15.0,13.0,8.4,25.8,4.4,19.5,15.0,18.6,8.5,20.0,20.799999999999997,35.5,-0.6831219603813684,-2.028117363746083,fewest barriers
MI,Michigan,Huron,26063,30927,25092,7.7,76.7,65.1,8.6,15.9,12.2,10.1,32.4,6.1,38.8,19.2,29.0,17.5,26.0,23.299999999999997,34.900000000000006,-0.46973056519071466,-0.1490574988643217,some
ID,Idaho,Nez Perce,16069,42987,33960,9.9,73.1,66.3,8.2,14.0,11.3,8.8,30.4,5.6,38.1,17.2,25.2,14.1,23.7,26.900000000000006,33.7,-0.3032531382432518,-0.5922885215579704,some
MN,Minnesota,Brown,27015,25628,19942,8.6,73.2,62.0,7.6,12.2,10.1,9.0,28.4,5.2,36.2,16.0,25.1,15.5,23.1,26.799999999999997,38.0,-0.4468061313586076,-0.8942312907020462,some
IL,Illinois,Edgar,17045,16334,13132,8.6,75.1,59.1,8.4,15.7,12.7,10.2,32.6,5.9,37.5,19.6,24.8,17.0,24.5,24.900000000000006,40.9,-0.25458507941599473,-0.22015590878367322,some
IA,Iowa,Iowa,19095,16381,12590,7.0,75.8,70.3,6.6,11.2,9.1,9.1,30.5,5.3,43.1,16.3,21.5,15.0,23.1,24.200000000000003,29.700000000000003,-0.9037479567383472,-0.4583015100801031,fewest barriers
MO,Missouri,Cooper,29053,16947,13165,9.0,75.8,56.4,8.3,13.4,12.2,10.0,32.7,5.7,37.7,19.4,25.1,17.2,29.2,24.200000000000003,43.6,-0.3173471607539779,-0.2835697923926822,some
KS,Kansas,Finney,20055,37466,26325,21.3,72.7,52.9,10.4,21.7,18.2,12.9,32.9,6.1,37.7,24.2,18.1,15.7,33.2,27.299999999999997,47.1,1.1238215386108352,0.29708349629854813,most barriers
IN,Indiana,Benton,18007,8729,6634,10.2,77.2,55.0,8.7,16.6,12.7,11.9,35.2,6.4,42.4,22.4,27.6,19.1,26.8,22.799999999999997,45.0,-0.17198539372387692,0.5028854101712141,many
IN,Indiana,Monroe,18105,139342,117382,7.2,79.0,60.1,7.4,13.2,10.2,11.0,32.6,5.8,35.7,18.6,26.7,14.3,21.9,21.0,39.9,-0.7599326837821171,-0.297760183308914,fewest barriers
IA,Iowa,Butler,19023,14172,11057,7.3,75.4,68.4,7.1,12.4,10.0,9.5,31.6,5.6,39.3,17.5,22.0,16.4,25.7,24.599999999999994,31.599999999999994,-0.7436419285917776,-0.41435043061123605,fewest barriers
AR,Arkansas,Columbia,5027,22150,17425,11.6,79.1,51.6,12.6,25.0,19.7,13.5,41.8,6.8,39.9,26.2,24.2,18.0,34.6,20.900000000000006,48.4,0.5888682846669892,1.081298374967957,most barriers
NM,New Mexico,Taos,35055,34405,29128,15.0,65.1,61.8,10.0,18.8,15.6,10.7,28.3,5.4,28.1,20.4,22.5,11.7,22.7,34.900000000000006,38.2,0.8309012141169668,-0.853465679589964,most barriers
MI,Michigan,Washtenaw,26161,365536,299903,5.4,77.0,71.9,6.8,11.5,9.6,8.6,28.3,4.9,29.0,13.5,26.7,10.8,16.5,23.0,28.099999999999994,-1.0314067330766223,-1.4351289945649055,fewest barriers
MI,Michigan,Livingston,26093,196757,157470,5.1,78.0,72.6,5.7,9.3,7.9,7.6,26.9,4.7,31.9,13.3,26.6,12.0,19.5,22.0,27.400000000000006,-1.297489922015471,-1.5141217757374723,fewest barriers
OK,Oklahoma,Nowata,40105,9438,7235,10.7,76.8,53.8,11.5,21.3,16.2,12.3,37.7,6.9,40.3,22.7,27.0,20.6,33.2,23.200000000000003,46.2,0.3203236721625727,0.6884659066990795,many
MO,Missouri,St. Clair,29185,9752,7697,11.0,75.1,52.6,10.5,17.8,14.6,11.8,35.8,6.9,37.7,24.4,27.6,21.8,33.7,24.900000000000006,47.4,0.2205233065507752,0.5280838266929603,many
MS,Mississippi,Oktibbeha,28105,51203,42382,10.4,80.6,7.9,12.2,21.0,17.0,13.9,42.1,6.5,39.6,21.9,19.0,15.6,30.8,19.400000000000006,92.1,0.8396607975577605,0.8479115379497142,most barriers
WI,Wisconsin,Monroe,55081,46151,34486,9.6,74.5,64.8,8.2,14.9,11.8,10.4,31.0,6.1,44.0,19.2,26.4,17.1,30.5,25.5,35.2,-0.322421455934438,0.046030018862300646,some
NY,New York,Bronx,36005,1356476,1031703,15.9,80.8,51.1,16.5,37.5,31.4,14.8,34.6,6.3,33.7,29.2,16.1,13.4,37.5,19.200000000000003,48.9,1.7683284867285078,0.6366424665187627,most barriers
VA,Virginia,Roanoke,51161,97026,78314,7.5,77.7,69.5,6.4,10.7,9.6,9.5,30.4,5.1,34.4,15.2,26.0,12.3,21.1,22.299999999999997,30.5,-0.9649770525113105,-0.9059305148208285,fewest barriers
KS,Kansas,Jewell,20089,2847,2244,9.9,74.4,59.5,8.4,15.1,12.6,10.7,33.4,6.5,39.8,20.2,23.1,18.7,28.9,25.599999999999994,40.5,-0.17706123725695722,0.13369345930909374,many
ME,Maine,Somerset,23025,51302,41911,10.2,79.4,56.4,10.7,15.6,14.0,10.4,31.9,6.7,36.7,21.3,30.8,20.0,25.9,20.599999999999994,43.6,-0.1602103556063301,0.008432286784424115,many
ND,North Dakota,Adams,38001,2163,1737,8.7,72.0,58.7,7.8,13.9,11.1,9.8,31.0,5.9,35.7,18.3,21.6,16.7,25.6,28.0,41.3,-0.23776855198708427,-0.45948758455032374,some
OH,Ohio,Vinton,39163,12474,9815,10.1,76.3,50.9,9.5,17.9,13.6,12.3,35.4,7.0,39.7,22.2,29.4,21.3,31.3,23.700000000000003,49.1,0.04325117570765632,0.5685704570837075,many
CA,California,Fresno,6019,1017162,737124,14.6,70.7,54.1,12.3,25.1,19.8,12.4,31.4,6.0,37.9,27.6,21.3,13.4,31.0,29.299999999999997,45.9,1.115222093042179,0.32742757148302154,most barriers
MS,Mississippi,Quitman,28119,5546,4262,16.0,82.1,5.6,21.4,40.7,30.4,19.5,50.6,7.9,51.1,33.9,19.1,23.7,43.8,17.900000000000006,94.4,2.6963433112223854,3.088338314521472,most barriers
LA,Louisiana,East Carroll,22035,6829,5465,16.0,81.0,38.7,23.5,46.8,33.6,21.3,52.5,9.5,51.7,39.7,25.0,29.1,44.1,19.0,61.3,2.690220406804302,4.011355387735778,most barriers
WV,West Virginia,Webster,54101,8045,6456,11.2,77.5,49.9,11.6,21.6,16.3,14.1,40.2,7.7,42.6,28.6,34.1,24.9,37.9,22.5,50.1,0.386341148267398,1.516848243417989,most barriers
KS,Kansas,Meade,20119,3911,2875,13.4,73.2,59.0,8.3,15.7,13.8,10.3,31.6,5.9,37.0,19.8,21.2,16.2,29.2,26.799999999999997,41.0,0.13285567234022247,-0.2658330189854366,many
SC,South Carolina,Pickens,45077,135495,110529,12.2,76.9,58.9,8.8,17.9,13.4,11.4,34.0,6.0,37.3,20.0,25.8,15.1,25.8,23.099999999999994,41.1,-0.0380310014851248,-0.021401679803027814,many
GA,Georgia,White,13311,29026,23497,12.3,74.8,61.8,7.8,13.6,11.6,10.1,33.0,5.7,35.2,18.4,22.6,15.4,24.5,25.200000000000003,38.2,-0.21729372105202813,-0.41638393256853307,some
GA,Georgia,Harris,13145,36654,28872,10.3,77.2,62.6,7.0,11.7,11.0,9.9,31.7,4.9,32.4,15.9,19.9,12.2,21.3,22.799999999999997,37.4,-0.5753546810470874,-0.9215979688626822,fewest barriers
AR,Arkansas,Miller,5091,42415,32396,12.6,78.0,46.8,12.5,24.7,19.0,13.1,40.8,7.0,38.0,26.9,25.3,19.3,36.6,22.0,53.2,0.7236029427971341,1.0023861800518787,most barriers
MO,Missouri,Macon,29121,15161,11647,9.0,75.9,56.8,8.3,13.4,12.0,9.9,32.2,5.8,34.6,20.1,25.5,17.6,29.2,24.099999999999994,43.2,-0.335840596239212,-0.3922269587062738,some
NC,North Carolina,Duplin,37061,49520,37683,16.6,77.7,55.6,11.9,22.8,18.2,12.7,37.3,6.4,39.6,24.1,24.4,16.8,28.5,22.299999999999997,44.4,0.7065586152929758,0.6157678266581985,most barriers
IA,Iowa,Decatur,19053,7665,5875,8.5,74.1,62.6,8.4,15.1,11.6,10.6,31.6,6.1,41.7,19.7,22.4,18.0,26.8,25.900000000000006,37.4,-0.3203614838832083,0.010932517860468272,some
KS,Kansas,Clark,20025,1847,1425,10.3,74.3,62.8,7.1,12.7,11.5,9.5,31.1,5.4,37.2,17.0,21.1,14.5,25.1,25.700000000000003,37.2,-0.382698808370699,-0.5989940984111494,some
ID,Idaho,Blaine,16013,25041,20458,11.4,72.0,71.4,6.5,11.2,10.0,7.7,24.7,4.7,23.1,14.6,20.1,9.8,18.8,28.0,28.599999999999994,-0.46908196862467294,-1.9225170563189746,some
WI,Wisconsin,Racine,55101,196613,152563,10.1,75.0,60.8,7.8,15.0,12.0,10.4,30.3,5.4,42.2,18.1,23.1,14.8,30.1,25.0,39.2,-0.27582558018684616,-0.28489396885579166,some
NM,New Mexico,Cibola,35006,26780,20607,16.4,66.3,53.8,16.1,29.6,22.5,14.6,33.5,7.0,39.2,27.8,24.0,19.7,28.7,33.7,46.2,1.882170133041235,0.9235376299480336,most barriers
IL,Illinois,Jersey,17083,21091,16934,7.4,75.5,61.6,7.0,12.4,10.8,9.2,30.5,5.3,39.2,16.8,24.2,14.6,21.7,24.5,38.4,-0.6202033030813914,-0.5971155836427309,fewest barriers
IA,Iowa,Marion,19125,33770,25965,6.2,75.5,71.8,5.9,10.0,8.4,8.7,30.0,5.0,40.0,15.1,22.1,14.0,21.4,24.5,28.200000000000003,-1.054066967969954,-0.7783523869262823,fewest barriers
NC,North Carolina,Alamance,37001,179165,139859,12.2,78.5,59.0,9.3,17.2,14.2,10.7,33.4,5.7,38.9,19.3,24.6,14.3,23.7,21.5,41.0,-0.07689653548762519,-0.14452536548258274,many
MN,Minnesota,Redwood,27127,15288,11470,9.0,71.6,64.1,8.7,14.7,11.4,10.0,28.8,5.6,36.9,17.7,25.4,17.1,24.3,28.400000000000006,35.900000000000006,-0.19349456077635954,-0.5826397573662021,some
VA,Virginia,Goochland,51075,27197,22738,6.7,77.2,73.6,5.6,8.8,8.5,8.7,30.0,4.5,32.8,13.7,22.8,10.5,18.9,22.799999999999997,26.400000000000006,-1.1833812508436268,-1.279670589793261,fewest barriers
OK,Oklahoma,Kingfisher,40073,15481,11404,12.5,75.5,57.9,8.5,16.5,13.3,10.3,34.5,6.0,37.2,19.4,24.3,15.8,32.5,24.5,42.1,0.0015028088955031937,-0.12933765273397663,many
MO,Missouri,Dallas,29059,17768,13540,10.8,75.1,53.9,10.5,18.1,14.8,11.7,34.6,6.8,39.3,24.0,27.5,21.8,33.0,24.900000000000006,46.1,0.2072760232110552,0.4961615153434109,many
CA,California,Amador,6005,41811,35299,8.1,68.3,64.9,8.0,13.3,12.2,8.6,29.3,5.2,29.5,18.5,23.2,12.4,20.5,31.700000000000003,35.099999999999994,-0.13812105901610494,-1.071803156412748,many
AL,Alabama,Crenshaw,1041,13101,10066,11.7,78.5,52.2,11.5,23.0,16.8,13.4,40.8,6.5,40.3,24.8,25.0,18.5,30.9,21.5,47.8,0.38273268020208495,0.9106790776833382,most barriers
LA,Louisiana,Madison,22065,9246,6887,13.3,82.0,43.5,21.5,42.6,30.9,19.6,49.6,8.6,50.1,36.4,27.2,26.2,42.5,18.0,56.5,2.0913962786076756,3.2980934569656313,most barriers
MI,Michigan,Charlevoix,26029,26159,21621,5.9,77.5,67.3,6.7,11.4,9.6,8.6,29.8,5.3,35.0,15.3,27.1,13.7,20.1,22.5,32.7,-0.9720148594324568,-0.9303598501444329,fewest barriers
OH,Ohio,Athens,39009,62706,53669,8.3,77.1,62.3,8.8,15.6,12.6,12.6,36.6,6.6,37.9,20.5,30.0,18.0,26.5,22.900000000000006,37.7,-0.3982332828901314,0.39082552458288794,some
MN,Minnesota,Beltrami,27007,46718,35293,8.5,71.6,63.1,10.0,16.6,12.5,10.2,30.0,5.9,39.8,18.9,27.5,18.8,25.9,28.400000000000006,36.9,-0.034915663458811814,-0.2598168378133451,many
NE,Nebraska,Johnson,31097,5198,4248,12.6,70.9,62.0,7.7,14.5,11.5,10.1,31.0,5.7,38.1,17.2,16.1,15.7,29.1,29.099999999999994,38.0,0.002653470180579561,-0.42736346871407616,many
GA,Georgia,Cobb,13067,776743,603821,10.9,77.0,67.3,7.4,12.6,11.9,10.1,30.7,4.7,29.6,15.5,18.3,10.3,21.3,23.0,32.7,-0.5178530308940429,-1.1354393394601312,fewest barriers
IA,Iowa,Ringgold,19159,4642,3577,6.9,75.4,65.5,6.6,11.6,9.4,9.1,30.4,5.3,43.0,16.3,22.3,15.5,23.6,24.599999999999994,34.5,-0.7978312171563081,-0.466838258112276,fewest barriers
NY,New York,Wyoming,36121,39532,32281,7.4,77.9,61.2,8.4,15.1,13.4,9.0,31.4,5.6,35.4,17.4,21.7,15.2,24.6,22.099999999999994,38.8,-0.4753546366147691,-0.6416766514106275,some
MS,Mississippi,Wayne,28153,19703,14753,13.7,79.6,8.2,14.9,28.5,21.3,15.0,43.1,7.1,44.4,27.3,20.6,20.6,36.6,20.400000000000006,91.8,1.59092850827203,1.58870821573086,most barriers
AL,Alabama,Marion,1093,29244,23108,11.7,76.5,54.2,10.3,20.3,14.1,12.3,39.3,6.9,42.5,24.1,27.3,19.2,30.1,23.5,45.8,0.20298341020589306,0.914348964924417,many
MT,Montana,Daniels,30019,1633,1289,9.6,68.4,62.0,7.7,11.8,9.9,8.2,28.4,5.3,34.0,16.8,24.7,14.2,20.3,31.599999999999994,38.0,-0.17026428887719222,-1.0002134732712218,many
KS,Kansas,Rice,20159,9260,7052,10.5,75.0,62.6,7.4,13.0,11.9,10.0,31.8,5.6,40.6,17.7,21.2,15.4,27.4,25.0,37.4,-0.3623001880169348,-0.29598742308111725,some
AK,Alaska,Southeast Fairbanks,2240,7077,5262,11.7,64.2,52.7,9.8,15.4,12.8,9.0,32.8,6.2,35.0,20.3,19.7,18.0,25.1,35.8,47.3,0.6160066663003936,-0.32121478048002156,most barriers
IL,Illinois,Champaign,17019,205644,166549,7.7,75.9,60.4,8.2,15.2,12.7,10.6,31.4,5.3,34.0,17.5,22.3,12.9,21.3,24.099999999999994,39.6,-0.3858035555711125,-0.6310033021006237,some
MN,Minnesota,Jackson,27063,9919,7831,8.3,71.9,68.8,7.3,11.5,9.9,8.9,28.3,5.2,36.1,15.4,24.5,14.8,23.1,28.099999999999994,31.200000000000003,-0.5407642001945442,-0.9386683327299543,fewest barriers
MO,Missouri,Randolph,29175,24109,18724,10.1,75.4,54.8,9.8,16.1,13.8,11.0,34.1,6.3,37.6,22.2,26.2,19.7,30.7,24.599999999999994,45.2,0.007719319963599507,0.1340108671494055,many
IN,Indiana,Scott,18143,24657,19068,9.9,76.9,53.6,8.8,16.9,12.7,11.8,36.2,6.4,41.8,22.8,28.2,20.0,28.6,23.099999999999994,46.4,-0.13905139793572072,0.5276024595266835,many
NE,Nebraska,Thomas,31171,677,525,8.4,73.1,66.5,6.0,10.4,8.7,8.3,28.3,4.8,37.2,13.8,18.2,12.9,23.5,26.900000000000006,33.5,-0.7143926406196025,-1.115091749735347,fewest barriers
MN,Minnesota,Watonwan,27165,11077,8140,14.0,72.1,59.7,9.3,16.9,13.7,10.4,28.7,5.5,37.4,19.5,23.6,15.5,27.9,27.900000000000006,40.3,0.2960663979362113,-0.47323287331139585,many
IA,Iowa,Warren,19181,55205,41762,6.0,75.2,67.1,5.6,9.1,7.9,8.4,29.0,4.7,38.7,13.8,21.1,12.8,21.0,24.799999999999997,32.900000000000006,-1.0441900305409042,-1.0363632224618216,fewest barriers
WI,Wisconsin,Marathon,55073,138612,107632,8.1,74.2,68.6,6.7,11.9,9.8,8.8,29.4,5.4,36.0,16.7,25.1,14.5,26.4,25.799999999999997,31.400000000000006,-0.6897205170790507,-0.7977945771473917,fewest barriers
GA,Georgia,Cherokee,13057,286602,222757,11.2,75.3,64.7,6.5,11.2,10.5,9.5,30.8,4.9,33.1,15.8,20.7,11.7,23.0,24.700000000000003,35.3,-0.5264880351758515,-0.9685217111258584,fewest barriers
LA,Louisiana,Acadia,22001,56489,41929,10.8,78.7,53.9,13.3,27.1,19.0,14.3,40.8,7.3,41.7,27.9,31.4,22.2,35.0,21.299999999999997,46.1,0.6038480465641562,1.3895716908309745,most barriers
VA,Virginia,Galax,51640,6717,4907,13.8,76.4,55.6,11.6,21.8,16.5,13.9,36.6,7.0,39.4,25.5,27.4,19.5,31.8,23.599999999999994,44.4,0.5102741312555302,0.8959594793952288,most barriers
NC,North Carolina,Greene,37079,20530,16688,17.2,77.5,51.2,13.7,26.7,20.6,14.3,40.3,7.1,42.7,26.4,23.7,19.7,31.6,22.5,48.8,1.116990089686021,1.2951422171156544,most barriers
AR,Arkansas,Little River,5081,11805,9237,11.4,77.2,52.5,11.3,22.1,17.1,12.4,39.7,6.7,41.3,24.7,26.0,18.4,34.6,22.799999999999997,47.5,0.4019587456402582,0.8649754187187029,most barriers
MO,Missouri,Polk,29167,32780,25174,10.2,76.3,51.4,9.8,16.5,13.8,11.2,34.2,6.5,39.5,22.8,27.1,20.0,32.1,23.700000000000003,48.6,0.028437968286843734,0.31545066208104233,many
WV,West Virginia,Lincoln,54043,19701,15393,11.1,78.2,46.7,11.7,21.9,16.6,14.4,40.3,7.8,45.2,28.8,34.4,25.1,34.0,21.799999999999997,53.3,0.4182471760119381,1.6948637826765431,most barriers
CA,California,Santa Barbara,6083,441257,343138,12.1,69.6,65.3,9.9,18.6,15.9,10.3,29.4,5.3,27.6,22.4,21.8,11.6,24.2,30.400000000000006,34.7,0.4054079323921973,-0.7994431684598491,most barriers
OK,Oklahoma,Grady,40051,57375,44065,10.5,76.1,58.8,8.4,15.9,12.5,10.3,35.6,6.0,38.3,18.6,24.7,16.4,28.4,23.900000000000006,41.2,-0.20085267690061478,-0.07149597687432915,some
ND,North Dakota,Oliver,38065,1879,1434,7.0,72.4,62.6,5.9,9.5,8.6,8.3,28.6,5.2,34.6,14.6,20.9,13.7,21.7,27.599999999999994,37.4,-0.7327791086690341,-1.0807977874148436,fewest barriers
MT,Montana,Richland,30083,11173,8358,9.6,67.7,63.4,7.0,10.5,9.2,7.7,27.6,5.1,37.6,16.2,23.8,13.8,22.3,32.3,36.6,-0.25965407985214645,-0.9973858738983816,some
NH,New Hampshire,Rockingham,33015,320689,262293,6.3,75.7,70.0,5.3,8.8,7.8,7.1,28.9,4.3,30.7,11.7,23.0,9.9,17.4,24.299999999999997,30.0,-1.1240638177563966,-1.6986204828680296,fewest barriers
GA,Georgia,Fulton,13121,1079105,856802,10.2,77.8,65.4,8.3,14.7,13.4,10.7,33.4,4.7,28.1,16.3,16.8,9.9,20.1,22.200000000000003,34.599999999999994,-0.3985696738816807,-0.9990636722663359,some
NM,New Mexico,Mora,35033,4123,3454,21.3,66.6,56.8,11.8,23.9,20.4,12.7,29.8,5.7,33.7,24.1,19.8,11.2,27.6,33.400000000000006,43.2,1.5961179852225247,-0.12823371476272327,most barriers
MO,Missouri,Boone,29019,189463,151585,7.6,77.2,64.5,8.0,12.4,11.4,10.1,32.0,5.4,31.6,17.6,23.7,13.5,24.9,22.799999999999997,35.5,-0.653065930262887,-0.7256737548282693,fewest barriers
AL,Alabama,St. Clair,1115,95552,74442,9.5,77.8,61.0,8.6,16.1,12.4,10.9,37.2,5.8,39.2,20.1,25.9,15.2,26.3,22.200000000000003,39.0,-0.3560630478832297,0.10568715725573355,some
CT,Connecticut,Southeastern Connecticut,9180,279634,226482,10.1,78.5,68.8,8.9,15.3,13.1,8.8,30.8,5.0,33.1,16.8,23.5,11.7,25.9,21.5,31.200000000000003,-0.4474842006833564,-0.9606209255124563,some
MN,Minnesota,Meeker,27093,23490,17928,8.3,72.3,66.5,7.6,12.1,10.1,9.4,28.0,5.4,37.1,15.9,25.4,16.1,24.3,27.700000000000003,33.5,-0.48573541210968624,-0.7911445624850124,some
NC,North Carolina,Perquimans,37143,13377,10937,10.8,78.2,63.6,9.3,16.9,13.8,10.7,34.9,5.9,37.5,19.4,26.2,15.9,24.6,21.799999999999997,36.4,-0.22642003360068585,-0.08893766495027669,some
AK,Alaska,Hoonah-Angoon,2105,2262,1889,11.3,66.2,52.5,12.4,19.7,16.0,10.4,33.2,6.5,36.4,21.8,20.5,19.7,24.3,33.8,47.5,0.8936162642276141,0.022528274181438823,most barriers
NY,New York,Saratoga,36091,238711,193626,4.9,78.1,70.7,5.9,9.6,9.7,7.6,27.3,4.6,32.8,12.6,21.2,10.7,18.5,21.900000000000006,29.299999999999997,-1.1954380130596525,-1.5145044170407964,fewest barriers
NJ,New Jersey,Burlington,34005,469167,373419,8.7,77.6,68.3,7.2,12.0,11.4,8.7,29.7,4.4,30.0,14.8,16.3,11.0,22.5,22.400000000000006,31.700000000000003,-0.7263586161701236,-1.389597838437863,fewest barriers
VA,Virginia,Fluvanna,51065,28462,22968,7.7,78.0,65.9,7.1,11.8,10.6,9.9,31.5,5.1,38.8,16.2,24.8,12.6,21.4,22.0,34.099999999999994,-0.8074218745311502,-0.5875136516979762,fewest barriers
MA,Massachusetts,Worcester,25027,866866,690404,5.7,79.7,69.3,8.1,13.7,12.0,9.0,29.9,5.0,32.5,16.6,26.2,12.5,23.1,20.299999999999997,30.700000000000003,-0.8811513104680829,-1.0156677252526716,fewest barriers
NY,New York,Fulton,36035,52234,41853,7.2,77.7,55.4,8.9,16.7,14.0,9.5,32.3,5.9,35.5,18.6,23.0,16.2,26.7,22.299999999999997,44.6,-0.29654635577478405,-0.4270105989359366,some
AL,Alabama,Franklin,1059,31802,23799,16.5,76.3,50.2,12.1,25.0,17.3,13.9,39.9,7.2,42.2,27.3,25.9,19.5,32.7,23.700000000000003,49.8,0.8841969970047092,1.2865840599394474,most barriers
VA,Virginia,Bath,51017,4051,3378,11.4,75.6,57.3,10.4,18.9,14.2,12.6,36.2,7.2,38.7,24.1,27.8,20.3,29.5,24.400000000000006,42.7,0.15833733836303737,0.7201087785949944,many
ND,North Dakota,Foster,38031,3309,2554,7.0,72.4,64.2,6.3,10.3,9.0,8.7,30.0,5.3,35.9,15.5,21.6,13.9,22.1,27.599999999999994,35.8,-0.6948719891824983,-0.8648674430115797,fewest barriers
OK,Oklahoma,McIntosh,40091,19603,15584,12.1,76.7,49.6,13.2,25.0,18.3,13.2,40.5,7.6,44.9,25.7,28.3,22.9,37.0,23.299999999999997,50.4,0.7424524072008426,1.3945404752119588,most barriers
CA,California,Orange,6059,3135755,2489875,9.2,71.7,63.8,8.0,15.5,13.1,10.1,26.4,4.8,23.9,19.9,19.4,9.3,23.4,28.299999999999997,36.2,-0.13584088640597627,-1.3404790003940668,many
MO,Missouri,Barry,29009,35265,27271,12.8,74.7,53.5,10.7,18.8,15.4,11.6,34.0,6.7,37.7,24.4,26.0,20.7,34.4,25.299999999999997,46.5,0.39334472541972576,0.3856799666588429,most barriers
VA,Virginia,Virginia Beach,51810,453649,355216,8.3,79.1,72.6,7.3,12.5,11.2,11.2,33.1,5.0,36.6,16.8,23.6,12.0,21.7,20.900000000000006,27.400000000000006,-0.8714879432943259,-0.499423364080145,fewest barriers
MS,Mississippi,Clay,28025,18206,14127,13.5,81.7,7.0,16.2,30.9,23.6,16.0,45.8,6.9,47.9,27.7,18.9,19.7,37.3,18.299999999999997,93.0,1.725607043406704,1.9110871441494748,most barriers
GA,Georgia,Laurens,13175,49941,37550,14.8,78.0,51.2,12.8,24.5,19.6,13.9,40.8,6.5,44.1,24.9,21.2,18.6,32.8,22.0,48.8,0.8129789804658737,1.1252960728926553,most barriers
KS,Kansas,Gray,20069,5743,4076,13.3,72.6,61.2,7.9,15.0,12.9,9.8,30.5,5.8,39.9,19.6,21.7,16.1,28.4,27.400000000000006,38.8,0.04781315884287899,-0.26324521698817377,many
NC,North Carolina,Lincoln,37109,95675,76148,10.1,76.8,62.6,7.3,12.6,10.8,9.1,31.9,5.4,34.4,16.6,26.3,14.0,21.5,23.200000000000003,37.4,-0.5320299460196763,-0.7412586459748413,fewest barriers
GA,Georgia,Morgan,13211,21460,16735,11.2,76.2,64.2,7.5,13.3,11.9,10.1,33.7,5.0,31.6,16.9,20.8,13.3,23.2,23.799999999999997,35.8,-0.39307746580957276,-0.7854813792600149,some
AR,Arkansas,Perry,5105,10184,8014,11.0,75.6,53.4,9.4,17.6,13.7,10.8,36.7,6.6,38.6,23.2,26.7,18.0,32.0,24.400000000000006,46.6,0.07958770303510006,0.38789817687798556,many
MS,Mississippi,Sharkey,28125,3336,2528,16.5,82.0,4.9,21.6,41.5,30.6,19.6,51.2,8.1,50.5,34.3,18.8,23.5,44.3,18.0,95.1,2.7792598358991643,3.1636647176372246,most barriers
MI,Michigan,Ottawa,26139,303372,234628,6.7,79.7,71.8,6.8,11.8,10.0,8.5,29.3,5.1,33.2,14.8,27.0,12.1,19.9,20.299999999999997,28.200000000000003,-1.0699077727447466,-1.1107640861465777,fewest barriers
IN,Indiana,Ohio,18115,6004,4809,8.0,77.6,63.1,7.1,12.9,10.4,10.5,33.4,5.8,39.2,18.9,27.1,16.9,23.9,22.400000000000006,36.9,-0.7093674936244861,-0.14237433718608572,fewest barriers
NE,Nebraska,Brown,31017,2853,2242,10.7,72.2,63.7,7.6,14.2,10.9,9.9,31.4,5.7,41.0,16.8,18.6,15.7,26.8,27.799999999999997,36.3,-0.22428766272104975,-0.3198477502258187,some
UT,Utah,Rich,49033,2670,1947,9.1,71.2,66.3,7.2,12.3,10.2,9.4,28.8,5.6,33.0,16.7,27.5,10.5,18.2,28.799999999999997,33.7,-0.4001106263130056,-0.851044774230871,some
SC,South Carolina,Beaufort,45013,198979,165010,11.5,78.5,66.7,7.3,14.1,11.7,9.3,30.2,4.8,30.7,13.7,19.5,10.5,18.2,21.5,33.3,-0.5238387782324896,-1.2354662797741855,fewest barriers
NE,Nebraska,McPherson,31117,383,316,7.6,74.0,58.7,6.6,11.5,9.1,9.2,30.0,5.5,39.3,14.9,19.1,14.4,25.3,26.0,41.3,-0.6086252504185001,-0.6496697583900204,fewest barriers
ND,North Dakota,Ramsey,38071,11463,8724,8.1,73.5,64.6,8.1,13.5,11.3,9.8,30.9,5.9,41.4,18.0,21.9,16.3,24.4,26.5,35.400000000000006,-0.41376784830127367,-0.22842010226010556,some
IN,Indiana,White,18181,24917,19028,10.1,77.6,59.1,7.8,14.8,11.9,11.4,33.7,5.9,44.7,20.4,26.8,16.9,26.1,22.400000000000006,40.9,-0.38882566439739924,0.2822719264955726,some
OH,Ohio,Noble,39121,14311,11564,9.8,75.9,54.9,8.5,15.6,12.5,11.8,35.3,7.0,41.6,21.1,27.3,19.7,30.0,24.099999999999994,45.1,-0.17465354279018286,0.5534662107321371,many
WI,Wisconsin,Jefferson,55055,85743,69165,8.5,74.0,68.5,6.5,11.2,9.9,8.9,27.2,5.3,40.9,15.9,23.7,13.8,26.7,26.0,31.5,-0.6840553861738599,-0.7277452554220396,fewest barriers
NM,New Mexico,Lincoln,35027,20029,16497,13.7,67.1,61.5,9.8,17.9,15.4,9.9,30.1,5.7,30.6,20.8,24.7,13.3,22.9,32.900000000000006,38.5,0.6235191603891967,-0.6476613253314866,most barriers
AR,Arkansas,Sharp,5135,17968,14333,11.9,76.6,48.0,10.7,20.3,15.2,11.7,37.6,7.2,39.5,26.3,28.4,20.3,34.7,23.400000000000006,52.0,0.36403059588714853,0.8329292309335792,many
MS,Mississippi,Monroe,28095,33609,26102,12.3,79.6,8.5,12.3,23.7,17.8,13.5,42.1,6.5,42.9,25.1,20.9,19.3,36.4,20.400000000000006,91.5,1.0922945975173337,1.100769155077503,most barriers
OH,Ohio,Logan,39091,46057,35588,8.3,76.8,58.9,7.8,13.8,11.5,11.1,33.3,6.1,38.9,18.8,26.7,17.7,27.6,23.200000000000003,41.1,-0.4852861804355953,-0.03663841036561342,some
ID,Idaho,Power,16077,8253,5792,17.5,71.1,58.1,10.3,19.2,15.3,10.6,30.4,6.1,38.0,21.8,21.8,14.3,27.4,28.900000000000006,41.9,0.7381939731148469,-0.10595102008497284,most barriers
MN,Minnesota,Pine,27115,30197,24419,9.4,72.3,63.3,8.9,14.9,11.8,10.1,31.8,5.9,39.1,18.9,26.4,18.2,25.8,27.700000000000003,36.7,-0.16241916508027707,-0.22411551471606153,many
WV,West Virginia,Braxton,54007,12162,9951,11.0,77.8,48.1,11.7,21.6,16.1,14.4,40.8,7.7,41.3,28.1,32.4,24.9,35.6,22.200000000000003,51.9,0.38475610442810343,1.4891686361660974,most barriers
GA,Georgia,Fannin,13111,25955,21938,12.7,74.8,55.1,8.7,15.6,12.4,11.1,33.4,6.2,38.2,20.3,23.4,17.1,26.8,25.200000000000003,44.9,0.03857050503390715,0.02939771217001505,many
NC,North Carolina,Cherokee,37039,29959,25195,10.2,77.2,58.7,8.5,14.9,11.7,10.1,33.3,6.2,34.8,19.0,28.5,16.6,23.9,22.799999999999997,41.3,-0.3223661828062393,-0.27029540556672416,some
UT,Utah,Daggett,49009,992,782,10.8,70.1,65.9,7.6,13.5,10.9,9.4,30.0,5.7,32.8,17.8,26.7,11.4,20.5,29.900000000000006,34.099999999999994,-0.1662834913471827,-0.7353213224340961,many
VA,Virginia,Prince William,51153,489640,361424,10.7,78.9,68.9,7.3,13.2,11.8,10.8,31.9,4.7,33.7,16.4,20.1,10.9,23.0,21.099999999999994,31.099999999999994,-0.6383190780691913,-0.8038904903888382,fewest barriers
MT,Montana,Musselshell,30065,5308,4266,11.3,68.0,58.3,8.7,14.4,11.3,9.0,29.8,5.7,35.3,19.2,25.5,15.9,24.3,32.0,41.7,0.17711226635297975,-0.6068635673283521,many
DC,District of Columbia,District of Columbia,11001,678972,552380,6.2,77.0,69.3,7.8,13.8,12.0,8.5,30.3,4.1,25.1,13.5,21.0,9.5,15.3,23.0,30.700000000000003,-0.7363968848181344,-1.729109390495701,fewest barriers
MS,Mississippi,Covington,28031,18059,13606,12.1,80.0,8.5,12.5,23.5,18.3,13.3,42.1,6.4,40.4,23.7,19.9,18.2,33.8,20.0,91.5,1.0877401377950997,0.8860499147347859,most barriers
IL,Illinois,Ford,17053,13250,10197,8.9,75.3,61.3,8.2,15.4,12.6,10.0,31.9,5.7,37.8,19.0,24.1,16.1,24.1,24.700000000000003,38.7,-0.3038180162892716,-0.33061661862875047,some
MN,Minnesota,Dakota,27037,447440,341048,7.4,73.8,71.6,6.4,10.0,8.7,8.4,26.8,4.4,34.2,13.7,23.5,11.3,21.8,26.200000000000003,28.400000000000006,-0.86280144851031,-1.403446476252346,fewest barriers
CA,California,Modoc,6049,8500,6906,9.3,70.0,61.8,10.6,18.7,15.5,10.3,30.9,6.1,32.3,23.3,26.5,15.6,24.6,30.0,38.2,0.31492450915938835,-0.29279490227733956,many
IL,Illinois,LaSalle,17099,108309,85477,9.8,75.4,60.3,8.1,15.7,13.1,10.0,31.2,5.6,37.9,18.6,23.4,15.3,23.6,24.599999999999994,39.7,-0.22458901664003947,-0.39828721967781666,some
VA,Virginia,Montgomery,51121,98666,83813,8.0,76.6,64.4,7.6,12.6,10.4,11.0,33.1,5.9,31.4,17.7,24.9,14.2,23.1,23.400000000000006,35.599999999999994,-0.6578373901919209,-0.48033554509820886,fewest barriers
NE,Nebraska,Dodge,31053,37187,27891,12.8,72.9,60.9,7.7,14.6,11.2,10.0,29.7,5.5,40.3,17.2,17.3,15.6,27.2,27.099999999999994,39.1,-0.07841004597733083,-0.44403761089967214,many
GA,Georgia,Madison,13195,32191,24680,15.5,75.5,53.3,10.5,19.8,15.5,12.4,35.6,6.5,37.8,23.2,23.1,18.2,30.5,24.5,46.7,0.5199882428143737,0.4239445815767181,most barriers
LA,Louisiana,Grant,22043,21911,17355,10.9,78.4,52.5,11.2,22.3,16.7,12.7,40.1,6.8,39.6,24.9,27.2,20.1,30.7,21.599999999999994,47.5,0.3002696987364083,0.8678447602572948,many
IA,Iowa,Henry,19087,19547,15436,8.2,74.5,62.2,7.5,12.9,10.6,10.2,32.1,5.7,39.1,18.1,21.2,16.7,24.8,25.5,37.8,-0.5020532869773284,-0.2883997596533655,fewest barriers
NY,New York,Montgomery,36057,49368,37918,8.8,76.8,56.5,9.5,18.5,15.7,9.5,30.5,5.8,38.9,19.0,22.2,15.5,26.4,23.200000000000003,43.5,-0.032172526350639524,-0.36049497497671246,many
NY,New York,Ontario,36069,112494,91175,5.8,78.5,65.6,6.9,11.7,11.2,8.1,28.2,5.0,30.8,14.3,21.6,11.9,20.4,21.5,34.400000000000006,-0.9196554780303702,-1.344152696845995,fewest barriers
OH,Ohio,Trumbull,39155,200373,159197,9.1,77.4,55.7,9.2,17.3,13.7,12.1,33.8,6.5,39.8,20.3,27.2,19.1,29.3,22.599999999999994,44.3,-0.16290907981713365,0.27883850335311167,many
AZ,Arizona,Navajo,4017,109175,82055,13.6,68.1,49.6,15.3,26.2,19.3,12.3,35.3,6.8,37.9,24.7,23.3,19.5,25.2,31.900000000000006,50.4,1.4400013995027245,0.5489440827916653,most barriers
CA,California,Tehama,6103,64896,49286,11.3,68.9,57.0,11.0,20.1,16.9,10.6,30.5,6.1,31.8,24.4,25.2,15.5,26.0,31.099999999999994,43.0,0.6607021577724742,-0.2551600163255682,most barriers
NM,New Mexico,Union,35059,3964,3169,17.7,65.0,52.2,11.8,22.7,18.2,11.8,32.2,6.4,34.7,24.4,23.2,15.9,26.5,35.0,47.8,1.4304936028843003,0.1229652585258663,most barriers
VA,Virginia,Fairfax,51600,25144,18626,8.5,77.8,68.8,6.1,10.6,8.9,10.2,29.5,4.6,31.6,14.6,19.7,9.2,20.4,22.200000000000003,31.200000000000003,-0.9543256084336177,-1.1547369049714138,fewest barriers
NC,North Carolina,Swain,37173,13916,10906,11.9,77.7,55.4,12.4,21.9,16.3,12.5,36.5,6.8,40.8,23.7,27.9,20.4,26.5,22.299999999999997,44.6,0.389660074066537,0.6982062258726247,most barriers
AR,Arkansas,Clark,5019,21274,16965,11.0,79.0,50.6,11.5,21.6,17.3,12.9,41.6,6.8,43.2,24.9,26.0,17.4,33.1,21.0,49.4,0.32515014089468475,1.1052524199496756,many
GA,Georgia,Spalding,13255,69946,53654,15.4,77.0,51.9,12.0,23.4,19.3,13.6,38.8,6.2,39.9,23.6,20.7,17.4,30.1,23.0,48.1,0.795605651355571,0.6989966180242321,most barriers
LA,Louisiana,Ouachita,22073,157568,119007,8.8,80.8,54.9,12.7,25.2,19.3,13.9,42.1,6.6,44.1,24.0,26.2,18.2,32.3,19.200000000000003,45.1,0.30459299817640284,1.1637641619602397,many
KS,Kansas,Kingman,20095,7066,5406,9.4,74.0,61.3,7.2,12.7,11.2,9.6,31.6,5.7,39.3,17.7,22.5,16.4,26.3,26.0,38.7,-0.40018404235858185,-0.3716851604917276,some
MN,Minnesota,Roseau,27135,15252,11622,8.3,71.5,67.2,7.8,12.8,10.3,9.2,26.9,5.4,35.7,16.2,24.6,15.9,23.4,28.5,32.8,-0.41775934936485504,-0.9023249043264725,some
ID,Idaho,Fremont,16043,14196,10850,11.6,71.2,65.1,7.8,13.7,11.4,9.0,27.5,5.5,32.7,17.5,22.8,13.2,22.7,28.799999999999997,34.900000000000006,-0.12971626690714932,-0.9425270122832305,many
NE,Nebraska,Dakota,31043,21268,15010,17.9,73.8,55.3,9.5,19.9,15.5,11.9,30.0,5.7,44.6,20.0,16.0,14.9,32.7,26.200000000000003,44.7,0.6470355924174294,0.10016910351524273,most barriers
ND,North Dakota,Sioux,38085,3643,2396,13.9,73.5,36.8,24.0,42.6,29.2,20.1,41.8,10.1,49.7,37.0,23.7,33.6,39.7,26.5,63.2,2.7170514721186287,3.3984407236116403,most barriers
NC,North Carolina,Pamlico,37137,12423,10683,10.7,77.8,60.7,8.8,15.6,13.0,10.4,35.0,5.8,36.3,18.9,25.4,15.1,23.5,22.200000000000003,39.3,-0.2664693845052272,-0.2110319196385746,some
IA,Iowa,Cedar,19031,18302,14479,6.9,75.1,68.4,6.6,11.2,9.4,9.2,30.2,5.2,40.5,16.0,22.1,15.4,23.6,24.900000000000006,31.599999999999994,-0.8355992022955775,-0.613756305016062,fewest barriers
AK,Alaska,Lake and Peninsula,2164,1331,964,12.6,66.5,49.4,15.8,26.1,19.8,12.6,35.0,7.2,38.6,26.0,20.5,24.2,28.7,33.5,50.6,1.5144665560060815,0.7513233395997572,most barriers
WI,Wisconsin,Ozaukee,55089,93460,74094,5.9,76.8,71.9,5.0,8.0,7.2,7.8,24.6,4.5,30.4,13.0,23.3,10.7,20.5,23.200000000000003,28.099999999999994,-1.2896032408685567,-1.720962019360332,fewest barriers
MO,Missouri,Saline,29195,23049,18077,11.2,76.0,57.4,9.6,16.2,14.2,11.2,33.0,6.0,39.2,21.7,25.3,17.6,31.5,24.0,42.6,0.006110313795375293,0.07872084842931137,many
SC,South Carolina,Dorchester,45035,169833,129270,11.5,79.3,65.2,8.4,16.0,13.5,11.4,32.8,5.2,35.0,17.8,22.1,13.1,24.0,20.700000000000003,34.8,-0.3551340946934232,-0.4693916697324837,some
KS,Kansas,Rawlins,20153,2463,1900,10.1,73.8,61.1,8.1,14.4,12.7,10.4,31.7,6.1,42.4,19.0,22.9,17.7,27.7,26.200000000000003,38.9,-0.19255398990830527,-0.0036066039442932073,some
ME,Maine,Hancock,23009,56526,47589,8.1,78.9,65.7,7.8,10.6,10.6,8.1,27.9,5.4,29.4,15.6,27.7,13.9,18.7,21.099999999999994,34.3,-0.8195945285972028,-1.259983258872736,fewest barriers
MI,Michigan,Manistee,26101,25562,21306,7.7,77.3,65.5,8.5,15.5,12.5,9.9,32.1,6.0,37.0,18.9,28.3,16.6,26.0,22.700000000000003,34.5,-0.5100260459265905,-0.2961582688812448,fewest barriers
OH,Ohio,Greene,39057,169691,135071,6.7,78.0,66.4,6.5,10.8,9.8,9.8,32.2,5.3,38.5,15.1,24.9,12.9,21.9,22.0,33.599999999999994,-0.9614171034508862,-0.5802460047783232,fewest barriers
IA,Iowa,Dubuque,19061,98887,76789,6.7,75.9,63.6,6.6,11.6,9.4,8.8,27.4,5.1,34.9,15.5,20.3,14.3,21.8,24.099999999999994,36.4,-0.8058257125006891,-1.0577336893764875,fewest barriers
ND,North Dakota,McIntosh,38051,2488,1958,9.4,72.1,60.7,7.9,14.1,11.3,9.8,31.2,5.9,36.7,19.1,21.8,17.1,25.4,27.900000000000006,39.3,-0.2150312010419911,-0.3714373721975537,some
KS,Kansas,Coffey,20031,8251,6507,9.2,74.6,55.9,7.2,12.7,11.3,9.7,31.5,5.7,36.9,17.3,22.4,16.8,25.4,25.400000000000006,44.1,-0.35897833436111865,-0.4897780260542227,some
GA,Georgia,Lowndes,13185,120712,91064,14.4,78.1,55.5,11.6,22.0,18.4,13.4,37.3,6.1,40.2,22.7,20.3,16.2,29.9,21.900000000000006,44.5,0.53979329180588,0.5664288829014975,most barriers
IL,Illinois,Bureau,17011,32729,26017,9.8,75.5,58.2,8.3,15.6,12.8,10.1,31.0,5.7,38.4,18.9,24.1,15.4,23.8,24.5,41.8,-0.20221065955727316,-0.337637733240973,some
KS,Kansas,Smith,20183,3590,2863,8.5,74.4,63.4,6.8,11.5,10.5,9.2,30.6,5.5,39.6,16.3,21.7,15.9,26.4,25.599999999999994,36.6,-0.581399074306995,-0.5484326147548527,fewest barriers
IN,Indiana,Randolph,18135,24216,18722,9.7,76.7,56.9,8.5,16.1,12.6,11.5,34.9,6.4,38.7,21.9,27.2,19.4,27.2,23.299999999999997,43.1,-0.23045791364927215,0.27093735614038206,some
AR,Arkansas,Johnson,5071,26129,19835,14.4,75.5,45.2,11.1,22.1,16.5,12.4,38.2,7.2,37.5,26.6,26.2,18.7,35.7,24.5,54.8,0.714724723353351,0.8461758013562222,most barriers
NY,New York,Dutchess,36027,297150,243026,6.9,77.8,67.7,7.4,13.0,12.6,8.3,29.2,4.8,28.5,14.3,19.6,11.3,20.7,22.200000000000003,32.3,-0.7373080809702718,-1.4346918876669297,fewest barriers
OH,Ohio,Clinton,39027,41938,32506,8.6,77.1,56.9,8.3,14.9,12.2,11.2,33.5,6.3,39.9,19.7,27.4,18.3,29.0,22.900000000000006,43.1,-0.3687742755365025,0.11436550541578325,some
LA,Louisiana,Terrebonne,22109,103616,77948,9.7,80.0,58.2,11.3,22.5,16.5,13.2,37.8,6.6,41.0,24.4,28.0,18.8,32.2,20.0,41.8,0.07939501962386698,0.8051128611398743,many
GA,Georgia,Ben Hill,13017,17128,12939,17.9,77.4,45.8,15.2,29.9,23.1,16.0,41.8,7.2,41.5,28.6,21.7,21.7,36.4,22.599999999999994,54.2,1.5094465264203585,1.5798338601487845,most barriers
IL,Illinois,Union,17181,16667,13274,9.9,75.2,60.0,9.3,17.9,14.1,10.9,33.0,6.2,39.8,21.2,24.4,17.6,26.0,24.799999999999997,40.0,-0.03584620373244419,0.10539974183269536,many
NC,North Carolina,Gates,37073,10343,8363,10.9,77.8,59.2,10.4,19.1,15.6,11.7,36.5,6.1,38.5,20.9,26.1,17.1,26.7,22.200000000000003,40.8,0.056482519090069516,0.2272082676378367,many
WI,Wisconsin,Forest,55041,9325,7503,10.1,75.3,60.8,9.8,17.4,13.8,12.0,33.9,6.6,45.8,22.3,27.6,20.6,32.4,24.700000000000003,39.2,-0.037881170371544794,0.6509664633487817,many
MN,Minnesota,Ramsey,27123,536075,413891,7.8,73.7,63.5,8.7,14.9,11.4,9.8,28.6,5.1,32.3,17.8,25.9,12.8,20.0,26.299999999999997,36.5,-0.3466096835474293,-0.9289213563412936,some
VA,Virginia,Brunswick,51025,15749,13267,12.7,78.5,55.2,13.3,25.3,20.6,15.1,40.6,6.6,43.7,25.8,21.6,18.6,32.3,21.5,44.8,0.7095113942505639,1.2711012153072425,most barriers
VA,Virginia,Halifax,51083,33432,26643,11.9,76.8,58.8,12.4,23.3,18.1,14.3,38.7,6.7,40.6,24.9,24.4,19.5,30.9,23.200000000000003,41.2,0.4939667470859439,0.9699306008192071,most barriers
MD,Maryland,Washington,24043,155813,122221,9.9,77.5,59.3,8.9,16.7,14.9,11.4,34.8,5.9,39.0,19.4,23.7,15.3,28.4,22.5,40.7,-0.1638391826155475,0.03432757198120663,many
AL,Alabama,Tallapoosa,1123,40677,32607,10.7,79.0,55.4,10.8,21.0,15.9,12.7,40.8,6.3,39.6,23.4,25.2,16.9,27.8,21.0,44.6,0.12830139869544532,0.70545355538138,many
IL,Illinois,Iroquois,17075,26136,20557,10.3,74.7,60.6,8.9,17.2,14.0,10.6,32.8,5.9,40.8,20.3,24.5,17.0,25.0,25.299999999999997,39.4,-0.0449453960864537,-0.0008217760842648414,many
NC,North Carolina,Ashe,37009,27063,22627,11.2,76.6,61.2,8.3,14.6,11.5,9.9,33.5,6.1,36.3,19.3,27.6,16.2,23.8,23.400000000000006,38.8,-0.3032142261529823,-0.22546594777249593,some
IA,Iowa,Taylor,19173,5924,4508,9.0,74.7,63.8,7.5,13.5,11.0,10.0,32.3,5.7,40.0,18.5,22.1,17.0,26.4,25.299999999999997,36.2,-0.46024454149851873,-0.24045185327208385,some
IL,Illinois,Wayne,17191,15761,12269,9.0,75.1,61.2,8.7,16.3,13.1,10.5,32.8,6.1,40.0,20.3,25.0,17.6,25.3,24.900000000000006,38.8,-0.21388076312180657,0.00500318523831938,some
OK,Oklahoma,Ottawa,40115,30287,22537,12.2,76.2,49.5,12.8,23.9,17.7,13.2,37.4,7.5,42.3,24.5,27.9,22.3,35.4,23.799999999999997,50.5,0.6969254772273773,1.0728325574736763,most barriers
IN,Indiana,Jackson,18071,46460,34546,10.6,76.9,54.9,7.9,15.6,12.1,11.6,33.8,6.0,39.4,20.7,26.2,17.4,25.9,23.099999999999994,45.1,-0.2319931025444555,0.11116453772342876,some
CA,California,San Benito,6069,68175,51135,14.3,68.5,62.6,9.8,19.2,16.9,10.5,28.5,5.0,31.3,22.6,20.3,10.8,25.0,31.5,37.4,0.6650064245646491,-0.7231838186719703,most barriers
MS,Mississippi,Madison,28089,112511,85633,8.4,81.1,12.9,8.6,14.6,12.8,10.8,37.1,4.9,36.0,16.9,18.2,11.9,25.6,18.900000000000006,87.1,0.08762600617003145,-0.41441183641900975,many
KS,Kansas,Neosho,20133,15420,11698,9.9,74.3,58.9,8.2,14.9,12.8,10.6,32.8,6.1,39.9,19.1,22.0,17.4,27.1,25.700000000000003,41.1,-0.1728273883058463,-0.0446015343522877,many
IA,Iowa,Pocahontas,19151,6976,5362,8.5,75.1,67.9,7.7,13.6,11.0,9.8,30.6,5.6,36.7,18.1,21.4,16.7,25.9,24.900000000000006,32.099999999999994,-0.5509422429077173,-0.51593918527548,fewest barriers
NY,New York,Warren,36113,65380,54087,5.7,78.3,61.4,7.1,11.9,11.0,8.3,28.7,5.0,30.9,15.5,22.6,12.6,21.5,21.700000000000003,38.6,-0.8455813998606615,-1.2471254505907452,fewest barriers
NJ,New Jersey,Warren,34041,111252,89862,9.8,74.8,67.9,6.9,12.3,11.4,8.0,29.1,4.7,32.3,15.3,18.7,11.7,23.6,25.200000000000003,32.099999999999994,-0.5335721550675485,-1.2793002878307387,fewest barriers
WV,West Virginia,Roane,54087,13743,11044,11.1,76.8,44.8,11.6,21.8,16.1,14.5,40.7,7.8,41.3,29.1,33.9,24.6,36.9,23.200000000000003,55.2,0.48628137008810235,1.5637239812219579,most barriers
GA,Georgia,Grady,13131,26066,19695,17.8,76.8,51.1,12.7,24.4,20.1,14.0,38.4,6.6,38.5,25.0,21.3,18.2,34.3,23.200000000000003,48.9,1.0440194268329228,0.8189149160015511,most barriers
LA,Louisiana,Avoyelles,22009,38408,29196,11.7,79.1,48.5,15.5,30.9,22.5,15.2,44.1,7.8,43.2,30.1,28.9,23.7,36.6,20.900000000000006,51.5,1.078700239690729,1.8955612051948976,most barriers
AR,Arkansas,Desha,5041,10479,7909,16.8,78.8,39.9,18.2,36.6,27.4,17.1,46.7,8.1,46.6,34.8,24.5,23.0,44.3,21.200000000000003,60.1,1.9931623802112022,2.606901283717858,most barriers
MT,Montana,Judith Basin,30045,2093,1704,10.2,68.7,61.7,8.5,13.6,10.8,9.0,30.3,5.9,31.7,18.6,25.9,15.7,22.3,31.299999999999997,38.3,-0.017725198569370697,-0.7205693262415023,many
IN,Indiana,Steuben,18151,34917,28111,8.4,77.3,66.5,7.1,13.0,10.6,10.6,33.3,5.8,35.4,19.2,27.0,16.4,23.3,22.700000000000003,33.5,-0.7115359046682288,-0.2900122559559074,fewest barriers
MN,Minnesota,Wabasha,27157,21683,16964,7.6,72.3,69.1,6.8,10.7,9.1,8.5,26.3,5.0,37.5,15.0,24.4,14.4,21.7,27.700000000000003,30.900000000000006,-0.6843332634446687,-1.0640553967372934,fewest barriers
GA,Georgia,Bartow,13015,115041,88588,13.7,76.0,58.1,8.5,15.2,13.3,10.8,34.3,5.5,38.4,19.7,21.5,15.1,25.6,24.0,41.9,0.002276988316224226,-0.15150226870245348,many
MO,Missouri,Henry,29083,22485,17438,10.4,75.5,57.2,9.8,16.4,14.0,11.0,34.2,6.5,38.6,22.7,26.9,20.3,31.5,24.5,42.8,0.0003547820856664818,0.2539576495007287,many
OK,Oklahoma,Beckham,40009,22042,16887,14.9,75.3,53.1,11.2,22.7,16.8,12.4,39.1,7.2,40.1,24.0,24.5,20.2,34.6,24.700000000000003,46.9,0.6718157648741795,0.8799958361020653,most barriers
AK,Alaska,Petersburg,2195,3427,2729,10.3,64.9,59.5,8.1,12.9,11.3,8.5,30.2,5.4,30.8,17.1,19.2,15.3,20.4,35.099999999999994,40.5,0.18335083838889202,-0.9998856839742961,many
MN,Minnesota,Koochiching,27071,11751,9706,8.0,71.6,62.3,7.9,12.6,10.3,9.3,29.7,5.6,37.1,16.6,25.9,16.8,25.1,28.400000000000006,37.7,-0.36798220840702517,-0.6479185854514595,some
AR,Arkansas,Drew,5043,16945,13230,12.6,78.4,51.3,12.5,24.6,19.2,13.5,41.8,7.1,45.0,26.7,25.0,18.6,35.1,21.599999999999994,48.7,0.6444563266388063,1.4008040215774027,most barriers
IL,Illinois,Massac,17127,13661,10895,9.0,75.2,59.7,9.1,17.2,13.9,10.8,32.7,5.9,40.8,20.3,24.6,17.2,24.7,24.799999999999997,40.3,-0.11802861376276591,0.012712505607923957,many
ND,North Dakota,Dickey,38021,4900,3734,7.9,72.0,61.6,6.7,11.4,9.6,9.2,30.5,5.6,39.6,16.4,21.4,14.8,23.1,28.0,38.4,-0.5131349621627095,-0.523301020880073,fewest barriers
GA,Georgia,Catoosa,13047,68910,54038,11.6,75.2,63.1,7.6,13.0,11.3,10.3,31.7,5.5,33.9,17.9,22.2,14.9,24.0,24.799999999999997,36.9,-0.332668307193092,-0.5817864977873987,some
MN,Minnesota,Isanti,27059,43182,33233,8.3,71.1,65.2,7.6,12.2,10.0,8.8,28.0,5.3,32.4,16.1,25.4,16.1,23.6,28.900000000000006,34.8,-0.40919120643029205,-1.065166166773371,some
KS,Kansas,Wabaunsee,20197,7057,5423,8.5,73.9,65.0,6.4,11.1,10.2,8.9,29.8,5.3,35.3,16.0,21.5,14.8,24.0,26.099999999999994,35.0,-0.6257408534344386,-0.8591521664140119,fewest barriers
UT,Utah,Summit,49043,42759,33254,7.8,73.0,74.5,4.9,7.9,7.2,7.2,24.2,4.3,19.3,11.7,23.4,6.5,13.7,27.0,25.5,-1.0473608277431135,-2.3834003825312866,fewest barriers
MS,Mississippi,Jasper,28061,16013,12328,13.0,80.9,7.8,14.5,28.2,21.7,15.2,44.3,6.7,45.2,26.1,19.3,19.4,38.1,19.099999999999994,92.2,1.4795880521995095,1.538120031244959,most barriers
AR,Arkansas,Boone,5009,38530,29802,10.0,76.2,53.6,8.6,16.0,12.9,10.4,34.6,6.3,40.8,21.4,26.9,17.0,28.9,23.799999999999997,46.4,-0.1277086447422874,0.20534707987107134,many
OH,Ohio,Morrow,39117,35595,27894,8.5,77.2,56.8,7.6,13.4,11.2,11.0,32.6,6.1,39.4,18.9,26.7,17.8,28.1,22.799999999999997,43.2,-0.4985659757248242,-0.0483699614628307,some
CA,California,Yolo,6113,220544,177405,9.3,71.3,60.7,9.2,16.8,14.1,10.1,28.1,5.2,27.9,20.7,23.3,11.1,23.6,28.700000000000003,39.3,0.07830530907527444,-0.9597285009610343,many
MS,Mississippi,Amite,28005,12442,9961,13.5,79.5,6.6,14.7,28.1,21.2,15.1,43.2,7.2,45.4,27.2,20.9,21.5,38.4,20.5,93.4,1.58165606756435,1.665665210965638,most barriers
NC,North Carolina,Jones,37103,9401,7647,12.8,78.2,55.7,11.8,22.3,17.1,12.7,38.2,6.7,39.6,23.5,26.5,18.6,28.6,21.799999999999997,44.3,0.4158809653847013,0.7006619674213219,most barriers
GA,Georgia,Crisp,13081,19631,15039,16.6,77.9,51.0,15.2,29.5,23.3,16.0,42.2,7.2,44.9,28.0,21.4,20.4,35.3,22.099999999999994,49.0,1.3380107080907342,1.7178620521349253,most barriers
MD,Maryland,Cecil,24015,105672,82332,8.4,75.2,63.6,7.6,13.9,12.4,11.0,34.9,5.4,40.8,18.5,24.0,15.4,26.7,24.799999999999997,36.4,-0.4423001292646136,-0.08290823383472319,some
UT,Utah,Washington,49053,202452,153718,10.3,69.1,70.4,6.9,12.2,9.7,8.8,29.2,5.1,34.1,16.5,26.8,8.7,15.9,30.900000000000006,29.599999999999994,-0.331539187150436,-0.972465066510613,some
AL,Alabama,Baldwin,1003,253507,200397,8.8,77.5,62.4,7.5,14.2,11.0,10.4,37.0,5.5,35.0,17.7,23.9,13.3,23.7,22.5,37.6,-0.5695036863708576,-0.31280047050015136,fewest barriers
MT,Montana,Beaverhead,30001,9885,8156,10.1,69.3,62.3,8.0,12.6,10.3,8.4,28.9,5.5,29.3,17.3,25.6,14.2,19.9,30.700000000000003,37.7,-0.13726176514026825,-1.0946334384716676,many
NE,Nebraska,Harlan,31083,3045,2375,9.0,72.7,64.9,6.7,11.8,9.5,9.0,29.8,5.4,35.5,15.2,18.6,14.7,26.4,27.299999999999997,35.099999999999994,-0.5294265105296497,-0.8528365459637779,fewest barriers
MI,Michigan,Benzie,26019,18441,15317,6.2,77.4,70.1,7.0,11.9,10.0,8.9,30.3,5.4,35.4,16.1,28.4,14.1,21.1,22.599999999999994,29.900000000000006,-0.9444801885810293,-0.8046214367175513,fewest barriers
IA,Iowa,Lucas,19117,8747,6665,8.6,74.9,61.9,8.2,14.9,11.5,10.6,32.5,6.2,39.8,19.9,22.6,18.9,26.9,25.099999999999994,38.1,-0.36543285535393966,-0.0006244326351098506,some
OK,Oklahoma,Dewey,40043,4286,3145,10.7,76.0,54.4,9.3,17.7,13.5,11.0,36.3,6.4,38.4,20.1,26.1,18.1,30.8,24.0,45.6,0.018671030152821937,0.19085158929089327,many
MO,Missouri,Gasconade,29073,14705,11709,9.1,75.7,59.7,8.3,13.4,12.0,10.0,32.8,5.9,39.2,20.3,26.7,18.2,28.0,24.299999999999997,40.3,-0.3622774905921507,-0.12377038142287569,some
GA,Georgia,Rabun,13241,17442,14652,13.3,75.4,60.6,8.4,14.8,12.4,10.9,33.8,5.9,34.3,19.4,22.6,15.2,26.2,24.599999999999994,39.4,-0.07732731700920024,-0.2567848140137858,many
GA,Georgia,Towns,13281,13035,11309,11.0,75.8,62.6,7.6,12.9,11.0,10.3,32.8,5.6,33.0,17.8,23.4,14.5,23.9,24.200000000000003,37.4,-0.4014198343599602,-0.5548792456098055,some
CT,Connecticut,Naugatuck Valley,9140,456128,364230,11.3,77.9,68.3,9.2,16.6,14.4,8.8,28.1,4.9,30.7,16.3,21.8,11.9,25.4,22.099999999999994,31.700000000000003,-0.24302227211463281,-1.2253556586381178,some
AK,Alaska,Denali,2068,1584,1291,9.5,65.9,61.8,7.5,11.9,10.5,7.7,29.9,5.4,29.9,15.9,19.7,15.2,20.4,34.099999999999994,38.2,-0.035062524887615666,-1.1766024166581832,many
OK,Oklahoma,Wagoner,40145,89280,68338,9.7,76.3,58.8,8.4,15.4,12.7,10.3,35.1,5.8,35.8,17.9,25.2,15.5,27.5,23.700000000000003,41.2,-0.259074555235457,-0.2826123646948918,some
NE,Nebraska,Hamilton,31081,9537,7226,7.9,74.1,67.0,5.9,10.2,8.4,8.3,28.7,5.1,40.8,13.6,18.0,12.9,23.0,25.900000000000006,33.0,-0.8204288685385913,-0.8759149834408376,fewest barriers
CA,California,Madera,6039,162858,118944,18.1,69.0,54.5,14.2,28.5,22.8,12.8,31.8,6.4,36.7,30.2,21.9,14.9,31.6,31.0,45.5,1.7004953008129469,0.5435480596134765,most barriers
VA,Virginia,Northumberland,51133,12391,10687,8.8,78.1,64.2,8.0,14.0,12.6,10.8,33.4,5.3,37.2,17.9,23.0,13.2,22.8,21.900000000000006,35.8,-0.5385233591875985,-0.37215906026869383,fewest barriers
NC,North Carolina,Stanly,37167,65699,51434,11.2,76.8,60.1,9.0,16.2,13.0,10.5,33.9,6.0,36.3,19.5,26.7,16.3,24.2,23.200000000000003,39.9,-0.15397999657993483,-0.1714363740379563,many
MO,Missouri,Pettis,29159,43530,32613,11.0,76.2,57.2,9.3,15.7,14.1,10.8,32.4,6.0,36.3,22.0,25.4,18.2,30.9,23.799999999999997,42.8,-0.04657870685680085,-0.09476792198680103,many
NY,New York,Onondaga,36067,467873,370637,6.1,80.3,64.2,8.1,14.3,13.2,9.3,31.9,5.3,37.4,15.7,22.8,12.4,22.3,19.700000000000003,35.8,-0.752863150104889,-0.6579903964235474,fewest barriers
MT,Montana,Treasure,30103,772,586,9.6,68.5,63.6,8.0,12.4,10.3,8.3,28.9,5.3,34.1,17.2,25.1,14.4,20.7,31.5,36.4,-0.1485788886014295,-0.9481021591352707,many
MT,Montana,Carbon,30009,11419,9474,9.2,68.7,64.8,7.3,11.1,9.4,8.2,30.6,5.2,32.6,16.7,25.2,13.8,19.9,31.299999999999997,35.2,-0.3085085298269953,-0.9988228250698679,some
VA,Virginia,Covington,51580,5545,4241,11.6,76.3,61.3,11.2,20.8,15.8,13.4,36.8,6.8,40.7,24.6,26.9,20.5,31.1,23.700000000000003,38.7,0.2383799797325413,0.8266101762534988,many
ND,North Dakota,Griggs,38039,2248,1789,6.9,71.7,64.7,6.1,10.2,8.8,8.3,30.1,5.2,37.9,15.1,20.8,13.8,20.7,28.299999999999997,35.3,-0.6951261162348681,-0.8516506030864583,fewest barriers
WI,Wisconsin,Portage,55097,71024,57775,7.6,76.1,66.2,6.4,11.9,9.5,8.7,27.0,5.4,36.5,16.2,25.1,14.0,24.4,23.900000000000006,33.8,-0.8046561762844912,-0.9075051610996256,fewest barriers
WV,West Virginia,Jefferson,54037,59787,47507,8.2,78.7,61.8,7.6,13.0,11.7,11.2,35.9,5.6,37.9,18.9,28.8,15.1,25.3,21.299999999999997,38.2,-0.6514451578276071,-0.08241676177055965,fewest barriers
MD,Maryland,Harford,24025,264644,206050,7.1,77.6,67.4,6.5,11.4,10.9,9.7,31.7,4.7,35.4,15.0,22.4,10.9,19.7,22.400000000000006,32.599999999999994,-0.8753176358933823,-0.8985394901824684,fewest barriers
CA,California,Siskiyou,6093,42905,34437,8.2,70.0,60.4,10.0,17.2,14.7,9.9,30.3,5.9,32.0,22.1,26.2,15.2,23.4,30.0,39.6,0.16919608026908817,-0.4700224310309228,many
GA,Georgia,Gordon,13129,59757,46142,17.2,74.2,51.1,10.0,18.9,15.5,12.2,35.0,6.3,35.0,23.0,23.0,17.3,30.7,25.799999999999997,48.9,0.6521792561451841,0.2003952408342587,most barriers
AL,Alabama,Butler,1013,18382,14276,11.8,80.1,49.0,14.1,28.6,21.2,15.2,44.8,6.7,40.7,27.0,23.8,19.0,35.1,19.900000000000006,51.0,0.8321946579527927,1.4031606192482928,most barriers
KS,Kansas,Geary,20061,35047,23726,12.0,76.3,58.0,10.1,18.9,16.3,12.2,35.5,6.3,36.1,21.3,20.7,17.6,31.8,23.700000000000003,42.0,0.21048575808776535,0.1926316797904616,many
AL,Alabama,Talladega,1121,81132,64467,11.4,79.5,52.3,11.9,23.6,17.7,14.2,43.0,6.6,45.4,24.9,23.7,18.0,31.1,20.5,47.7,0.3910868163734449,1.3251824865780506,most barriers
AR,Arkansas,Bradley,5011,10104,7612,16.1,78.0,46.1,13.8,27.8,21.7,14.3,42.9,7.2,42.6,29.6,24.3,19.3,38.6,22.0,53.9,1.186030826941019,1.5683088254947384,most barriers
GA,Georgia,Screven,13251,14174,11178,15.0,77.8,50.7,12.6,24.3,19.8,14.1,39.9,6.4,39.7,24.5,21.0,18.5,31.2,22.200000000000003,49.3,0.8313355943677955,0.8705951046356667,most barriers
KS,Kansas,Lincoln,20105,2920,2286,9.2,74.4,63.9,7.8,13.7,11.9,10.2,32.8,6.1,40.5,18.7,22.8,17.2,27.1,25.599999999999994,36.1,-0.37807144679223104,-0.07186070625396676,some
GA,Georgia,Effingham,13103,71541,52772,11.8,76.1,62.0,7.8,13.5,12.3,10.6,33.2,5.3,37.2,17.5,20.6,13.7,24.2,23.900000000000006,38.0,-0.2860699626395708,-0.4162420508817136,some
VA,Virginia,Warren,51187,41843,32854,10.0,75.6,63.8,7.8,13.4,11.6,10.7,32.2,5.8,37.7,18.7,25.1,15.0,24.7,24.400000000000006,36.2,-0.41312957206299994,-0.24921700386844714,some
OK,Oklahoma,Tulsa,40143,682868,513124,11.8,75.8,58.6,9.6,18.4,15.0,10.8,33.8,6.0,35.9,19.9,27.5,15.0,30.4,24.200000000000003,41.4,0.12212883499520148,-0.14847451837068118,many
IL,Illinois,St. Clair,17163,251018,194116,8.2,78.3,61.7,9.2,17.3,15.0,11.2,35.1,5.4,38.6,18.8,21.6,14.3,24.0,21.700000000000003,38.3,-0.2902301673404329,-0.1393470127174537,some
GA,Georgia,Troup,13285,70742,53548,14.2,77.5,56.8,11.8,22.3,18.3,13.3,37.6,6.1,35.9,23.1,21.1,17.1,31.2,22.5,43.2,0.5559963412728618,0.40046058180361743,most barriers
NE,Nebraska,Garfield,31071,1763,1422,7.7,73.0,67.3,6.1,10.4,8.4,8.6,28.7,5.1,39.7,14.0,18.3,13.6,23.7,27.0,32.7,-0.7640833321999261,-0.8793305435355601,fewest barriers
MS,Mississippi,Lafayette,28071,58467,47706,9.5,79.9,10.7,9.7,16.9,13.7,11.8,37.0,5.8,37.0,19.1,20.0,14.6,28.1,20.099999999999994,89.3,0.39901426877529117,0.035930477713549035,most barriers
IL,Illinois,Menard,17129,11954,9394,7.2,75.6,62.6,7.0,12.3,10.7,9.0,30.4,5.2,37.4,16.5,24.0,14.2,20.9,24.400000000000006,37.4,-0.6567559263684098,-0.7358713985438514,fewest barriers
GA,Georgia,Wilkinson,13319,8725,6784,14.8,77.4,48.8,12.5,23.9,19.7,14.1,39.6,6.4,41.1,24.3,21.4,18.6,32.1,22.599999999999994,51.2,0.846966040650435,0.9101618204781973,most barriers
IA,Iowa,Allamakee,19005,14074,10623,8.8,73.4,64.6,7.6,13.7,11.1,9.8,31.8,5.8,42.5,18.3,21.7,16.8,25.3,26.599999999999994,35.400000000000006,-0.40313900159771415,-0.15413362420756194,some
KS,Kansas,Greeley,20071,1181,861,10.9,74.5,66.3,6.7,12.0,11.2,9.3,29.6,5.2,36.9,16.4,20.7,13.5,25.0,25.5,33.7,-0.4650584409554312,-0.7690202515650667,some
AK,Alaska,Matanuska-Susitna,2170,115239,86125,9.9,69.9,55.8,8.6,13.1,11.8,8.3,30.4,5.7,37.0,18.1,22.1,17.0,22.5,30.099999999999994,44.2,0.023201068317097395,-0.6191957709732443,many
MI,Michigan,St. Clair,26147,159874,127824,7.2,78.0,68.2,8.1,14.7,11.8,9.5,32.7,5.8,36.2,18.5,28.9,16.6,24.2,22.0,31.799999999999997,-0.6824120432258013,-0.4090748668171127,fewest barriers
CA,California,Kern,6029,913820,654092,16.7,70.9,52.1,13.6,26.8,21.8,13.3,32.2,6.3,36.2,28.2,22.6,14.7,32.1,29.099999999999994,47.9,1.4463200044199045,0.4677308819924167,most barriers
MD,Maryland,Caroline,24011,33593,25618,11.2,76.4,55.3,10.0,20.0,16.4,11.8,36.5,6.3,41.3,21.1,25.1,17.4,27.3,23.599999999999994,44.7,0.22992081778029472,0.41686936340784203,many
OK,Oklahoma,Hughes,40063,13436,10505,13.5,75.8,48.6,13.0,25.1,18.4,13.4,39.9,7.5,42.2,25.2,25.8,22.5,35.4,24.200000000000003,51.4,0.870534867221978,1.2220417186295058,most barriers
LA,Louisiana,Pointe Coupee,22077,20000,15744,9.7,80.4,52.7,12.4,24.8,18.9,13.3,40.4,6.5,40.0,24.5,27.8,19.2,32.0,19.599999999999994,47.3,0.35960606939703005,0.8585195192185282,many
IN,Indiana,Pike,18125,12106,9417,8.9,77.1,58.9,7.9,14.9,11.5,11.2,34.3,6.2,37.7,20.6,27.0,18.9,25.7,22.900000000000006,41.1,-0.43224603981522663,0.06750549463016237,some
OH,Ohio,Seneca,39147,54527,42948,8.6,76.3,57.2,7.7,13.6,11.5,11.1,32.0,5.9,36.3,18.7,26.4,17.2,28.3,23.700000000000003,42.8,-0.43163153555589595,-0.25845197475296894,some
IA,Iowa,Clarke,19039,9588,7120,12.0,74.0,58.3,9.7,18.8,14.2,11.6,32.8,6.4,43.2,22.3,21.6,19.2,30.3,26.0,41.7,0.21112080883375828,0.4065921546388311,many
MN,Minnesota,Fillmore,27045,21522,16319,8.1,71.7,63.9,7.5,11.9,9.9,9.0,29.4,5.3,40.7,16.1,25.6,16.1,23.4,28.299999999999997,36.1,-0.44866482513178463,-0.62681027234814,some
OH,Ohio,Ashland,39005,52190,40545,8.6,77.0,59.3,8.1,14.6,11.7,11.2,34.9,6.3,38.5,19.8,27.4,18.4,29.0,23.0,40.7,-0.43772260313529293,0.11618822364838803,some
MS,Mississippi,Tallahatchie,28135,11837,9494,16.0,80.1,6.1,17.0,32.6,24.8,17.0,48.0,7.4,45.1,29.9,18.8,21.2,39.8,19.900000000000006,93.9,2.0903310541535745,2.192369154607859,most barriers
NC,North Carolina,Columbus,37047,50121,39774,12.9,78.3,51.9,12.1,22.7,17.8,12.8,39.2,6.6,41.2,23.6,25.5,19.0,29.5,21.700000000000003,48.1,0.5266258367939801,0.8007800169046053,most barriers
NE,Nebraska,Kimball,31105,3289,2640,12.7,72.1,54.8,8.9,17.1,12.6,10.9,31.3,6.1,42.5,19.4,19.2,17.9,30.9,27.900000000000006,45.2,0.23630551206640768,0.04636593067072395,many
OH,Ohio,Madison,39097,44602,35840,8.7,77.2,59.2,7.5,13.3,11.3,10.8,34.3,5.9,36.8,17.8,25.2,16.3,26.0,22.799999999999997,40.8,-0.5270077601396926,-0.20779414898104767,fewest barriers
NJ,New Jersey,Gloucester,34015,308423,243231,8.8,75.6,67.6,6.8,12.2,11.7,8.9,33.2,4.6,31.5,14.7,19.1,12.1,22.7,24.400000000000006,32.400000000000006,-0.6186401735643198,-1.1153056218671318,fewest barriers
CA,California,Sacramento,6067,1584288,1226535,8.8,69.2,61.7,9.5,16.6,14.7,10.3,28.9,5.1,29.5,21.4,22.7,11.8,21.1,30.799999999999997,38.3,0.176279459326518,-0.8320551125978188,many
MI,Michigan,Tuscola,26157,52826,42309,7.9,76.5,62.6,8.6,15.9,12.4,10.1,32.6,6.2,41.4,19.9,29.1,17.7,25.5,23.5,37.4,-0.405555566319243,0.02910947438590792,some
GA,Georgia,Walker,13295,69489,54798,13.2,75.3,52.9,8.8,15.8,13.0,11.1,34.5,6.0,37.8,20.4,22.6,17.0,28.4,24.700000000000003,47.1,0.10689445280542026,0.012753197729828206,many
WI,Wisconsin,Burnett,55013,17092,14468,8.7,73.5,60.0,7.9,13.9,11.3,10.0,29.4,5.9,38.8,18.2,25.2,17.0,28.2,26.5,40.0,-0.31660173228723665,-0.37775590058602954,some
AZ,Arizona,Greenlee,4011,9369,6858,16.1,70.6,57.4,8.8,16.5,14.0,10.1,28.7,5.0,33.0,19.7,19.3,11.6,23.1,29.400000000000006,42.6,0.48622637851097483,-0.806786536785405,most barriers
OH,Ohio,Huron,39077,58199,44611,9.5,77.3,64.0,7.9,14.4,12.0,11.1,32.9,6.1,34.9,19.0,26.8,17.6,28.9,22.700000000000003,36.0,-0.4774396538040742,-0.21888350144450883,some
NE,Nebraska,Sheridan,31161,4928,3887,10.6,70.9,59.7,8.3,15.2,11.7,10.0,31.5,5.7,36.7,16.9,18.3,16.2,29.1,29.099999999999994,40.3,-0.008742055610382873,-0.48997770437475713,many
UT,Utah,Kane,49025,8425,6481,8.8,70.9,67.6,6.8,11.8,9.5,8.9,28.7,5.2,33.4,16.0,26.8,9.7,17.9,29.099999999999994,32.400000000000006,-0.48434534255893125,-1.0127668109329837,some
NH,New Hampshire,Cheshire,33005,77703,63936,7.4,71.2,64.4,6.6,10.6,9.4,7.5,27.9,4.9,30.2,14.5,25.0,12.4,19.5,28.799999999999997,35.599999999999994,-0.5760375317448921,-1.4517566443629337,fewest barriers
VA,Virginia,Spotsylvania,51177,149588,113315,9.8,76.8,66.9,7.5,13.4,11.8,11.1,33.6,5.1,40.0,17.8,23.2,12.7,23.9,23.200000000000003,33.099999999999994,-0.536968239232659,-0.2691547168017404,fewest barriers
IN,Indiana,Decatur,18031,26399,20278,8.3,76.8,62.7,7.0,13.1,10.5,10.4,33.5,5.7,37.5,19.0,27.0,16.8,25.2,23.200000000000003,37.3,-0.6447384652027401,-0.2415362706249597,fewest barriers
NY,New York,Otsego,36077,60126,51237,6.3,76.7,64.4,8.1,13.9,12.5,9.0,29.5,5.5,32.1,16.8,21.5,14.0,23.8,23.299999999999997,35.599999999999994,-0.6062152606874935,-0.9168178174032999,fewest barriers
OH,Ohio,Crawford,39033,41529,32618,9.1,76.0,56.4,8.6,15.6,12.4,11.5,33.9,6.6,39.5,19.9,28.5,19.0,30.2,24.0,43.6,-0.23639962221081098,0.22356286786170226,some
ND,North Dakota,Cass,38017,196362,152955,6.2,75.2,66.0,5.8,9.5,8.3,8.5,29.3,5.2,35.1,14.2,23.4,12.0,18.3,24.799999999999997,34.0,-0.9795146996925587,-1.0300936091352129,fewest barriers
MT,Montana,Pondera,30073,6125,4691,12.3,67.6,58.0,11.6,19.7,14.6,10.5,31.0,6.4,37.5,23.1,26.8,19.9,27.1,32.400000000000006,42.0,0.6974996227697258,0.02139951818189717,most barriers
NE,Nebraska,Rock,31149,1271,987,8.4,73.2,62.2,6.4,11.4,9.0,8.8,29.1,5.2,39.1,14.9,18.6,14.3,24.9,26.799999999999997,37.8,-0.5952212809709858,-0.8057528729725562,fewest barriers
IA,Iowa,Boone,19015,26590,21104,6.6,75.4,67.9,6.2,10.3,8.8,8.9,31.0,5.1,42.9,15.5,21.3,14.4,23.3,24.599999999999994,32.099999999999994,-0.9305729412374434,-0.5495294797252819,fewest barriers
WV,West Virginia,Summers,54089,11581,9749,10.6,78.4,50.7,12.0,22.3,17.4,14.3,39.7,7.3,39.8,28.1,33.2,23.4,35.9,21.599999999999994,49.3,0.38419244281347537,1.2697689368064662,most barriers
LA,Louisiana,St. Landry,22097,81464,59706,11.2,80.7,49.4,15.8,31.2,23.0,15.7,43.4,7.5,40.5,30.5,27.4,22.4,35.2,19.299999999999997,50.6,1.0057079534170492,1.7364279767439132,most barriers
MI,Michigan,Keweenaw,26083,2172,1839,5.2,77.7,72.4,6.3,10.5,8.9,8.5,30.1,5.3,34.3,14.9,28.1,12.8,19.5,22.299999999999997,27.599999999999994,-1.1675813381526394,-0.9752769666627996,fewest barriers
MN,Minnesota,Sibley,27143,15084,11635,9.6,71.6,64.4,8.0,13.3,11.0,9.2,28.7,5.5,38.8,17.0,24.7,16.0,25.8,28.400000000000006,35.599999999999994,-0.26065039645036475,-0.6310691187166807,some
NC,North Carolina,Bladen,37017,29484,23400,12.8,79.0,56.4,12.0,22.5,17.8,12.7,38.9,6.5,41.3,23.2,25.8,17.5,29.1,21.0,43.6,0.41099612444897365,0.7409459464620995,most barriers
NE,Nebraska,Perkins,31135,2795,2130,9.4,73.1,60.3,6.6,11.8,9.3,9.0,29.8,5.3,40.7,15.1,18.3,14.3,24.6,26.900000000000006,39.7,-0.47552658975356393,-0.6551985527343511,some
KS,Kansas,Dickinson,20041,18445,14195,9.1,74.3,64.1,6.9,12.1,11.1,9.3,30.9,5.5,39.4,17.5,22.0,15.3,26.4,25.700000000000003,35.900000000000006,-0.5088822804654687,-0.48169651466326524,fewest barriers
KS,Kansas,Ness,20135,2618,2030,11.4,73.7,60.7,7.6,13.9,12.2,9.9,31.1,5.6,36.1,18.2,21.5,16.0,27.5,26.299999999999997,39.3,-0.17517338889565326,-0.5079012216447738,many
MA,Massachusetts,Essex,25009,810089,642879,6.5,79.1,70.1,8.1,14.1,12.6,8.7,28.0,5.0,30.0,16.1,23.0,11.5,23.2,20.900000000000006,29.900000000000006,-0.7861177640401431,-1.2531507948936274,fewest barriers
KS,Kansas,Barton,20009,24899,18848,12.3,74.8,60.8,8.6,16.5,14.0,10.8,32.5,6.1,39.2,20.2,21.5,16.9,28.7,25.200000000000003,39.2,0.016973597802467443,-0.02037609141620224,many
IN,Indiana,Madison,18095,132504,104288,9.3,78.2,56.3,8.6,16.6,13.0,11.8,36.3,6.1,36.3,21.3,27.7,18.8,27.9,21.799999999999997,43.7,-0.28180019742056334,0.14973401796023644,some
IA,Iowa,Franklin,19069,9875,7448,10.7,74.4,62.3,8.5,16.0,12.6,10.9,31.9,6.1,40.9,20.1,21.7,17.4,28.2,25.599999999999994,37.7,-0.14425188904544894,0.033127201862264095,many
MN,Minnesota,Houston,27055,18582,14697,7.3,71.5,63.7,6.7,10.4,8.9,8.4,26.1,5.0,34.0,15.0,24.5,14.2,23.5,28.5,36.3,-0.6053020012111646,-1.2340031980776378,fewest barriers
UT,Utah,Wayne,49055,2614,2014,9.6,70.8,64.1,8.0,14.1,11.1,9.9,30.7,5.9,34.2,18.0,27.3,11.1,20.5,29.200000000000003,35.900000000000006,-0.19117127770850828,-0.5421391518983985,some
IN,Indiana,Tipton,18159,15256,12151,7.8,77.7,63.9,6.9,12.6,10.2,10.4,32.9,5.7,36.5,18.3,26.7,16.2,22.8,22.299999999999997,36.1,-0.7640958688276599,-0.3417685741475541,fewest barriers
KS,Kansas,Montgomery,20125,30568,23384,11.2,73.7,56.1,9.4,17.3,14.2,11.1,34.4,6.3,39.3,20.6,22.9,18.6,27.8,26.299999999999997,43.9,0.15640819654630936,0.15744917252225965,many
MO,Missouri,Dunklin,29069,27032,20004,13.5,75.7,49.6,12.9,23.3,18.7,13.1,38.7,7.2,46.4,28.0,27.8,23.4,40.6,24.299999999999997,50.4,0.8178143187327049,1.3805413855961362,most barriers
MN,Minnesota,Le Sueur,27079,29255,22562,8.2,72.2,61.5,6.9,11.0,9.5,8.7,27.8,5.0,35.0,14.9,24.7,14.4,21.1,27.799999999999997,38.5,-0.5087889420247579,-1.0973760550372451,fewest barriers
MO,Missouri,St. Louis,29189,987059,771815,7.3,77.3,62.2,8.0,12.6,12.6,9.6,32.5,4.8,31.5,16.8,23.6,13.6,24.2,22.700000000000003,37.8,-0.5884843819307243,-0.9382826023579115,fewest barriers
MI,Michigan,Eaton,26045,108820,86607,6.6,78.4,71.5,7.3,12.9,11.1,9.3,31.0,5.3,38.8,16.4,27.9,13.6,22.7,21.599999999999994,28.5,-0.9046155174937042,-0.6028881743723906,fewest barriers
LA,Louisiana,Caddo,22017,226386,173794,9.2,82.2,54.1,14.0,28.8,21.9,14.5,42.5,6.7,42.3,26.0,27.6,18.6,31.8,17.799999999999997,45.9,0.5444579237862845,1.2699701150117666,most barriers
IA,Iowa,Osceola,19143,5978,4643,10.3,73.9,64.1,8.5,16.0,12.4,10.6,31.8,6.0,40.1,20.1,21.7,18.0,27.8,26.099999999999994,35.900000000000006,-0.1745575768856871,-0.057315830735842635,many
MO,Missouri,Putnam,29171,4638,3551,9.3,76.5,59.9,8.6,13.8,12.3,10.2,33.1,6.0,35.1,20.2,26.2,17.8,29.1,23.5,40.1,-0.3537218466051257,-0.2521928456350871,some
LA,Louisiana,Webster,22119,35238,27304,10.7,79.9,48.8,15.8,31.5,22.6,15.7,43.4,7.7,44.7,30.0,28.9,23.4,37.0,20.099999999999994,51.2,1.0196529630315814,1.9467807460961999,most barriers
AL,Alabama,Fayette,1057,15967,12532,11.5,77.5,49.5,11.0,21.3,15.2,13.1,40.9,6.9,40.6,24.5,27.3,19.4,30.6,22.5,50.5,0.32176964062538893,0.9870457800871734,many
NE,Nebraska,Custer,31041,10581,8019,8.7,72.9,61.0,6.7,11.8,9.6,9.3,30.9,5.4,40.2,14.6,18.0,14.7,26.0,27.099999999999994,39.0,-0.49536265683445063,-0.6023053560316644,some
OK,Oklahoma,Adair,40001,19627,14357,14.1,76.1,45.4,16.4,31.4,22.1,15.2,40.5,8.2,46.1,29.6,27.0,26.2,39.7,23.900000000000006,54.6,1.448949790251639,1.9485617710390017,most barriers
AL,Alabama,Lauderdale,1077,96814,78262,9.5,77.7,59.5,8.8,16.1,12.3,11.0,35.9,5.9,36.7,20.2,25.2,15.4,25.8,22.299999999999997,40.5,-0.32187872858923167,-0.019504361796042882,some
MD,Maryland,Worcester,24047,54171,44887,7.7,78.4,63.0,7.2,12.8,11.9,9.7,32.5,5.1,33.5,16.1,22.6,13.1,23.1,21.599999999999994,37.0,-0.7014311280073983,-0.7993097895672123,fewest barriers
IL,Illinois,Alexander,17003,4695,3690,11.1,77.2,49.8,13.4,26.6,21.0,13.8,38.7,6.8,45.3,25.9,23.2,20.2,30.4,22.799999999999997,50.2,0.8229422924163662,1.2006588579734507,most barriers
OK,Oklahoma,Coal,40029,5266,4013,13.2,76.0,47.1,14.0,27.0,19.0,13.9,39.5,7.9,42.9,26.9,29.0,24.1,37.4,24.0,52.9,1.0000032523944802,1.4559865333769129,most barriers
AR,Arkansas,Montgomery,5097,8620,7004,12.0,76.2,50.9,10.3,19.4,14.6,11.4,37.4,7.1,41.1,24.8,27.8,18.8,32.6,23.799999999999997,49.1,0.27601438687811525,0.7754389262333563,many
WV,West Virginia,Mingo,54059,22023,17103,12.4,77.8,46.2,13.8,26.6,18.8,15.8,42.8,8.5,43.0,32.5,36.0,28.0,41.5,22.200000000000003,53.8,0.8513311811641936,2.1674721578229654,most barriers
MO,Missouri,Carter,29035,5303,4026,11.5,75.9,52.3,11.4,19.9,15.8,12.2,36.5,7.2,39.8,26.2,28.3,23.1,34.8,24.099999999999994,47.7,0.36891100052652076,0.8398838682829192,most barriers
NV,Nevada,Douglas,32005,49545,42375,9.7,71.2,67.2,7.3,11.8,10.8,8.1,27.2,5.0,27.3,16.5,21.2,12.6,18.8,28.799999999999997,32.8,-0.3654631866177935,-1.4394549196653084,some
IA,Iowa,Dickinson,19059,18056,14615,6.1,74.7,65.9,6.0,9.9,8.5,8.5,29.3,5.0,37.6,14.7,20.6,13.9,21.5,25.299999999999997,34.099999999999994,-0.9283520727709048,-0.9480402567113213,fewest barriers
ID,Idaho,Bonner,16017,52547,42293,9.6,70.1,64.6,7.5,12.2,10.3,8.4,28.2,5.6,31.8,16.9,23.3,13.2,21.1,29.900000000000006,35.400000000000006,-0.2763125982053597,-1.0079690433964223,some
NE,Nebraska,Burt,31021,6727,5218,9.3,72.9,62.5,7.3,13.4,10.4,9.7,31.8,5.6,40.6,16.0,18.9,16.0,26.7,27.099999999999994,37.5,-0.3749197110944369,-0.39918048600654166,some
GA,Georgia,Baker,13007,2743,2242,17.6,78.0,51.8,15.8,30.8,23.5,16.9,42.4,7.5,43.3,28.8,21.1,21.0,35.9,22.0,48.2,1.453140303664734,1.8465104058947452,most barriers
MO,Missouri,Atchison,29005,5107,4077,9.5,75.7,56.4,9.1,14.9,12.8,10.9,34.7,6.3,41.6,21.3,27.0,18.8,31.0,24.299999999999997,43.6,-0.17468741204821572,0.2841928002865871,many
AK,Alaska,Bethel,2050,18224,11798,15.9,64.9,37.0,21.9,37.0,26.5,14.7,39.7,8.6,39.4,32.7,20.3,31.2,34.4,35.099999999999994,63.0,2.8626270800986524,1.817436331073219,most barriers
GA,Georgia,Columbia,13073,165162,124488,10.4,78.1,61.3,7.3,12.5,11.5,10.7,34.1,4.8,32.8,15.8,19.8,11.8,23.7,21.900000000000006,38.7,-0.5367523673595694,-0.7624784600082819,fewest barriers
WI,Wisconsin,Grant,55043,51409,40536,8.7,74.6,61.4,7.6,13.6,10.9,10.3,29.4,5.9,42.7,18.1,25.2,16.5,30.8,25.400000000000006,38.6,-0.43219667292413,-0.1854970322760944,some
CA,California,Colusa,6011,22037,16122,18.0,68.1,55.9,12.4,25.0,21.2,12.2,29.6,5.9,35.3,27.5,21.9,13.5,29.8,31.900000000000006,44.1,1.4561048906720238,0.09184111242696802,most barriers
GA,Georgia,Calhoun,13037,5457,4642,18.8,77.5,41.5,15.8,31.0,24.5,17.1,44.9,7.3,43.6,29.2,17.5,21.1,36.2,22.5,58.5,1.7339434946327252,1.950060687020515,most barriers
IL,Illinois,White,17193,13401,10554,9.5,75.2,55.1,9.5,18.0,14.0,11.1,33.4,6.4,39.3,21.8,25.5,18.8,26.3,24.799999999999997,44.9,0.0236537275808351,0.19461447805552506,many
IL,Illinois,Hancock,17067,17186,13505,7.9,75.4,63.6,7.6,13.7,11.5,9.7,31.5,5.6,38.9,17.8,24.0,15.3,22.9,24.599999999999994,36.4,-0.5194457739631475,-0.4047497736307877,fewest barriers
VA,Virginia,Martinsville,51690,13763,9946,12.8,78.9,53.1,14.5,27.5,21.6,15.9,40.8,7.0,44.7,27.4,23.9,19.3,32.9,21.099999999999994,46.9,0.8945361940260389,1.565226026638226,most barriers
GA,Georgia,Dade,13083,16165,13017,12.2,75.3,60.5,7.8,13.6,11.6,10.2,32.6,5.7,35.2,18.8,23.8,15.8,25.0,24.700000000000003,39.5,-0.22857810421449776,-0.4061891869279671,some
NM,New Mexico,Sierra,35051,11488,9643,16.4,65.1,56.2,12.6,24.0,18.8,11.9,32.3,6.8,38.1,25.4,25.1,17.3,27.2,34.900000000000006,43.8,1.4047518180840386,0.42863951193545413,most barriers
IN,Indiana,Wells,18179,28555,21512,8.3,77.1,60.1,7.0,13.1,10.6,10.4,34.3,5.7,41.9,18.8,26.9,16.8,24.2,22.900000000000006,39.9,-0.6182949621412116,-0.02514418741737299,fewest barriers
AL,Alabama,Cullman,1043,92016,71431,10.5,76.9,54.8,8.8,16.4,12.2,11.0,37.3,6.3,36.2,21.5,26.5,16.9,25.9,23.099999999999994,45.2,-0.15761524032534835,0.17487562892998385,many
MT,Montana,Granite,30039,3595,3047,10.5,68.4,60.7,8.1,12.9,10.4,8.4,29.4,5.5,30.6,18.0,24.7,15.1,21.4,31.599999999999994,39.3,-0.030784373610196907,-0.9854808010841605,many
OK,Oklahoma,Craig,40035,14494,11115,12.6,76.2,48.2,13.1,25.0,18.2,13.2,39.6,7.5,41.9,25.2,27.1,22.8,34.4,23.799999999999997,51.8,0.8039901160770245,1.1787247152828972,most barriers
MN,Minnesota,Olmsted,27109,164784,125821,6.8,71.4,70.1,6.6,10.1,8.6,8.4,27.4,4.6,36.5,13.4,24.7,11.4,20.6,28.599999999999994,29.900000000000006,-0.7445529272450523,-1.2419643424402422,fewest barriers
AR,Arkansas,Garland,5051,99784,80189,11.0,76.3,56.3,9.6,17.9,15.1,11.1,37.8,6.4,39.3,22.7,25.9,16.1,28.3,23.700000000000003,43.7,0.0782146564439032,0.41877386215922785,many
ND,North Dakota,Sargent,38081,3776,2992,7.9,72.1,60.7,6.5,10.9,9.5,9.0,29.9,5.4,41.3,16.0,20.9,14.4,22.6,27.900000000000006,39.3,-0.5343953007917098,-0.5594738284038863,fewest barriers
AR,Arkansas,Phillips,5107,14961,11146,14.3,80.6,39.1,18.4,36.0,27.6,17.2,49.0,7.8,48.6,33.7,24.0,21.8,41.9,19.400000000000006,60.9,1.7861818811065964,2.6750322898677656,most barriers
IA,Iowa,Dallas,19049,111092,81838,5.6,75.5,75.3,5.3,8.3,7.7,8.5,28.5,4.4,32.4,12.9,19.2,10.7,19.2,24.5,24.700000000000003,-1.2450525839630957,-1.4382803991741124,fewest barriers
OH,Ohio,Wyandot,39175,21457,16768,7.8,76.7,63.2,6.8,11.9,10.2,10.2,32.9,5.6,35.5,16.7,26.1,15.9,25.3,23.299999999999997,36.8,-0.7297930657929035,-0.5000393954997652,fewest barriers
VA,Virginia,Powhatan,51145,32105,26175,7.7,76.8,72.3,6.2,10.1,9.1,9.4,31.3,5.1,35.5,15.6,23.6,12.6,20.9,23.200000000000003,27.700000000000003,-0.9978469792976732,-0.8111933449606479,fewest barriers
IN,Indiana,Harrison,18061,40006,31213,7.8,77.2,62.1,6.9,12.4,10.2,10.2,33.4,5.7,42.2,18.4,26.1,16.3,23.0,22.799999999999997,37.9,-0.719127914370679,-0.08534170951288966,fewest barriers
AL,Alabama,Henry,1067,17899,14236,10.9,78.2,49.7,10.8,21.3,15.7,12.8,40.4,6.3,41.2,23.1,24.8,17.1,29.1,21.799999999999997,50.3,0.2604571722789961,0.7539218951778152,many
MI,Michigan,Arenac,26011,15145,12334,7.9,76.6,63.3,9.0,16.6,12.8,10.3,33.0,6.4,38.4,20.3,29.7,18.4,25.6,23.400000000000006,36.7,-0.3623954643966793,0.0002018106283913468,some
ND,North Dakota,Logan,38047,1869,1414,8.8,71.8,59.1,7.6,13.3,10.8,9.5,31.4,6.0,40.9,18.2,22.0,16.3,25.0,28.200000000000003,40.9,-0.26815741469269083,-0.22212731522262633,some
NY,New York,Tioga,36107,47715,38115,6.2,77.9,65.6,7.8,13.7,12.3,8.6,30.2,5.4,30.5,16.0,22.6,14.3,24.2,22.099999999999994,34.400000000000006,-0.7186147937269437,-1.053711125451664,fewest barriers
MO,Missouri,Osage,29151,13468,10389,8.1,75.7,60.6,7.3,11.4,10.6,9.2,31.3,5.5,35.6,18.0,25.3,16.4,26.5,24.299999999999997,39.4,-0.5961705739948894,-0.6171631667701055,fewest barriers
AK,Alaska,Skagway,2230,1095,925,10.0,66.2,58.8,7.6,11.9,10.5,7.8,29.7,5.1,35.0,16.2,20.2,14.6,19.9,33.8,41.2,0.025618052561125187,-1.014381497888459,many
MS,Mississippi,Greene,28041,13601,11108,13.4,77.8,7.8,11.7,22.0,16.8,13.1,41.5,6.7,41.9,24.1,20.0,19.5,33.1,22.200000000000003,92.2,1.1288156177857915,1.0011923806111829,most barriers
KS,Kansas,Ellsworth,20053,6357,5224,9.9,73.8,59.4,7.0,12.1,11.2,9.6,32.4,5.5,39.9,17.3,19.5,15.6,25.7,26.200000000000003,40.6,-0.3645628908056735,-0.37974349817181424,some
GA,Georgia,Jasper,13159,16455,12575,13.9,76.1,55.3,9.9,18.4,15.0,12.1,35.5,6.1,36.6,21.5,22.6,17.3,29.0,23.900000000000006,44.7,0.283845781051091,0.16502278591853678,many
NC,North Carolina,Hoke,37093,54446,39888,12.9,79.5,57.5,11.9,22.4,18.2,13.2,38.2,6.2,38.1,22.8,24.4,16.2,28.1,20.5,42.5,0.38301845301772985,0.5239288131455055,most barriers
CA,California,Santa Clara,6085,1877592,1503217,6.9,70.4,67.3,6.5,11.8,10.1,9.8,25.7,4.1,21.9,15.8,17.9,8.2,21.8,29.599999999999994,32.7,-0.5504432289975102,-1.841926239789289,fewest barriers
IA,Iowa,Linn,19113,228972,177999,6.6,76.3,68.1,6.8,12.1,9.7,9.7,28.2,5.1,35.6,15.5,23.8,13.9,21.8,23.700000000000003,31.900000000000006,-0.8583074773308178,-0.9141235589679709,fewest barriers
ID,Idaho,Canyon,16027,257674,189929,13.7,71.6,62.5,8.5,15.0,12.2,10.5,29.5,5.4,35.5,19.2,23.3,12.6,24.9,28.400000000000006,37.5,0.10723120501820589,-0.5522405217905386,many
GA,Georgia,Macon,13193,11817,9723,20.6,78.2,38.0,18.3,36.2,27.7,18.5,45.9,7.9,43.9,32.4,18.5,23.2,40.2,21.799999999999997,62.0,2.258646039887866,2.4218533129753888,most barriers
VA,Virginia,Loudoun,51107,436347,322393,7.1,78.3,74.5,5.1,8.5,7.4,8.9,28.6,4.2,27.3,13.1,18.7,8.0,18.7,21.700000000000003,25.5,-1.3096086468629953,-1.6618490639221046,fewest barriers
NY,New York,Chemung,36015,81325,64334,6.7,78.6,60.4,8.7,15.8,13.6,9.3,31.6,5.6,30.8,17.6,22.5,15.3,25.1,21.400000000000006,39.6,-0.491097741939168,-0.7985123611126062,some
MT,Montana,Blaine,30005,6899,4948,12.3,68.2,55.4,14.6,23.7,17.5,12.3,33.1,6.7,41.6,25.1,25.2,21.6,26.6,31.799999999999997,44.6,1.1030977929360009,0.6118626079420979,most barriers
CA,California,Glenn,6021,28129,20659,14.1,69.2,55.5,11.3,21.8,18.3,11.1,29.5,5.9,32.4,25.1,23.2,14.2,27.3,30.799999999999997,44.5,0.9351269780814252,-0.24447004224305807,most barriers
MN,Minnesota,Mower,27099,40058,30015,11.1,71.8,60.5,9.0,15.9,12.5,10.1,29.2,5.6,38.3,17.8,25.2,16.3,27.5,28.200000000000003,39.5,0.053338343202625205,-0.49148886180797097,many
AL,Alabama,Wilcox,1131,9944,7755,15.1,81.1,39.7,19.8,40.4,29.0,19.1,50.4,7.8,51.9,34.0,22.7,22.8,39.1,18.900000000000006,60.3,2.052250791823238,3.0592055713905415,most barriers
NC,North Carolina,Davidson,37057,174804,137346,11.7,77.0,61.2,9.0,16.5,13.0,10.3,33.4,6.0,36.0,19.4,26.7,16.0,25.1,23.0,38.8,-0.14481751127803474,-0.22760615156214953,many
IL,Illinois,Fulton,17057,32541,26249,9.3,75.2,58.0,8.7,16.5,13.4,10.4,33.5,6.0,39.8,19.8,24.3,17.2,24.2,24.799999999999997,42.0,-0.13973194242763112,-0.03070674010976595,many
NC,North Carolina,Richmond,37153,42324,32370,14.0,78.8,54.9,13.7,26.0,20.0,13.8,39.5,7.1,43.0,25.8,26.8,20.0,30.9,21.200000000000003,45.1,0.7871302117208185,1.2035413955793408,most barriers
WI,Wisconsin,Oconto,55083,39775,32028,8.2,75.2,63.3,7.0,12.6,10.5,9.4,29.2,5.6,42.0,17.0,25.1,15.8,27.3,24.799999999999997,36.7,-0.593563674214251,-0.4280470641295008,fewest barriers
IA,Iowa,Van Buren,19177,7266,5528,8.6,74.2,61.6,8.3,15.1,11.4,10.5,32.8,6.2,39.5,20.4,22.9,19.2,27.3,25.799999999999997,38.4,-0.3192849807956249,0.012485904299644454,some
IA,Iowa,Mahaska,19123,21874,16738,7.4,74.3,67.4,7.4,13.0,10.4,9.7,31.6,5.7,39.0,17.9,22.1,17.1,27.1,25.700000000000003,32.599999999999994,-0.6202650128876359,-0.36690895416593305,fewest barriers
MO,Missouri,Morgan,29141,21970,16914,12.0,74.0,53.6,10.8,18.6,15.0,11.6,34.7,6.9,38.2,25.1,28.2,21.9,34.1,26.0,46.4,0.3685325078561588,0.5178559001097824,many
SC,South Carolina,Colleton,45029,38874,29998,14.5,78.1,54.4,12.3,26.0,19.6,13.8,38.0,6.3,39.1,24.2,23.9,18.0,31.3,21.900000000000006,45.6,0.758065414856246,0.7002525597585296,most barriers
VA,Virginia,Appomattox,51011,16864,13156,9.4,77.1,59.4,9.0,15.8,13.1,11.7,35.2,6.0,38.8,20.1,25.0,16.2,26.4,22.900000000000006,40.6,-0.26143602416135353,0.12520006594277716,some
GA,Georgia,Dougherty,13095,82645,62618,15.9,80.8,50.6,16.6,31.9,26.1,17.1,44.5,6.6,42.7,28.6,19.1,18.5,33.4,19.200000000000003,49.4,1.4206537167973705,1.6934716615534775,most barriers
WI,Wisconsin,Eau Claire,55035,107903,86787,7.3,74.5,66.4,6.5,11.0,9.4,8.9,28.1,5.2,31.4,15.5,26.2,13.8,24.5,25.5,33.599999999999994,-0.7674008863229265,-1.1476261810747277,fewest barriers
AZ,Arizona,Apache,4001,65036,48365,14.6,69.8,43.6,20.4,35.0,25.3,15.3,32.7,7.8,36.0,30.9,21.0,23.1,27.8,30.200000000000003,56.4,2.268465299128852,1.1505872215658868,most barriers
LA,Louisiana,Winn,22127,13216,10424,11.5,79.3,51.0,13.6,27.4,20.1,14.7,42.5,7.2,46.0,27.3,27.2,21.1,34.2,20.700000000000003,49.0,0.7218995046354872,1.631737791467557,most barriers
VA,Virginia,Lee,51105,21745,17770,12.6,75.9,56.5,11.4,20.9,15.6,13.6,37.8,7.5,42.2,25.9,27.2,21.7,31.8,24.099999999999994,43.5,0.38666062123948636,1.1836811825961355,most barriers
NC,North Carolina,Mecklenburg,37119,1163701,901633,10.1,78.8,63.7,7.9,14.5,12.5,10.1,31.3,4.9,29.5,15.9,22.4,10.7,21.1,21.200000000000003,36.3,-0.4927658379241291,-1.0471449635980665,some
NY,New York,Wayne,36117,90829,71935,6.6,77.7,65.0,7.9,14.0,12.7,8.6,28.0,5.4,37.1,16.2,22.3,14.2,24.2,22.299999999999997,35.0,-0.649195804015443,-0.8484481423000272,fewest barriers
MI,Michigan,Oceana,26127,26981,21345,10.1,75.9,65.1,9.3,17.9,13.8,10.6,32.3,6.3,40.7,20.6,27.9,17.1,26.5,24.099999999999994,34.900000000000006,-0.14458160778062476,0.08666003232090112,many
IL,Illinois,Morgan,17137,32140,25898,9.0,75.7,59.4,8.7,16.3,13.4,10.3,33.0,5.8,40.3,19.4,23.6,16.3,23.5,24.299999999999997,40.6,-0.2058502801078326,-0.10622493614188884,some
NE,Nebraska,Frontier,31063,2585,2060,8.7,73.1,61.3,6.6,11.7,9.4,9.0,29.6,5.3,38.7,15.2,18.2,14.4,24.7,26.900000000000006,38.7,-0.5259090269560204,-0.7463210982737987,fewest barriers
MS,Mississippi,Pearl River,28109,57978,44780,11.7,78.1,9.8,10.3,19.2,14.6,11.8,37.6,6.3,38.1,22.2,22.1,18.1,31.4,21.900000000000006,90.2,0.7506306761669844,0.37269597104767577,most barriers
OH,Ohio,Fayette,39047,28817,22051,9.8,75.8,56.7,9.1,16.9,13.3,11.9,36.8,6.6,41.0,21.1,27.9,20.1,30.8,24.200000000000003,43.3,-0.09369615266273444,0.4995361213964774,many
NM,New Mexico,Roosevelt,35041,18787,14317,16.5,64.9,59.1,11.6,22.5,18.2,11.7,31.5,6.3,34.7,23.8,24.1,15.0,27.6,35.099999999999994,40.9,1.2555036217062419,0.033061369253920045,most barriers
MT,Montana,Lewis and Clark,30049,75011,59205,8.4,71.7,70.8,6.7,10.0,8.3,7.5,25.9,4.7,30.8,15.3,27.0,12.2,17.3,28.299999999999997,29.200000000000003,-0.6929436713765978,-1.5225505249228823,fewest barriers
ID,Idaho,Lewis,16061,3739,2946,11.4,71.3,58.6,10.1,17.9,13.6,10.5,32.2,6.5,35.5,21.0,24.5,16.5,26.7,28.700000000000003,41.4,0.2830541355856719,-0.08568410853522716,many
OK,Oklahoma,Sequoyah,40135,40291,30639,12.7,76.8,48.6,13.7,25.9,18.7,13.7,39.6,7.6,47.1,26.2,28.0,23.4,35.7,23.200000000000003,51.4,0.8531997744689918,1.5198081210589478,most barriers
GA,Georgia,Telfair,13271,10920,9009,23.4,75.5,43.5,16.8,33.6,25.1,17.6,42.8,8.1,42.9,32.1,20.4,22.9,39.0,24.5,56.5,2.2011896700334304,2.205252434868778,most barriers
IA,Iowa,Hamilton,19079,14729,11259,8.1,76.0,68.4,6.9,12.0,9.9,9.5,30.5,5.3,36.6,16.5,20.9,15.2,23.8,24.0,31.599999999999994,-0.7571576401944154,-0.6975499342839953,fewest barriers
IA,Iowa,Wright,19197,12656,9332,10.6,75.1,61.8,8.6,16.1,12.4,10.9,31.5,6.0,41.3,19.7,20.9,16.8,27.0,24.900000000000006,38.2,-0.17612652830928688,-0.008933155090283584,many
OK,Oklahoma,Major,40093,7581,5641,11.6,75.0,57.7,8.6,16.6,13.1,10.5,34.2,6.1,42.2,19.5,25.8,17.6,31.8,25.0,42.3,-0.01813406412899637,0.12336926898865634,many
LA,Louisiana,St. Charles,22089,50620,38554,8.2,80.4,62.3,9.2,17.2,14.4,11.3,37.4,5.6,37.2,19.7,26.1,14.9,26.8,19.599999999999994,37.7,-0.42845436715170576,-0.005463559602636736,some
GA,Georgia,Hart,13147,27556,22018,13.7,76.1,58.2,9.8,18.0,15.1,11.9,35.4,6.0,35.2,20.9,21.7,16.6,27.4,23.900000000000006,41.8,0.2187604323979441,0.030200595729156614,many
NY,New York,Chautauqua,36013,124891,99281,7.8,78.7,56.5,9.4,17.3,15.0,10.0,31.6,5.9,36.7,18.9,21.8,15.5,26.3,21.299999999999997,43.5,-0.24493745734476383,-0.34605634083942116,some
NJ,New Jersey,Middlesex,34023,863623,680119,11.2,77.4,66.0,7.3,14.2,12.2,10.3,30.4,4.4,29.7,16.4,13.0,10.1,24.7,22.599999999999994,34.0,-0.45327883828729143,-1.1597041279661386,some
OK,Oklahoma,Mayes,40097,39889,30559,10.9,76.5,51.3,11.8,21.8,16.5,12.1,38.4,7.0,41.6,22.8,26.1,20.7,33.5,23.5,48.7,0.4244994175733829,0.7860060779525088,most barriers
GA,Georgia,Murray,13213,41035,31441,17.1,74.3,54.7,9.3,17.6,14.4,11.6,33.6,6.1,41.2,22.0,22.9,17.0,28.4,25.700000000000003,45.3,0.4708638170427222,0.2647743513185721,most barriers
MD,Maryland,Prince George's,24033,947430,740721,13.0,76.9,59.7,10.6,22.4,20.3,13.6,37.3,4.9,41.9,20.2,15.1,10.5,26.5,23.099999999999994,40.3,0.49122798562442505,0.2480777352188579,most barriers
NE,Nebraska,Adams,31001,30899,23578,10.2,75.0,64.2,7.1,13.2,10.2,9.9,31.4,5.6,41.9,16.9,20.6,14.3,25.8,25.0,35.8,-0.47979940818110944,-0.30085774926649533,some
SC,South Carolina,Charleston,45019,424367,342698,9.7,78.0,70.1,7.0,12.8,10.8,10.0,29.4,4.7,29.9,14.8,21.8,10.6,19.6,22.0,29.900000000000006,-0.7319840677708358,-1.2169968493475545,fewest barriers
IN,Indiana,Orange,18117,19638,15128,9.5,77.3,59.1,8.4,16.2,12.4,11.5,35.4,6.3,39.5,21.7,28.4,19.6,26.9,22.700000000000003,40.9,-0.31311770211603207,0.29290201722959663,some
WV,West Virginia,Pendleton,54071,6029,4907,9.3,77.7,54.1,9.5,16.9,13.7,12.6,37.5,6.7,36.8,23.9,31.9,20.5,30.9,22.299999999999997,45.9,-0.13753973993799867,0.5584329478584957,many
WI,Wisconsin,Barron,55005,46833,37064,8.6,74.3,61.7,7.4,13.5,10.8,9.8,29.3,5.7,38.3,17.9,25.6,16.0,27.3,25.700000000000003,38.3,-0.4453582183956213,-0.4845724516925225,some
SC,South Carolina,Kershaw,45055,69905,53629,12.5,78.7,61.6,9.3,19.3,15.0,12.1,35.1,5.6,36.3,19.4,22.8,14.6,26.1,21.299999999999997,38.4,-0.019338916862262814,-0.08340539788779926,many
IL,Illinois,Scott,17171,4710,3763,7.9,75.4,66.2,7.5,13.8,11.6,9.4,30.7,5.4,38.3,17.7,24.3,15.4,22.3,24.599999999999994,33.8,-0.5559220670005484,-0.5449756796183444,fewest barriers
MD,Maryland,Allegany,24001,67273,55228,9.8,77.5,58.5,9.4,19.3,15.3,11.3,35.6,6.2,37.4,21.6,26.6,18.8,30.7,22.5,41.5,-0.04177406260248934,0.1625864617029307,many
MS,Mississippi,Benton,28009,7438,5911,13.4,79.1,9.2,13.2,24.9,19.5,14.0,42.3,6.7,42.3,25.6,20.5,19.7,34.8,20.900000000000006,90.8,1.3172127474544393,1.1993269855236113,most barriers
SC,South Carolina,Jasper,45053,33544,27540,16.0,78.9,56.2,11.1,23.4,18.3,13.2,36.3,5.9,35.4,22.0,21.3,14.3,28.7,21.099999999999994,43.8,0.5806536354275261,0.216365127133097,most barriers
RI,Rhode Island,Bristol,44001,50255,41462,5.5,84.0,74.5,5.5,9.0,8.6,7.9,27.4,4.6,26.0,12.7,24.7,10.6,17.8,16.0,25.5,-1.591315205526777,-1.7760343737964277,fewest barriers
HI,Hawaii,Kauai,15007,73851,58274,6.7,71.2,67.7,8.6,17.9,12.0,9.3,27.0,5.0,24.1,16.6,17.9,12.4,19.5,28.799999999999997,32.3,-0.2425715798002631,-1.4767081553954715,some
LA,Louisiana,Claiborne,22027,13670,11034,13.6,80.8,42.2,19.8,40.0,28.4,18.8,48.6,8.7,48.9,35.3,26.2,26.6,41.5,19.200000000000003,57.8,1.9169679195973492,3.108380641386301,most barriers
MI,Michigan,Mackinac,26097,10851,9233,8.1,77.7,66.6,11.1,20.3,15.5,11.5,33.1,6.5,41.3,21.5,28.5,18.6,26.4,22.299999999999997,33.400000000000006,-0.12391897138833763,0.3160687685529816,many
MT,Montana,Petroleum,30069,554,454,9.6,67.5,62.5,7.5,11.6,9.7,8.2,28.5,5.3,32.9,16.7,24.4,14.6,20.6,32.5,37.5,-0.1580893697177194,-1.0485557899920868,many
MN,Minnesota,Todd,27153,25667,19382,11.2,70.4,60.9,9.2,15.8,12.5,9.9,30.2,5.9,39.6,19.3,26.0,18.6,26.7,29.599999999999994,39.1,0.1307671032310185,-0.2687292862740925,many
OH,Ohio,Preble,39135,40556,31595,8.0,76.4,60.2,7.3,12.9,10.8,10.5,32.9,6.0,39.4,18.2,27.5,17.3,28.4,23.599999999999994,39.8,-0.5813649206266701,-0.13647041271772312,fewest barriers
MI,Michigan,Montcalm,26117,68154,54137,8.6,77.8,64.3,9.3,17.3,13.5,10.6,33.8,6.3,42.2,20.4,28.0,18.5,25.8,22.200000000000003,35.7,-0.33455548380425726,0.20569561467993033,some
IN,Indiana,Clinton,18023,32730,24122,12.2,77.3,60.7,8.5,16.9,13.4,11.7,34.6,6.0,40.4,21.9,25.3,17.8,27.3,22.700000000000003,39.3,-0.12837731051610188,0.25113427129578003,many
GA,Georgia,Habersham,13137,48757,38151,15.8,75.4,55.3,9.0,16.9,14.0,11.1,33.2,5.8,32.7,20.5,22.2,15.6,27.0,24.599999999999994,44.7,0.28668588443695237,-0.3091514903907467,many
WV,West Virginia,Raleigh,54081,72356,57230,9.9,79.3,53.1,11.1,20.5,16.0,14.2,41.2,7.2,43.1,27.7,32.2,21.1,34.5,20.700000000000003,46.9,0.11172347398841553,1.424696117582871,many
NE,Nebraska,Thayer,31169,4829,3720,9.2,72.8,60.9,7.3,13.3,10.2,9.7,30.2,5.7,40.2,16.4,19.1,15.8,26.6,27.200000000000003,39.1,-0.3629283980278591,-0.4405696802120246,some
NC,North Carolina,Chatham,37037,81624,66141,10.2,78.4,65.3,7.2,12.7,10.8,9.4,31.3,5.1,30.2,15.8,24.0,11.9,20.4,21.599999999999994,34.7,-0.6473100999757299,-1.0334840419734643,fewest barriers
IA,Iowa,Johnson,19103,157528,127373,6.4,77.5,70.0,6.7,11.2,9.5,9.7,30.8,5.2,32.8,15.1,20.4,12.3,19.2,22.5,30.0,-0.9935455788639347,-0.921073739618355,fewest barriers
MO,Missouri,Ray,29177,23182,17877,9.6,75.1,58.3,8.7,14.3,12.6,10.6,33.9,6.0,39.3,20.8,26.4,18.9,31.3,24.900000000000006,41.7,-0.2146448872014447,0.02694676761839072,some
KS,Kansas,Saline,20169,53098,41187,10.6,74.0,62.9,7.6,13.9,12.2,10.1,30.9,5.6,41.5,18.4,21.7,15.6,27.5,26.0,37.1,-0.2640380691169456,-0.2538531737762723,some
CA,California,San Francisco,6075,808988,698599,6.2,71.7,69.5,6.8,12.3,9.7,9.3,25.1,4.3,17.1,16.1,19.8,8.8,18.5,28.299999999999997,30.5,-0.6677254874418921,-2.057597024099801,fewest barriers
MN,Minnesota,Yellow Medicine,27173,9467,7259,9.1,72.0,62.0,8.4,13.6,11.2,9.7,29.3,5.6,38.9,17.5,26.0,16.6,25.1,28.0,38.0,-0.23314529441712437,-0.5100677370899666,some
MN,Minnesota,Marshall,27089,8810,6782,8.7,71.5,63.1,7.7,12.5,10.2,9.1,28.8,5.3,39.2,16.8,25.3,15.9,23.5,28.5,36.9,-0.35562603312889607,-0.6769010817521018,some
MN,Minnesota,Kittson,27069,4060,3182,7.6,72.0,64.2,7.3,11.5,9.6,8.8,28.2,5.2,34.4,15.6,25.6,15.2,23.1,28.0,35.8,-0.528668659631398,-1.01687114985195,fewest barriers
NC,North Carolina,Henderson,37089,119230,97324,10.6,77.2,64.8,7.4,12.8,10.7,9.1,30.4,5.4,30.4,17.0,25.8,13.2,21.0,22.799999999999997,35.2,-0.5493136114239614,-0.9603853520670903,fewest barriers
GA,Georgia,Taliaferro,13265,1609,1312,17.1,78.0,50.3,14.3,28.2,22.9,15.7,41.9,6.6,41.8,26.6,19.4,19.0,34.0,22.0,49.7,1.266033895216756,1.3316051147933308,most barriers
WI,Wisconsin,Sawyer,55113,18552,15215,8.5,75.1,61.5,9.0,15.6,12.4,10.4,31.0,6.0,34.2,20.3,25.2,18.1,28.3,24.900000000000006,38.5,-0.2738327644082448,-0.3568787303075892,some
MO,Missouri,Vernon,29217,19710,15019,10.7,75.7,52.9,10.5,17.7,14.5,11.5,34.8,6.8,38.1,24.0,28.1,21.4,32.5,24.299999999999997,47.1,0.16407935507344276,0.4344284655178682,many
IN,Indiana,LaGrange,18087,40907,28068,12.4,74.8,56.0,8.5,17.2,12.9,11.1,33.6,6.3,40.0,23.6,27.8,20.3,28.6,25.200000000000003,44.0,0.061378461819292775,0.28985381723239867,many
ID,Idaho,Jefferson,16051,34198,23316,10.4,71.5,64.9,7.3,12.0,10.5,8.7,27.7,5.3,33.0,15.9,22.6,12.2,21.4,28.5,35.099999999999994,-0.3162998296571013,-1.069366994350056,some
IL,Illinois,Winnebago,17201,280922,215494,11.2,76.7,55.4,10.0,19.5,16.0,11.7,33.9,5.8,42.2,21.2,23.4,15.9,25.9,23.299999999999997,44.6,0.18438077262405608,0.2193365587530812,many
MI,Michigan,Alger,26003,8757,7484,7.4,76.9,65.4,8.8,15.7,12.8,10.0,33.2,6.0,36.6,18.6,26.2,16.7,23.7,23.099999999999994,34.599999999999994,-0.4701431065160439,-0.27238817520171316,some
MO,Missouri,Lincoln,29113,64699,48548,8.9,75.8,59.1,7.9,12.4,11.7,9.9,31.7,5.7,39.4,19.1,25.3,17.5,28.1,24.200000000000003,40.9,-0.431639196338105,-0.2734788067194755,some
NC,North Carolina,Wake,37183,1190275,919538,8.0,79.8,70.4,6.2,10.4,9.1,9.0,31.2,4.5,28.9,13.5,23.1,9.5,17.9,20.200000000000003,29.599999999999994,-1.0941318416157686,-1.3822629068434522,fewest barriers
IA,Iowa,Sioux,19167,36246,26374,8.3,75.5,67.3,6.5,11.3,9.7,8.9,30.5,5.1,34.5,15.5,20.8,14.0,23.0,24.5,32.7,-0.7564207681044096,-0.9369905873535801,fewest barriers
OK,Oklahoma,Garvin,40049,25865,19354,12.5,76.2,52.4,10.5,20.7,15.4,11.9,37.4,6.7,38.5,22.2,26.9,19.5,33.1,23.799999999999997,47.6,0.35961743272469454,0.4898464869376024,many
VA,Virginia,Charlotte,51037,11336,8826,12.0,77.7,56.2,12.2,22.7,17.5,14.0,37.4,6.9,42.5,25.6,25.8,19.8,31.0,22.299999999999997,43.8,0.44070955831143405,1.0531966308767788,most barriers
LA,Louisiana,Lafourche,22057,95056,73551,9.6,78.9,54.2,11.2,22.2,16.4,12.7,39.5,6.7,47.2,23.3,30.8,19.4,31.7,21.099999999999994,45.8,0.16766311403510273,1.0775730935950985,many
OH,Ohio,Ross,39141,76501,60465,9.7,75.8,55.0,9.1,16.9,13.4,12.6,36.3,6.7,43.9,21.1,28.8,19.9,29.4,24.200000000000003,45.0,-0.0707107002449013,0.692007487107053,many
NV,Nevada,Storey,32029,4177,3662,9.6,71.3,62.7,7.2,11.6,10.7,8.2,27.5,4.9,31.8,16.5,22.3,12.8,19.6,28.700000000000003,37.3,-0.32636604071152603,-1.2464881883952492,some
OH,Ohio,Monroe,39111,13153,10468,9.4,76.5,55.4,9.2,16.9,13.3,12.0,35.3,6.9,40.4,21.3,28.7,20.7,31.4,23.5,44.6,-0.12494799982444686,0.5030211100436346,many
MI,Michigan,Jackson,26075,159424,126422,7.5,76.1,63.3,8.7,15.5,12.7,10.4,34.4,6.0,39.3,20.1,28.0,15.8,26.2,23.900000000000006,36.7,-0.41053135397816437,-0.0014523372746636121,some
NY,New York,Herkimer,36043,59484,47406,6.3,77.4,61.2,8.0,14.1,12.8,8.8,30.1,5.5,37.0,16.5,21.8,15.1,26.2,22.599999999999994,38.8,-0.5833864502068066,-0.7091639152520314,fewest barriers
NH,New Hampshire,Merrimack,33013,157103,128587,7.1,76.9,68.8,6.1,9.9,9.1,7.4,27.5,4.7,33.2,13.5,24.6,10.9,18.8,23.099999999999994,31.200000000000003,-0.9957638624378898,-1.4410425153510622,fewest barriers
MI,Michigan,Gogebic,26053,14224,11925,7.1,77.7,66.1,9.1,16.4,12.6,10.5,33.4,6.5,37.1,19.7,29.0,17.5,25.3,22.299999999999997,33.900000000000006,-0.5067231484684325,-0.024387698055230268,fewest barriers
VA,Virginia,Roanoke,51770,97171,75344,10.9,76.5,58.9,10.7,19.7,15.8,13.2,36.1,6.2,41.9,22.0,24.1,16.7,28.9,23.5,41.1,0.16651489369312547,0.5660865099576295,many
CT,Connecticut,Western Connecticut,9190,623907,489485,10.0,77.3,72.8,7.1,12.4,11.2,7.4,24.9,4.2,25.6,13.4,19.3,8.7,21.4,22.700000000000003,27.200000000000003,-0.7097446822310939,-2.0097005688174034,fewest barriers
IL,Illinois,Logan,17107,27590,22260,8.8,75.7,59.6,8.3,15.4,13.1,9.9,31.8,5.5,38.9,18.6,23.0,15.7,23.3,24.299999999999997,40.4,-0.2790304774518408,-0.36325928158363896,some
KS,Kansas,Marshall,20117,9933,7549,9.6,73.7,62.6,7.6,13.8,11.8,9.8,31.4,6.0,37.5,18.5,23.1,18.0,26.8,26.299999999999997,37.4,-0.3165346998573377,-0.33042891528737084,some
UT,Utah,Uintah,49047,37747,26247,11.4,69.0,60.8,8.4,15.9,12.0,10.2,30.2,5.7,35.4,19.2,27.2,12.5,21.4,31.0,39.2,0.1482732315360787,-0.4795688311219347,many
MO,Missouri,Jefferson,29099,231230,179619,8.2,76.7,59.3,7.5,11.6,10.9,9.4,31.5,5.5,39.7,18.5,24.7,16.3,26.6,23.299999999999997,40.7,-0.5925594852280592,-0.38963726765017964,fewest barriers
NJ,New Jersey,Sussex,34037,146132,117673,8.9,75.4,69.7,6.1,10.3,9.9,7.6,28.3,4.6,26.5,13.9,19.0,11.1,20.1,24.599999999999994,30.299999999999997,-0.7968536316628348,-1.6891270335377118,fewest barriers
NC,North Carolina,Montgomery,37123,26085,20705,14.5,78.0,58.7,10.8,20.5,16.2,11.8,36.0,6.4,38.9,22.5,25.9,16.9,27.3,22.0,41.3,0.33031981616952977,0.3791702034716669,many
NM,New Mexico,DoÃ±a Ana,35013,225210,174328,20.1,68.7,59.9,12.5,25.6,20.6,13.1,31.4,6.0,37.5,26.0,22.2,13.1,27.8,31.299999999999997,40.1,1.4795833708374333,0.2998190419727436,most barriers
AR,Arkansas,Marion,5089,17514,14236,11.6,74.9,53.5,10.0,18.7,14.2,11.1,35.1,7.0,37.8,24.4,27.7,18.8,31.3,25.099999999999994,46.5,0.22915554526326576,0.46606334925750553,many
IL,Illinois,DeKalb,17037,100288,78892,9.5,75.9,63.0,8.4,15.9,13.5,10.6,31.6,5.5,37.1,18.6,22.9,14.0,23.3,24.099999999999994,37.0,-0.2652639276342072,-0.38818744786101067,some
VA,Virginia,Rappahannock,51157,7414,6250,8.6,76.2,63.1,7.1,12.0,10.1,10.1,31.8,5.6,35.2,17.4,25.3,14.2,22.5,23.799999999999997,36.9,-0.6448983109703637,-0.5363281062520687,fewest barriers
VA,Virginia,Chesterfield,51041,383876,293524,8.6,77.8,70.5,7.3,12.4,11.5,10.8,33.4,4.9,36.1,16.1,21.8,11.4,21.9,22.200000000000003,29.5,-0.7523974238574004,-0.6004917880813487,fewest barriers
MN,Minnesota,Chisago,27025,58535,45564,7.4,72.9,65.9,6.7,10.6,9.4,8.6,28.1,5.0,35.9,14.7,25.0,14.7,21.8,27.099999999999994,34.099999999999994,-0.6754183072236056,-1.0634492058437073,fewest barriers
SC,South Carolina,Spartanburg,45083,356698,273436,13.3,77.6,61.2,9.3,18.8,15.1,12.1,35.5,5.7,37.9,20.2,24.6,14.4,26.8,22.400000000000006,38.8,0.07333475592941772,0.06397164479730186,many
MN,Minnesota,Polk,27119,30412,23008,8.7,71.9,67.0,8.2,13.5,11.0,9.2,27.4,5.5,39.7,17.0,25.7,15.8,24.6,28.099999999999994,33.0,-0.34344152902323755,-0.6460328927009585,some
LA,Louisiana,Bienville,22013,12366,9519,11.5,80.8,44.8,17.3,35.1,25.0,17.5,45.6,8.0,47.6,32.1,28.7,24.5,40.0,19.200000000000003,55.2,1.3551331811151084,2.493552886784828,most barriers
NC,North Carolina,Rockingham,37157,92518,73816,12.5,77.8,57.3,10.3,19.0,15.1,11.3,35.9,6.2,37.1,21.5,26.7,17.6,26.8,22.200000000000003,42.7,0.14066564935246303,0.15750326389203956,many
MA,Massachusetts,Middlesex,25017,1623952,1310019,4.1,78.9,73.1,6.6,9.8,9.4,7.7,25.6,4.3,23.8,13.0,24.1,9.3,17.9,21.099999999999994,26.900000000000006,-1.2772573578964286,-2.025724979450069,fewest barriers
NY,New York,Madison,36053,66921,54640,5.7,78.7,62.7,7.3,12.4,11.6,8.3,29.1,5.1,37.2,15.2,22.3,13.4,21.6,21.299999999999997,37.3,-0.8350939045197757,-0.9442137052944911,fewest barriers
IN,Indiana,Grant,18053,66200,51942,9.7,79.0,56.7,9.3,18.1,13.8,13.0,37.3,6.6,42.2,23.4,28.7,19.1,28.3,21.0,43.3,-0.19250140120443762,0.7738367691737155,some
KS,Kansas,Sherman,20181,5844,4429,10.8,73.4,59.3,7.6,13.6,12.2,10.1,32.4,5.8,39.3,18.2,21.4,16.2,28.9,26.599999999999994,40.7,-0.18042631752411173,-0.24670309422348202,many
GA,Georgia,Bryan,13029,49739,35571,10.7,77.5,64.0,7.0,12.0,11.2,9.8,32.5,4.8,32.8,15.7,20.4,11.8,21.2,22.5,36.0,-0.5729035360740764,-0.9134263366218933,fewest barriers
MO,Missouri,Callaway,29027,44731,35515,9.0,75.8,55.5,8.4,13.6,12.4,10.2,33.3,5.9,37.1,19.5,25.5,17.2,28.0,24.200000000000003,44.5,-0.2853058346066515,-0.21291346683722973,some
AL,Alabama,Cherokee,1019,25666,20877,10.8,76.3,56.7,9.6,18.4,13.2,11.8,37.5,6.6,39.3,23.1,27.1,18.1,28.8,23.700000000000003,43.3,0.0011069050962147404,0.5358538678497651,many
MO,Missouri,Stoddard,29207,28397,22190,11.3,73.8,49.4,10.3,18.0,14.4,11.3,34.4,6.7,37.6,25.0,27.6,22.2,33.2,26.200000000000003,50.6,0.3323552987675002,0.3984923819117331,many
MS,Mississippi,Hancock,28045,46159,37467,10.4,77.6,8.7,9.0,15.8,12.8,10.8,35.9,5.9,37.0,19.6,21.1,16.0,29.0,22.400000000000006,91.3,0.48265719979651184,-0.051165223994009246,most barriers
CA,California,Alpine,6003,1141,955,6.3,70.3,65.4,8.0,12.4,11.6,8.5,27.9,5.1,28.7,17.2,23.5,11.6,18.0,29.700000000000003,34.599999999999994,-0.3875690062874219,-1.2573832858166474,some
WI,Wisconsin,Rusk,55107,14143,11289,9.2,75.3,63.5,8.3,14.9,11.8,10.6,30.6,6.3,40.9,19.8,25.0,18.2,28.5,24.700000000000003,36.5,-0.3585964444654252,-0.011606097709136143,some
NE,Nebraska,Cheyenne,31033,9541,7351,10.2,72.3,61.2,7.5,13.9,10.7,9.9,30.8,5.7,34.8,16.6,18.4,15.6,27.9,27.700000000000003,38.8,-0.2417990215317755,-0.6244830231016131,some
MO,Missouri,Lewis,29111,9818,7755,10.3,75.4,52.5,9.8,16.6,13.9,10.9,33.8,6.4,38.2,22.8,26.9,20.6,31.8,24.599999999999994,47.5,0.06893435772085549,0.19066884443787416,many
NY,New York,Schuyler,36097,17507,14192,6.5,77.6,57.2,8.4,15.0,13.0,9.1,30.2,5.8,31.2,17.3,22.5,15.3,24.1,22.400000000000006,42.8,-0.4694580491403699,-0.8211076767197779,some
AL,Alabama,Pickens,1107,18688,15154,14.0,79.2,50.4,13.8,27.9,20.5,15.2,43.6,7.0,48.0,27.5,23.1,19.0,33.4,20.799999999999997,49.6,0.9093521322240675,1.768610485596889,most barriers
LA,Louisiana,Iberville,22047,29617,23427,10.4,80.4,52.5,13.4,27.1,21.2,14.4,41.0,6.6,42.9,26.0,25.9,19.1,33.2,19.599999999999994,47.5,0.6109549149523571,1.1999189424929262,most barriers
NE,Nebraska,Nemaha,31127,7076,5443,9.5,72.9,60.5,7.5,13.6,10.5,9.9,29.7,5.8,41.8,16.9,19.3,15.8,28.6,27.099999999999994,39.5,-0.3145510463233457,-0.3265616334832928,some
VA,Virginia,Grayson,51077,15285,12745,12.4,75.8,55.6,11.0,20.4,15.2,13.1,36.8,7.2,41.2,24.9,26.6,20.5,31.3,24.200000000000003,44.4,0.34120397404628666,0.9345798564186651,many
AR,Arkansas,Pope,5115,64593,49630,12.5,75.2,53.3,9.9,19.1,14.8,11.4,36.3,6.7,45.3,24.4,25.1,17.1,33.2,24.799999999999997,46.7,0.2937127945886511,0.795624747285108,many
WI,Wisconsin,Wood,55141,73939,58207,8.5,73.9,62.0,7.1,12.8,10.3,9.7,29.4,5.6,39.9,17.1,24.2,15.9,26.1,26.099999999999994,38.0,-0.4914970368133127,-0.48028383103647876,some
WI,Wisconsin,Kewaunee,55061,20690,16410,8.1,75.1,66.9,6.6,11.4,9.8,9.2,28.5,5.4,41.1,16.2,24.3,15.1,26.2,24.900000000000006,33.099999999999994,-0.7291439042078564,-0.5998946577893969,fewest barriers
ID,Idaho,Teton,16081,12549,9883,10.0,72.8,69.3,6.4,10.5,9.3,8.0,27.0,4.8,30.8,14.4,21.0,10.1,18.5,27.200000000000003,30.700000000000003,-0.6051647971160241,-1.4481604928458762,fewest barriers
AR,Arkansas,Hot Spring,5059,33258,26928,11.7,76.0,51.2,10.5,19.9,15.6,11.6,38.5,6.8,36.9,24.4,24.7,18.9,32.8,24.0,48.8,0.3300991287132518,0.5633235453411409,many
IA,Iowa,Poweshiek,19157,18453,14872,7.5,74.6,65.1,7.2,12.8,10.3,9.5,31.0,5.5,42.2,17.3,22.8,16.2,24.7,25.400000000000006,34.900000000000006,-0.6177688241044078,-0.3466333426992401,fewest barriers
IL,Illinois,Clinton,17027,36785,28932,7.9,75.8,63.4,7.2,12.8,11.2,9.3,30.8,5.2,40.0,16.7,22.6,14.1,21.0,24.200000000000003,36.6,-0.5959464590128499,-0.5701346789824923,fewest barriers
NV,Nevada,Humboldt,32013,17136,12652,14.4,70.4,54.9,9.7,17.6,14.9,10.1,29.0,5.7,36.0,21.6,22.1,15.6,26.1,29.599999999999994,45.1,0.5593375924895644,-0.40411866111340855,most barriers
IN,Indiana,Wabash,18169,30670,24213,8.5,77.5,61.1,7.5,14.3,11.1,10.8,33.7,5.9,38.4,19.8,26.2,17.5,24.8,22.5,38.9,-0.5601560179879675,-0.07284430550448094,fewest barriers
GA,Georgia,Clinch,13065,6746,5045,17.2,76.0,45.0,13.9,27.1,20.7,14.8,39.7,7.3,41.7,27.8,22.6,21.5,34.4,24.0,55.0,1.3062889632445596,1.3834335167575014,most barriers
LA,Louisiana,Assumption,22007,20160,16073,10.6,79.7,51.5,12.7,25.9,19.2,13.4,39.4,6.8,38.3,26.1,28.5,20.9,33.4,20.299999999999997,48.5,0.5184511622783421,0.8979693873031526,most barriers
GA,Georgia,Peach,13225,28805,22815,14.4,78.6,55.3,11.4,21.4,18.9,13.4,38.1,5.7,40.4,21.8,20.0,15.2,29.0,21.400000000000006,44.7,0.5095616503896871,0.4687818632736175,most barriers
WV,West Virginia,Doddridge,54017,7680,6589,10.2,77.0,51.5,10.0,18.0,14.3,13.2,39.8,7.1,41.0,25.3,30.5,22.1,32.6,23.0,48.5,0.06479670155818801,1.05311404570844,many
KS,Kansas,Wallace,20199,1509,1087,10.3,74.4,62.8,7.7,13.7,12.1,10.2,31.6,5.9,37.3,18.4,22.3,16.6,27.3,25.599999999999994,37.2,-0.3018020778717218,-0.32470305405261213,some
WI,Wisconsin,Dane,55025,575347,463964,6.7,73.5,70.2,5.7,9.5,8.6,8.1,25.5,4.7,33.4,13.3,24.2,10.4,20.8,26.5,29.799999999999997,-0.9235661197834899,-1.4628055063087988,fewest barriers
WI,Wisconsin,Menominee,55078,4226,2882,10.3,75.7,53.2,15.7,28.9,21.4,15.3,34.4,7.0,45.4,26.1,24.1,23.9,35.8,24.299999999999997,46.8,1.018123462730281,1.2170154306989946,most barriers
WV,West Virginia,Marshall,54051,29405,23911,8.6,77.9,55.5,9.1,16.0,13.1,12.4,38.0,6.7,37.3,23.1,32.0,21.1,30.8,22.099999999999994,44.5,-0.27611389227111405,0.5473473762750164,some
IA,Iowa,Monona,19133,8493,6595,7.7,75.4,62.6,7.7,13.6,10.9,9.9,32.0,5.7,42.7,18.2,22.4,17.2,26.0,24.599999999999994,37.4,-0.5361362756629967,-0.15751081995085284,fewest barriers
MN,Minnesota,Washington,27163,278936,212815,6.1,74.0,74.9,5.8,8.8,7.9,8.7,25.8,4.3,32.1,12.7,23.5,10.9,18.2,26.0,25.099999999999994,-1.0882284627340573,-1.5801352359046414,fewest barriers
AZ,Arizona,Santa Cruz,4023,49158,36812,26.5,70.2,51.0,13.2,27.4,21.5,13.2,31.3,5.9,34.8,26.9,16.6,12.0,30.3,29.799999999999997,49.0,1.9989703045769331,0.20243876041969705,most barriers
MO,Missouri,Platte,29165,111940,86325,7.2,78.7,65.4,6.6,9.7,9.8,8.8,30.9,4.8,36.7,15.1,23.4,12.1,22.1,21.299999999999997,34.599999999999994,-0.9791961393398155,-0.9255601396728765,fewest barriers
GA,Georgia,Johnson,13167,9282,7669,17.9,76.2,45.7,13.8,27.0,20.7,15.3,43.0,7.5,43.5,28.0,20.9,21.9,34.1,23.799999999999997,54.3,1.3150563610034416,1.7025571856957238,most barriers
MO,Missouri,Bollinger,29017,10544,8227,10.5,75.5,50.8,9.7,16.1,13.6,10.8,34.7,6.5,38.9,23.1,27.6,20.9,32.4,24.5,49.2,0.06778171981966671,0.2882373657100873,many
UT,Utah,Sevier,49041,22344,16249,9.9,71.2,64.0,7.2,12.8,10.1,9.1,29.7,5.4,36.6,17.5,28.4,10.6,20.4,28.799999999999997,36.0,-0.3148255760612819,-0.6964688302586703,some
NE,Nebraska,Douglas,31055,589540,441789,10.4,74.9,63.9,7.2,13.3,10.9,9.3,29.4,5.0,36.9,15.5,18.9,13.5,21.9,25.099999999999994,36.1,-0.42396123809914715,-0.8675280829787052,some
IA,Iowa,Webster,19187,36485,28671,8.3,75.8,67.6,7.8,14.1,11.1,10.1,33.1,5.7,42.2,18.0,21.3,17.1,26.6,24.200000000000003,32.400000000000006,-0.5683172499653135,-0.12474379805876594,fewest barriers
MN,Minnesota,Clay,27027,66258,50084,7.3,72.6,68.1,7.6,12.4,10.2,9.3,30.1,5.3,34.1,15.4,25.9,14.6,22.1,27.400000000000006,31.900000000000006,-0.5645082151312253,-0.8906393753020734,fewest barriers
LA,Louisiana,St. Helena,22091,10774,8595,11.0,81.2,49.4,16.3,33.4,24.7,16.2,43.7,7.4,42.9,30.5,27.0,22.4,37.3,18.799999999999997,50.6,1.1263373576907423,1.8731585465544547,most barriers
VA,Virginia,Mathews,51115,8514,7170,8.3,76.9,70.0,7.1,12.0,10.3,10.1,31.5,5.4,35.3,17.3,26.1,14.1,22.8,23.099999999999994,30.0,-0.7864590092406937,-0.5985815922550835,fewest barriers
ND,North Dakota,Nelson,38063,2991,2397,7.6,72.4,63.1,6.3,10.6,9.3,8.6,30.2,5.3,39.8,15.3,21.6,13.9,21.2,27.599999999999994,36.9,-0.627238869350772,-0.7041849571478036,fewest barriers
GA,Georgia,Miller,13201,5747,4410,15.0,77.2,48.4,12.5,23.5,18.7,13.9,38.8,6.7,42.4,24.7,22.9,18.7,32.0,22.799999999999997,51.6,0.8230855723942261,1.0082307902902483,most barriers
MN,Minnesota,Martin,27091,19657,15122,9.0,71.8,64.7,8.3,13.7,11.1,9.7,27.7,5.6,36.6,17.3,25.0,16.4,26.3,28.200000000000003,35.3,-0.2743591835277666,-0.6862212370481948,some
AR,Arkansas,Cleveland,5025,7378,5798,10.8,76.6,47.5,10.2,18.8,15.0,11.6,39.4,6.7,42.2,23.9,26.3,18.2,32.4,23.400000000000006,52.5,0.23471873211584415,0.7848468308188263,many
NC,North Carolina,Person,37145,39737,31541,11.5,78.1,56.1,10.2,18.9,15.2,11.6,36.7,6.1,38.5,20.7,26.2,16.5,26.5,21.900000000000006,43.9,0.08529142447976994,0.21768420500503144,many
NC,North Carolina,Johnston,37101,241955,182582,11.8,78.2,61.1,8.5,15.4,13.0,10.5,32.9,5.4,34.5,18.2,24.6,13.9,23.1,21.799999999999997,38.9,-0.2563708426055616,-0.499097180182417,some
CA,California,San Joaquin,6077,800965,593491,13.0,70.0,58.5,10.9,21.4,17.4,11.7,29.3,5.4,30.6,24.1,19.7,12.7,25.9,30.0,41.5,0.7247168678222758,-0.44731104061779164,most barriers
NE,Nebraska,Banner,31007,674,520,9.6,73.7,68.4,6.5,11.7,9.5,9.0,29.1,5.2,38.1,14.8,18.3,13.0,24.6,26.299999999999997,31.599999999999994,-0.6113570347665666,-0.8361966375269612,fewest barriers
WV,West Virginia,Clay,54015,7783,6050,10.9,77.4,47.9,11.6,21.9,16.2,14.2,40.4,7.7,41.6,28.5,33.8,24.8,36.6,22.599999999999994,52.1,0.40828965059424327,1.485896054354342,most barriers
SC,South Carolina,Barnwell,45011,20447,15569,16.6,79.0,52.4,15.0,32.0,23.3,15.9,40.4,7.1,44.3,27.7,23.5,20.1,34.5,21.0,47.6,1.3204706439714975,1.5693987440657793,most barriers
MI,Michigan,Montmorency,26119,9678,8165,8.0,76.8,63.3,9.4,17.5,13.1,10.5,33.0,6.6,38.3,21.0,29.9,19.2,26.2,23.200000000000003,36.7,-0.3072475886769244,0.09469153757848159,some
KS,Kansas,Jefferson,20087,18327,14419,8.2,75.3,66.9,6.2,10.4,9.9,8.7,29.2,5.2,34.4,15.7,22.1,14.7,23.5,24.700000000000003,33.099999999999994,-0.7804198631935392,-0.9794919348361983,fewest barriers
AK,Alaska,Haines,2100,2070,1718,8.3,66.7,60.5,7.6,11.5,10.1,7.7,30.1,5.2,33.3,15.5,20.5,13.9,18.4,33.3,39.5,-0.14037580757062032,-1.087496046406082,many
ID,Idaho,Adams,16003,4903,4062,10.9,70.8,62.2,8.6,14.7,11.7,9.3,30.0,6.0,33.9,18.6,24.0,14.8,25.1,29.200000000000003,37.8,-0.01991151113778623,-0.585716417235203,many
IN,Indiana,Morgan,18109,73227,57218,8.1,76.6,60.2,7.0,12.8,10.5,10.9,33.8,5.8,37.3,18.6,26.5,16.4,23.1,23.400000000000006,39.8,-0.6178669071437399,-0.18671550465079995,fewest barriers
VA,Virginia,Bedford,51019,81525,65762,7.8,75.7,67.7,6.7,11.2,9.8,10.1,30.4,5.4,36.7,16.7,25.0,13.6,24.4,24.299999999999997,32.3,-0.7857484478609171,-0.610425973122892,fewest barriers
ME,Maine,Franklin,23007,30828,25609,8.8,76.2,59.6,9.2,13.4,13.2,8.8,30.6,6.1,35.2,18.8,30.1,16.6,23.7,23.799999999999997,40.4,-0.30194598032828635,-0.5144010433530282,some
WI,Wisconsin,Pepin,55091,7441,5802,7.7,74.8,64.8,6.4,11.1,9.6,9.0,28.3,5.3,36.4,15.8,24.7,14.6,25.4,25.200000000000003,35.2,-0.7332135940521952,-0.8738946130640688,fewest barriers
NE,Nebraska,Stanton,31167,5856,4443,9.2,72.3,64.0,6.3,11.2,9.2,8.9,28.1,5.2,39.8,14.7,17.7,14.0,25.6,27.700000000000003,36.0,-0.5376636331304353,-0.817090013730191,fewest barriers
CA,California,Contra Costa,6013,1155025,904586,8.1,70.2,66.8,7.9,13.8,12.4,9.6,27.5,4.5,27.8,17.6,19.7,9.3,22.7,29.799999999999997,33.2,-0.24324226187603312,-1.3467106924194725,some
MS,Mississippi,Prentiss,28117,25135,19567,11.4,78.3,9.0,10.8,19.6,14.9,12.3,39.1,6.4,41.3,23.0,22.3,18.5,33.2,21.700000000000003,91.0,0.7881447714377693,0.6800654925832597,most barriers
GA,Georgia,Warren,13301,5106,4068,16.2,78.3,50.1,14.7,28.8,23.6,15.5,42.7,6.6,43.8,26.8,20.3,19.4,34.5,21.700000000000003,49.9,1.2734188194643703,1.443579223615443,most barriers
IL,Illinois,Perry,17145,20503,16597,10.6,75.2,53.8,9.9,18.7,15.1,11.2,34.2,6.3,41.1,21.7,23.1,18.1,25.9,24.799999999999997,46.2,0.18632757461367785,0.28610047524798454,many
VA,Virginia,King and Queen,51097,6720,5583,10.3,77.4,59.0,9.9,18.0,14.7,12.6,36.7,6.2,40.3,21.6,24.5,16.8,27.4,22.599999999999994,41.0,-0.04733094839764985,0.45014149371930073,many
KS,Kansas,Cheyenne,20023,2636,2027,11.9,73.8,58.8,9.0,16.7,13.7,11.1,32.9,6.4,38.5,21.0,22.9,18.6,30.8,26.200000000000003,41.2,0.09066665221679931,0.10277537397759313,many
IL,Illinois,Tazewell,17179,129541,101480,7.2,76.0,64.8,6.9,12.3,10.7,9.1,30.3,5.1,36.2,16.4,24.2,13.8,21.0,24.0,35.2,-0.71383728064951,-0.8128658136006452,fewest barriers
GA,Georgia,Lee,13177,33872,25370,10.8,77.3,61.0,8.0,14.0,12.7,10.7,34.7,5.1,38.6,17.0,20.4,12.9,23.0,22.700000000000003,39.0,-0.3429772118410989,-0.35583332129905576,some
MS,Mississippi,Grenada,28043,21065,15948,12.7,79.2,7.7,14.0,26.6,20.4,14.7,43.3,6.7,46.1,25.9,20.1,19.0,35.4,20.799999999999997,92.3,1.4249559730932189,1.482391153685597,most barriers
WV,West Virginia,Jackson,54035,27593,21715,8.7,78.6,57.9,9.4,16.6,13.2,13.4,39.5,6.8,42.5,23.9,32.4,20.1,32.2,21.400000000000006,42.1,-0.3018747058511323,0.9862692054212516,some
OH,Ohio,Highland,39071,43614,33239,9.4,75.7,55.6,8.8,16.1,12.9,11.8,34.7,6.6,41.1,21.3,28.7,20.0,30.9,24.299999999999997,44.4,-0.14929082344031258,0.4164406216533352,many
IL,Illinois,Kankakee,17091,105940,82054,10.3,76.3,58.9,9.4,18.3,15.2,11.3,34.2,5.7,40.2,20.3,22.0,15.2,24.2,23.700000000000003,41.1,0.006891853779032596,0.043788439514244444,many
MS,Mississippi,Clarke,28023,15228,11869,12.3,79.7,8.3,13.5,25.3,19.4,14.0,42.7,6.7,38.9,25.7,21.6,19.8,33.5,20.299999999999997,91.7,1.2666076681427858,1.0721395186917746,most barriers
OH,Ohio,Butler,39017,393043,302288,8.3,79.2,61.1,7.8,14.1,11.9,11.3,33.2,5.8,39.6,18.4,26.1,15.2,27.5,20.799999999999997,38.9,-0.6111328289961111,-0.08497426871335192,fewest barriers
OK,Oklahoma,Pushmataha,40127,10800,8446,13.0,75.9,47.4,13.6,26.1,18.5,13.7,39.5,7.9,39.1,26.3,28.9,24.4,37.2,24.099999999999994,52.6,0.9224793748177103,1.2453905817338224,most barriers
GA,Georgia,Toombs,13279,27040,19850,17.1,76.8,54.2,12.3,23.6,18.9,13.6,37.9,6.5,40.9,25.0,21.4,17.9,32.0,23.200000000000003,45.8,0.8701425144370756,0.8425852487234753,most barriers
NY,New York,Delaware,36025,44410,37417,7.1,77.8,60.9,8.6,15.8,13.4,9.2,31.8,5.8,33.4,17.2,22.3,15.4,26.3,22.200000000000003,39.1,-0.45127915746845204,-0.6539885247961212,some
IL,Illinois,Jefferson,17081,36320,28241,8.8,75.4,58.8,8.8,16.4,13.6,10.6,33.3,5.9,39.8,19.7,23.7,16.5,23.8,24.599999999999994,41.2,-0.17671141052257555,-0.05064900740816079,many
MO,Missouri,Scott,29201,37889,28776,10.2,76.9,55.6,10.2,18.0,15.7,11.1,35.1,6.2,38.2,22.3,25.7,19.6,34.7,23.099999999999994,44.4,0.07739201465611639,0.1904862118899757,many
NE,Nebraska,Holt,31089,10093,7493,9.9,72.7,62.4,7.1,12.8,9.9,9.6,29.0,5.6,38.7,16.1,17.6,15.0,27.1,27.299999999999997,37.6,-0.37938316432546126,-0.6032765572022027,some
GA,Georgia,Mitchell,13205,21114,16263,16.5,77.9,47.1,14.4,28.0,22.3,15.6,42.8,6.8,45.1,26.8,20.8,19.6,33.5,22.099999999999994,52.9,1.261822810746125,1.5629331017057164,most barriers
WV,West Virginia,Putnam,54079,56962,44875,7.3,79.7,61.4,7.5,12.6,10.9,11.3,37.7,5.8,37.8,19.7,31.6,16.5,26.9,20.299999999999997,38.6,-0.7908886114269332,0.08283200065849554,fewest barriers
NC,North Carolina,Hertford,37091,19453,15694,13.9,80.5,51.1,14.8,28.7,22.5,15.2,42.2,6.8,43.3,26.1,23.9,18.8,31.6,19.5,48.9,0.988490362565976,1.3923731158887716,most barriers
NM,New Mexico,Lea,35025,72101,51363,21.8,65.2,54.0,13.1,26.4,21.4,12.1,32.7,6.3,37.3,26.3,21.5,15.1,30.2,34.8,46.0,1.9151018659277508,0.34471112732451575,most barriers
NJ,New Jersey,Passaic,34031,513395,392936,18.9,73.2,57.2,10.3,23.1,18.9,11.2,29.7,5.3,31.1,21.7,15.8,12.5,30.5,26.799999999999997,42.8,0.9697766323135842,-0.5860505859937154,most barriers
OK,Oklahoma,Le Flore,40079,49596,37373,13.1,76.5,48.1,12.2,23.6,17.2,13.0,38.4,7.5,40.4,25.1,26.7,22.4,36.6,23.5,51.9,0.6873287894080011,1.040976349162137,most barriers
MD,Maryland,Talbot,24041,37823,30897,8.4,77.7,67.9,7.2,13.1,12.3,9.2,31.5,5.0,30.8,16.2,22.8,11.8,21.5,22.299999999999997,32.099999999999994,-0.6761722462773955,-1.0234251993858965,fewest barriers
SC,South Carolina,Lexington,45063,309528,238788,11.1,80.2,64.3,7.8,15.3,12.5,10.5,33.2,5.1,35.9,17.8,25.1,13.0,24.9,19.799999999999997,35.7,-0.5010818305011443,-0.5178999942287407,some
OH,Ohio,Perry,39127,35551,27260,9.2,76.6,57.0,8.5,15.5,12.2,11.6,35.2,6.6,38.1,20.4,28.2,19.4,30.5,23.400000000000006,43.0,-0.28562497311364826,0.24809776440857756,some
ND,North Dakota,Stutsman,38093,21392,17062,8.3,70.9,62.3,7.2,12.2,10.2,9.0,29.3,5.7,40.3,17.3,21.5,16.1,23.5,29.099999999999994,37.7,-0.3732323201007263,-0.4951609935781465,some
MS,Mississippi,Lowndes,28087,57283,43676,11.2,80.5,9.2,12.3,22.8,17.9,13.6,41.9,6.0,37.9,22.8,19.5,16.5,32.3,19.5,90.8,0.9587647817746002,0.6554029555976995,most barriers
MD,Maryland,Howard,24027,336001,256944,6.0,79.3,71.7,5.6,9.7,9.2,9.1,31.3,4.1,29.6,11.8,18.2,7.3,15.8,20.700000000000003,28.299999999999997,-1.2447094928428002,-1.5145050898744954,fewest barriers
ID,Idaho,Payette,16075,27279,20474,14.2,70.5,60.5,9.2,16.7,13.4,9.6,30.4,5.9,31.5,19.9,23.5,14.6,25.4,29.5,39.5,0.35094777357273926,-0.6134034640787112,many
OH,Ohio,Jefferson,39081,64026,51564,8.5,77.3,61.1,8.6,15.5,12.5,12.0,35.9,6.5,43.1,20.5,29.4,18.6,29.5,22.700000000000003,38.9,-0.3985420010091241,0.5106437162185161,some
NY,New York,Westchester,36119,990817,782936,8.0,78.4,68.0,7.1,13.1,12.8,8.8,25.7,4.4,25.9,13.9,16.2,9.3,21.0,21.599999999999994,32.0,-0.7195861189977314,-1.7671490221300388,fewest barriers
MT,Montana,Sanders,30089,13684,11386,11.7,65.5,59.4,9.6,15.7,12.0,9.0,29.1,6.2,34.8,20.4,26.0,17.5,23.1,34.5,40.6,0.4211085197715552,-0.4798171720091392,most barriers
MT,Montana,Fallon,30025,2994,2225,9.5,67.1,63.6,7.6,11.8,9.8,8.3,27.9,5.3,31.4,17.4,25.1,14.7,22.0,32.900000000000006,36.4,-0.1442785174445572,-1.0986465993960484,many
IL,Illinois,Saline,17165,22873,18163,8.8,75.5,56.5,8.9,16.6,13.4,10.6,32.9,6.0,40.1,20.3,24.8,17.1,24.4,24.5,43.5,-0.1451750155410144,-0.002402939475362481,many
KS,Kansas,Riley,20161,71402,59912,9.3,74.9,58.5,8.0,13.8,12.7,10.4,30.8,5.9,30.9,17.8,21.9,15.0,25.3,25.099999999999994,41.5,-0.2741839936483997,-0.6467363399897889,some
RI,Rhode Island,Washington,44009,129982,110479,5.3,83.2,76.7,5.8,9.3,8.7,7.1,27.8,4.7,28.0,12.2,23.4,10.4,16.8,16.799999999999997,23.299999999999997,-1.5645139697303752,-1.740628934017764,fewest barriers
LA,Louisiana,Red River,22081,7356,5645,11.7,80.3,48.9,16.1,33.2,24.2,16.1,43.9,7.6,43.9,30.6,27.8,23.7,38.0,19.700000000000003,51.1,1.178328089552146,1.9703931505915075,most barriers
GA,Georgia,Worth,13321,20273,15854,14.9,76.7,53.9,12.1,23.2,18.5,13.6,38.6,6.5,38.8,24.7,22.9,19.3,32.0,23.299999999999997,46.1,0.7241320524945382,0.7666194544837431,most barriers
NE,Nebraska,Washington,31177,21152,16193,7.4,74.3,69.6,5.6,9.5,7.8,8.5,28.8,4.8,40.8,13.0,18.7,12.3,21.7,25.700000000000003,30.400000000000006,-0.9542842186663854,-0.955471418116236,fewest barriers
CA,California,Mono,6051,13066,10809,8.6,70.2,65.1,8.1,13.9,12.7,8.9,27.8,5.2,30.9,18.8,23.4,11.6,20.8,29.799999999999997,34.900000000000006,-0.1661278609619985,-1.033206937080992,many
IN,Indiana,Carroll,18015,20525,16103,9.2,77.7,61.3,7.5,14.2,11.3,10.9,34.3,6.0,41.4,20.2,26.5,17.8,25.6,22.299999999999997,38.7,-0.5305538449065802,0.1347995823141392,fewest barriers
UT,Utah,Carbon,49007,20609,15429,12.1,71.0,59.9,8.9,17.1,13.0,10.8,29.6,6.0,35.1,19.4,29.6,12.3,21.1,29.0,40.1,0.20106335266135822,-0.38117183490562434,many
AK,Alaska,Yukon-Koyukuk,2290,5129,3732,13.8,66.7,42.3,18.4,30.6,22.7,13.9,37.1,8.0,36.6,28.9,20.6,27.5,28.3,33.3,57.7,2.058465573083368,1.1958506657147172,most barriers
MS,Mississippi,DeSoto,28033,193247,145706,10.0,80.3,11.9,9.3,17.2,14.5,11.4,38.2,5.2,36.9,19.0,19.9,13.8,27.5,19.700000000000003,88.1,0.40490534208262813,-0.10706291385326505,most barriers
IL,Illinois,Fayette,17051,21164,16988,10.1,74.9,60.5,9.4,17.9,14.4,11.0,34.0,6.3,40.1,21.2,23.0,17.8,25.6,25.099999999999994,39.5,-3.663288031160311e-05,0.1938669608304696,many
IA,Iowa,Ida,19093,6833,5151,7.8,74.0,67.8,7.4,13.0,10.5,9.6,30.7,5.6,41.4,17.6,21.7,16.7,25.7,26.0,32.2,-0.5860491579106547,-0.34689184998582545,fewest barriers
NM,New Mexico,Socorro,35053,15963,12594,18.9,65.7,50.9,14.1,27.5,21.4,13.2,32.1,6.7,37.5,27.6,22.7,16.8,29.9,34.3,49.1,1.8691378507624876,0.5835786360879065,most barriers
MN,Minnesota,Carlton,27017,36825,28845,8.3,70.4,64.3,8.2,12.3,10.4,9.7,29.0,5.4,38.5,16.7,27.5,16.2,24.3,29.599999999999994,35.7,-0.3084399018275765,-0.6256973088968099,some
GA,Georgia,Baldwin,13009,43396,35399,14.4,78.3,52.9,12.6,23.7,19.8,14.5,39.6,6.5,40.9,23.9,20.5,17.6,30.1,21.700000000000003,47.1,0.7268529834086862,0.9436117741536073,most barriers
IL,Illinois,Lawrence,17101,14813,12103,10.9,75.0,53.8,9.9,18.9,15.3,11.2,34.8,6.2,41.0,21.9,22.5,17.9,26.0,25.0,46.2,0.2254259472184819,0.2909904558737857,many
NJ,New Jersey,Atlantic,34001,275213,218623,12.6,77.4,62.1,9.3,17.4,15.0,10.3,31.0,5.2,30.9,18.4,17.1,13.2,26.7,22.599999999999994,37.9,-0.009145057034594048,-0.79377161672464,many
MI,Michigan,Houghton,26061,37599,30241,6.5,77.4,68.9,7.9,13.9,11.1,9.8,31.5,6.0,36.9,17.5,27.0,15.7,22.4,22.599999999999994,31.099999999999994,-0.7610815196473215,-0.39752025119291445,fewest barriers
VA,Virginia,Hopewell,51670,22752,16949,13.8,78.7,51.9,15.2,29.4,22.9,16.1,41.1,7.1,45.9,28.3,24.4,20.5,34.9,21.299999999999997,48.1,1.1184386024570374,1.7131880881802117,most barriers
OH,Ohio,Van Wert,39161,28704,22097,8.5,76.6,62.3,7.4,13.0,11.1,10.6,33.3,5.9,37.4,18.4,27.1,17.0,27.6,23.400000000000006,37.7,-0.5744374446627672,-0.21399314659383487,fewest barriers
MO,Missouri,Stone,29209,32658,27152,9.4,75.8,57.3,8.8,14.2,12.6,10.3,33.5,6.1,41.1,20.8,26.5,18.3,29.2,24.200000000000003,42.7,-0.24230038619403146,0.08704983941943346,some
KS,Kansas,Sumner,20191,22334,16986,9.4,75.5,59.2,7.6,13.5,11.8,9.9,31.8,5.8,39.8,18.0,22.5,17.2,25.7,24.5,40.8,-0.3752155516420745,-0.2766390045731879,some
IN,Indiana,Bartholomew,18005,84003,63788,8.6,79.1,63.5,7.2,13.6,10.4,11.0,34.0,5.6,38.9,19.0,25.4,15.1,23.3,20.900000000000006,36.5,-0.7320801877331661,-0.13125007081628365,fewest barriers
GA,Georgia,Stephens,13257,27228,21289,14.3,75.3,55.9,10.2,18.7,15.2,12.1,35.7,6.3,38.8,22.4,23.4,18.6,29.2,24.700000000000003,44.1,0.3694173788956377,0.35954456776614413,most barriers
LA,Louisiana,Orleans,22071,364136,293146,8.4,80.4,58.9,12.7,24.9,19.8,14.4,39.0,6.1,34.2,22.0,27.4,15.2,26.1,19.599999999999994,41.1,0.2570156469962939,0.4324838357475224,many
MS,Mississippi,Washington,28151,41946,31186,15.0,81.6,7.4,19.5,37.3,28.1,17.6,49.4,7.3,44.2,31.2,17.7,21.2,39.4,18.400000000000006,92.6,2.3481600030583407,2.2984310793325715,most barriers
MI,Michigan,Chippewa,26033,36264,29773,7.7,77.9,62.7,10.6,19.0,14.8,11.2,35.6,6.5,36.4,20.8,27.4,18.6,25.8,22.099999999999994,37.3,-0.1911972683760246,0.14841658195361823,some
MI,Michigan,Ogemaw,26129,20990,17270,8.1,76.5,62.8,9.4,17.6,13.3,10.7,33.7,6.6,39.2,21.1,30.1,19.0,26.7,23.5,37.2,-0.2694220286689488,0.18539189306410628,some
MS,Mississippi,Montgomery,28097,9600,7441,13.5,80.3,6.4,15.1,28.8,21.7,15.3,44.3,7.2,43.8,27.7,20.0,20.3,37.7,19.700000000000003,93.6,1.6071807628257844,1.6819799910732123,most barriers
IN,Indiana,Jennings,18079,27622,21266,9.4,77.7,56.7,8.3,15.7,12.3,11.9,36.1,6.3,40.8,21.8,27.9,19.7,26.8,22.299999999999997,43.3,-0.3271171691244315,0.4187662138623963,some
MO,Missouri,Howell,29091,40735,30898,11.3,75.5,50.6,11.1,19.4,15.4,12.0,35.1,7.0,36.8,25.8,28.1,22.1,32.6,24.5,49.4,0.35552969451351046,0.5652105280051416,many
MO,Missouri,Lawrence,29109,38872,28920,12.1,75.5,57.1,10.5,18.1,15.0,11.5,34.5,6.8,40.1,24.1,26.7,20.8,33.9,24.5,42.9,0.21863382540966717,0.5137042613913719,many
VA,Virginia,Campbell,51031,55270,44734,9.1,77.3,62.2,8.5,14.8,12.4,11.3,33.5,5.8,35.6,19.1,24.4,15.8,25.2,22.700000000000003,37.8,-0.4113052688741507,-0.215472921578028,some
MS,Mississippi,Panola,28107,32669,24732,13.7,80.5,7.1,15.7,30.3,23.0,15.6,44.5,7.1,46.4,28.2,20.8,20.8,38.4,19.5,92.9,1.7248316568657127,1.8280989603332134,most barriers
MN,Minnesota,Rock,27133,9551,7310,8.5,72.4,63.7,7.8,12.6,10.3,9.2,27.9,5.4,37.0,16.4,25.5,16.0,24.5,27.599999999999994,36.3,-0.4066949154126593,-0.7948489744583669,some
VA,Virginia,Cumberland,51049,9878,7919,9.8,77.1,63.1,9.5,17.2,14.5,12.1,35.6,5.9,39.4,20.7,24.5,15.9,26.3,22.900000000000006,36.9,-0.17098757682558663,0.2057397795199817,many
WI,Wisconsin,Crawford,55023,15944,12868,8.9,73.8,61.0,7.8,14.2,11.4,10.1,30.4,6.0,37.6,18.7,25.2,17.2,27.5,26.200000000000003,39.0,-0.328792894132444,-0.33221364339341647,some
MI,Michigan,Ionia,26067,66262,52509,7.9,77.1,67.2,8.4,15.3,12.3,9.9,33.4,5.9,40.1,18.5,27.1,16.4,24.3,22.900000000000006,32.8,-0.533062901619648,-0.14945120454414068,fewest barriers
OK,Oklahoma,Delaware,40041,41703,33484,11.6,76.1,50.3,12.6,23.5,17.4,12.5,38.6,7.1,38.0,24.1,27.5,21.6,33.4,23.900000000000006,49.7,0.6241246968052402,0.7560487146687868,most barriers
VA,Virginia,Russell,51167,25477,20555,10.7,75.1,56.6,9.4,17.3,12.8,11.8,35.1,6.7,39.3,22.9,28.3,19.5,28.8,24.900000000000006,43.4,-0.0010998382106264064,0.4514950207074649,many
NY,New York,Allegany,36003,46651,37430,6.4,78.1,61.8,8.5,15.0,13.3,9.5,32.0,5.8,36.1,17.6,22.3,15.4,24.8,21.900000000000006,38.2,-0.5477989052286346,-0.4832168517527304,fewest barriers
MA,Massachusetts,Suffolk,25025,768425,646638,6.5,79.6,62.1,10.2,17.2,15.6,10.1,29.4,5.2,25.2,17.9,22.5,11.6,24.7,20.400000000000006,37.9,-0.3712963388172887,-1.1495405292435286,some
LA,Louisiana,East Baton Rouge,22033,448467,347496,7.8,81.5,59.4,11.5,21.9,17.9,13.6,40.3,5.9,36.6,21.6,25.9,15.0,24.9,18.5,40.6,-0.0626095442894853,0.4530177173934673,many
IL,Illinois,Macon,17115,100591,77904,8.4,76.5,58.3,9.3,17.8,14.8,10.8,33.7,5.6,42.6,19.7,22.9,15.7,24.4,23.5,41.7,-0.1305376914960328,0.0315584782404329,many
NE,Nebraska,Cass,31025,27446,21215,8.1,75.0,65.4,5.9,10.1,8.5,8.6,29.2,5.0,39.6,13.4,19.1,13.0,23.8,25.0,34.599999999999994,-0.8299693013894061,-0.9146755929619138,fewest barriers
NC,North Carolina,Scotland,37165,34376,26528,14.6,79.0,50.5,15.7,29.4,22.4,15.2,42.6,7.5,45.5,28.2,25.0,22.0,32.7,21.0,49.5,1.1758576326915944,1.7733149434480624,most barriers
MO,Missouri,Moniteau,29135,15256,11398,10.7,75.1,56.1,8.7,14.5,12.8,10.2,32.5,5.9,39.1,20.9,25.6,18.2,29.5,24.900000000000006,43.9,-0.11129754122172401,-0.09589841095007137,many
VA,Virginia,Floyd,51063,15679,12779,8.6,75.7,66.8,7.2,12.0,10.2,9.9,31.2,5.7,32.5,17.6,25.7,15.5,23.9,24.299999999999997,33.2,-0.6636126093784195,-0.6630931431604299,fewest barriers
SC,South Carolina,Orangeburg,45075,82820,65211,15.3,81.8,54.2,14.5,31.3,23.3,15.7,42.4,6.4,43.1,26.1,22.6,17.5,32.5,18.200000000000003,45.8,1.0393900988233442,1.3370714186976573,most barriers
ME,Maine,Waldo,23027,40620,33502,8.7,78.2,63.1,8.7,11.8,11.8,8.6,28.6,5.7,34.1,18.2,30.4,15.9,21.6,21.799999999999997,36.9,-0.5836580112273394,-0.7897962528324234,fewest barriers
NC,North Carolina,Guilford,37081,549866,430053,10.6,79.7,60.7,9.6,17.5,15.1,11.2,35.1,5.5,38.6,18.3,24.5,13.5,23.5,20.299999999999997,39.3,-0.18449515076717585,-0.1370898556554625,some
GA,Georgia,Hall,13139,217267,166389,18.6,75.2,55.0,9.4,18.4,15.4,11.8,33.5,5.7,32.5,20.9,20.6,14.2,27.6,24.799999999999997,45.0,0.5688739244322389,-0.2501539174140428,most barriers
KS,Kansas,Stevens,20189,5077,3621,19.9,73.7,56.1,11.0,22.7,18.6,12.8,33.5,6.7,41.7,25.7,20.8,18.6,35.5,26.299999999999997,43.9,1.0322351582705365,0.7042306011438907,most barriers
AR,Arkansas,St. Francis,5123,22101,17444,15.4,78.8,39.8,16.6,33.1,25.2,16.6,46.6,7.9,47.9,31.8,22.2,21.9,41.2,21.200000000000003,60.2,1.6450223050345532,2.4303703476050074,most barriers
KS,Kansas,Doniphan,20043,7493,5905,8.8,74.6,60.0,7.0,12.1,11.1,9.4,31.3,5.6,38.0,17.0,22.4,16.0,25.7,25.400000000000006,40.0,-0.4749587614770552,-0.5149958543844213,some
ND,North Dakota,Emmons,38029,3224,2561,8.2,72.5,65.0,7.1,12.4,10.1,9.2,30.5,5.8,38.8,17.7,21.6,16.0,23.0,27.5,35.0,-0.500328460121858,-0.45002103212928135,some
IN,Indiana,Fountain,18045,16731,13018,9.0,77.1,61.0,8.0,15.1,11.7,11.2,34.8,6.2,42.4,21.2,27.5,18.9,26.4,22.900000000000006,39.0,-0.43792238159736313,0.32053550908111206,some
NM,New Mexico,Chaves,35005,63561,47930,20.7,67.5,55.4,13.2,26.3,21.1,12.9,34.3,6.5,40.3,27.2,24.2,15.5,30.4,32.5,44.6,1.7146463138814978,0.703388795777275,most barriers
AL,Alabama,Clay,1027,14111,11157,11.7,77.4,50.0,11.0,21.6,15.4,12.9,40.6,6.8,42.4,24.8,26.0,18.7,30.5,22.599999999999994,50.0,0.34618965419775544,1.0241056615147077,many
NC,North Carolina,McDowell,37111,44893,36301,11.8,77.0,52.8,8.8,16.0,12.4,10.3,33.6,6.2,35.0,19.9,27.4,17.3,24.6,23.0,47.2,-0.06783166539011677,-0.19077230113835103,many
AR,Arkansas,Crittenden,5035,47139,34414,12.7,80.2,46.2,14.8,29.6,23.7,14.8,44.7,6.9,46.8,29.2,24.4,18.8,38.0,19.799999999999997,53.8,1.0813477794300048,1.7785596462217594,most barriers
NC,North Carolina,Warren,37185,18836,15503,13.7,79.9,50.1,14.7,28.3,21.6,14.8,41.5,7.0,44.3,26.2,24.0,19.5,31.0,20.099999999999994,49.9,0.9697273509891491,1.4254952830295757,most barriers
NY,New York,Jefferson,36045,114787,87280,7.1,79.2,57.7,8.4,14.8,13.5,9.7,30.3,5.6,38.8,17.0,20.6,14.8,25.5,20.799999999999997,42.3,-0.5093861825428802,-0.4952463272941313,fewest barriers
NY,New York,St. Lawrence,36089,106940,85802,6.9,79.5,57.3,9.1,15.8,13.8,10.2,33.2,6.0,42.9,18.5,24.5,16.4,27.4,20.5,42.7,-0.4491503916275885,0.015759804865687975,some
WI,Wisconsin,Waukesha,55133,412591,327018,6.1,76.4,72.3,5.1,8.2,7.5,8.2,28.0,4.6,33.1,12.7,21.4,10.4,19.6,23.599999999999994,27.700000000000003,-1.2419674503362497,-1.41457616590062,fewest barriers
ID,Idaho,Clark,16033,801,612,20.0,71.1,57.1,11.2,21.9,17.2,11.5,31.0,6.3,36.7,23.8,21.7,14.3,29.0,28.900000000000006,42.9,1.0861682981987093,0.0817776316997488,most barriers
MS,Mississippi,Humphreys,28053,7216,5419,16.8,82.5,5.0,23.0,43.6,32.1,20.6,52.4,8.3,53.0,36.0,19.5,24.1,46.2,17.5,95.0,2.966943324200287,3.537600435231366,most barriers
VA,Virginia,Hanover,51085,114148,89709,7.1,76.4,69.5,5.9,9.6,8.8,9.3,29.8,4.8,32.7,14.4,22.9,11.9,20.1,23.599999999999994,30.5,-1.0128009495499597,-1.1333160470878931,fewest barriers
OH,Ohio,Brown,39015,43777,33846,9.1,77.7,57.7,8.7,16.4,12.7,11.6,36.3,6.7,41.2,21.0,28.7,20.0,32.3,22.299999999999997,42.3,-0.2992885699757803,0.48113056898949563,some
MO,Missouri,St. Louis,29510,281754,230905,9.1,80.3,56.5,11.6,19.7,18.2,12.7,36.6,5.8,37.0,22.1,23.9,16.6,26.9,19.700000000000003,43.5,0.0646141544823619,0.2341555559607996,many
MI,Michigan,Cass,26027,51642,41306,7.8,77.0,67.0,8.7,15.7,12.5,10.0,32.3,6.0,36.1,19.1,28.6,16.8,24.9,23.0,33.0,-0.49432835896854826,-0.30922273028527514,some
NE,Nebraska,Madison,31119,35627,26650,11.1,72.9,61.1,7.4,14.3,10.7,10.2,31.4,5.4,40.4,16.4,16.8,14.9,26.8,27.099999999999994,38.9,-0.2169426794443786,-0.41189326755613836,some
WI,Wisconsin,Dunn,55033,45794,37053,7.7,74.5,65.3,7.0,11.8,10.0,9.3,29.0,5.5,40.7,16.6,25.3,15.2,26.9,25.5,34.7,-0.6558319642394383,-0.5448084436539025,fewest barriers
NE,Nebraska,Nuckolls,31129,4095,3260,9.0,73.4,65.2,6.5,11.8,9.3,9.0,30.6,5.3,42.4,15.3,18.8,14.5,24.9,26.599999999999994,34.8,-0.5876842841297057,-0.538610496084963,fewest barriers
WI,Wisconsin,Trempealeau,55121,30899,22713,9.6,74.5,65.0,7.4,13.4,11.0,9.8,29.6,5.7,41.1,17.3,24.5,16.0,27.4,25.5,35.0,-0.4442740896621607,-0.37690236010991107,some
NC,North Carolina,Transylvania,37175,33549,28383,8.6,78.1,67.9,6.9,11.4,9.7,8.9,32.0,5.4,34.4,15.9,27.0,13.1,19.7,21.900000000000006,32.099999999999994,-0.8510239618933872,-0.7863476610995018,fewest barriers
AL,Alabama,Limestone,1083,114654,89453,9.6,78.0,60.2,8.2,15.4,12.1,10.9,37.3,5.6,39.0,19.3,24.2,14.0,24.5,22.0,39.8,-0.40332486048385824,0.01547603662903838,some
IN,Indiana,Union,18161,6973,5517,7.6,77.6,58.9,6.7,12.0,10.0,10.1,32.7,5.5,37.4,17.9,27.0,16.2,22.5,22.400000000000006,41.1,-0.7339803738991827,-0.4050190148589771,fewest barriers
WI,Wisconsin,Jackson,55053,20855,16438,9.6,74.3,61.3,8.5,15.5,12.4,10.6,32.1,6.2,40.2,19.8,24.8,18.1,29.5,25.700000000000003,38.7,-0.2049752680501166,-0.004365080031411994,some
WV,West Virginia,Greenbrier,54025,32149,25961,9.8,78.0,52.3,10.2,18.7,14.5,12.9,38.5,7.0,40.2,24.8,31.6,21.4,32.4,22.0,47.7,0.021453499979072806,0.8900621871066067,many
OK,Oklahoma,Caddo,40015,26214,20174,15.8,75.8,47.2,12.8,25.2,18.6,13.9,39.9,7.4,40.3,25.5,24.4,21.8,36.9,24.200000000000003,52.8,1.0118166985413604,1.1721146825580206,most barriers
WI,Wisconsin,Manitowoc,55071,81331,65081,8.7,74.5,66.6,7.0,12.6,10.3,9.2,29.9,5.4,38.9,16.8,23.1,15.3,28.1,25.5,33.400000000000006,-0.5876869269977522,-0.6104470080420542,fewest barriers
GA,Georgia,Polk,13233,44223,33130,17.1,74.9,54.1,10.9,20.5,16.6,12.5,36.0,6.4,40.3,23.7,22.9,18.0,30.6,25.099999999999994,45.9,0.7086619165141897,0.556337476228161,most barriers
IL,Illinois,Cass,17017,12596,9542,13.3,75.1,57.7,9.6,19.2,15.6,11.2,32.7,5.9,40.7,21.7,22.4,15.9,26.6,24.900000000000006,42.3,0.2946284424521097,0.10687122049877687,many
NV,Nevada,Mineral,32021,4528,3656,15.0,70.6,52.3,14.6,26.4,20.0,12.8,34.6,7.3,38.4,28.2,24.4,22.2,31.6,29.400000000000006,47.7,1.3447022261492574,0.8675799193997962,most barriers
MN,Minnesota,Traverse,27155,3136,2467,9.2,71.3,65.5,8.6,14.0,11.5,9.7,29.4,5.7,39.3,17.5,25.4,16.8,25.2,28.700000000000003,34.5,-0.20922777512244017,-0.4636419252640799,some
MT,Montana,McCone,30055,1676,1334,9.1,67.6,64.1,7.0,10.5,9.2,7.7,28.7,5.0,32.9,16.1,24.6,13.7,20.0,32.400000000000006,35.900000000000006,-0.29135766039746375,-1.1859134044848987,some
MO,Missouri,Harrison,29081,8220,6218,10.5,75.6,54.1,10.0,16.8,14.0,11.3,34.2,6.6,39.7,23.0,26.9,20.7,32.3,24.400000000000006,45.9,0.0678150695863353,0.3668444731490934,many
AR,Arkansas,Faulkner,5045,129951,100739,9.3,77.5,59.3,8.6,15.3,13.0,10.9,36.0,5.9,41.1,19.9,26.3,14.6,27.1,22.5,40.7,-0.3259187515488716,0.1543191798194065,some
MN,Minnesota,Crow Wing,27035,68304,54545,7.5,71.9,64.4,7.2,11.2,9.4,8.7,28.7,5.4,37.4,15.0,24.8,15.4,22.3,28.099999999999994,35.599999999999994,-0.55379675948985,-0.8513884370882383,fewest barriers
MS,Mississippi,Jefferson,28063,6941,5423,15.6,82.9,6.2,20.8,40.4,30.3,19.8,52.2,7.6,51.7,33.2,17.3,22.1,43.3,17.099999999999994,93.8,2.579984017598464,3.1019002266234876,most barriers
AK,Alaska,Copper River,2066,2674,1994,10.0,66.1,57.7,9.7,15.0,12.3,8.9,32.2,6.0,33.1,18.9,21.1,17.9,21.7,33.900000000000006,42.3,0.32400447359505286,-0.5507261360703746,many
NY,New York,Monroe,36055,748482,597520,6.3,77.8,69.4,8.1,14.0,13.2,9.6,30.1,5.1,31.8,15.8,22.6,12.1,24.5,22.200000000000003,30.599999999999994,-0.7019469062375338,-0.9960186858298515,fewest barriers
AR,Arkansas,Crawford,5033,61891,47058,12.1,76.1,54.2,9.7,18.7,14.5,10.9,37.4,6.6,38.7,23.7,27.1,17.1,29.9,23.900000000000006,45.8,0.18088022405529866,0.452862265191521,many
CA,California,Sutter,6101,97948,73657,12.2,69.7,54.5,11.0,21.5,17.0,11.4,30.5,5.8,29.7,24.6,22.0,14.1,26.9,30.299999999999997,45.5,0.7472290903479277,-0.341355778274042,most barriers
NC,North Carolina,Yancey,37199,18938,15582,11.1,76.7,63.6,8.3,14.9,11.6,10.0,32.9,6.1,35.6,19.3,28.3,16.6,24.0,23.299999999999997,36.4,-0.33576315825196756,-0.2721973268147593,some
UT,Utah,Iron,49021,64211,47127,10.1,71.7,66.8,7.9,14.1,11.3,9.7,28.4,5.6,36.9,17.9,27.2,10.8,18.9,28.299999999999997,33.2,-0.24562317621301544,-0.6168741683493801,some
MN,Minnesota,Becker,27005,35283,27215,8.0,73.5,66.4,8.2,13.3,10.5,8.9,30.7,5.5,37.3,16.7,25.8,16.0,22.7,26.5,33.599999999999994,-0.47587366075516374,-0.6531672207331999,some
AZ,Arizona,Mohave,4015,223682,187847,14.3,67.7,52.0,9.9,18.4,14.5,9.7,31.0,5.9,33.3,20.3,21.5,17.1,26.6,32.3,48.0,0.7464152556522038,-0.48292707432224635,most barriers
CA,California,Yuba,6115,85722,62561,11.0,69.8,57.0,11.0,20.3,17.0,11.0,30.5,5.9,30.9,23.7,23.6,14.5,26.1,30.200000000000003,43.0,0.6098274666746902,-0.3401721702681018,most barriers
VA,Virginia,Falls Church,51610,14685,11167,5.2,78.1,78.3,4.1,5.9,5.9,7.8,26.5,3.8,28.6,10.4,20.8,6.7,15.3,21.900000000000006,21.700000000000003,-1.6434311245170317,-2.011018876499711,fewest barriers
MD,Maryland,Charles,24017,171973,131229,7.9,79.9,62.6,8.8,16.7,15.6,11.8,38.5,4.7,41.3,16.8,17.9,11.3,22.6,20.099999999999994,37.4,-0.41409075002074514,-0.09025734302514002,some
IA,Iowa,Adams,19003,3544,2778,7.1,75.4,66.0,7.0,12.2,9.8,9.5,31.1,5.5,39.2,17.1,22.2,16.4,24.9,24.599999999999994,34.0,-0.7389791715054744,-0.4824046174930414,fewest barriers
AL,Alabama,Barbour,1005,24585,19517,14.8,79.3,45.3,15.6,32.1,23.2,16.5,45.4,7.4,47.1,29.9,22.9,20.8,34.5,20.700000000000003,54.7,1.3456411101500978,2.1269032494626208,most barriers
OK,Oklahoma,Tillman,40141,6869,5259,17.0,75.9,51.0,11.3,23.2,17.7,12.9,37.0,6.8,44.2,24.2,24.7,18.6,35.5,24.099999999999994,49.0,0.8388063731500067,0.925406423596446,most barriers
NM,New Mexico,McKinley,35031,68797,50466,15.3,65.2,46.6,24.0,43.0,30.2,17.9,36.8,8.9,41.4,35.3,25.0,27.1,31.8,34.8,53.4,3.1096297333497547,2.2586200920999655,most barriers
KS,Kansas,Kiowa,20097,2374,1802,9.1,74.6,65.8,7.0,12.4,11.0,9.3,31.1,5.5,40.2,16.9,22.0,15.1,25.0,25.400000000000006,34.2,-0.5379213426229211,-0.4654843101239818,fewest barriers
MI,Michigan,Bay,26017,102500,82758,7.7,76.9,70.7,8.3,15.3,12.0,9.9,31.7,5.8,37.9,18.3,28.4,16.2,24.6,23.099999999999994,29.299999999999997,-0.6016363991443631,-0.3502091639568993,fewest barriers
IL,Illinois,Henry,17073,48448,38043,8.4,75.0,64.3,7.2,12.9,11.3,9.2,30.0,5.2,36.8,16.9,23.3,14.1,21.9,25.0,35.7,-0.5362360004331448,-0.7430088961238687,fewest barriers
NJ,New Jersey,Camden,34007,527196,407842,12.0,76.0,61.6,8.8,17.0,14.9,9.9,30.3,4.9,29.6,17.5,18.0,13.1,25.5,24.0,38.4,-0.008954259104148965,-1.0300871229643929,many
OK,Oklahoma,Woods,40151,8564,6777,10.3,76.6,57.7,8.7,16.2,12.7,10.7,35.5,6.4,39.0,19.3,26.6,16.7,29.3,23.400000000000006,42.3,-0.1867979158696181,0.12103470030392025,some
IA,Iowa,Cass,19029,13130,10126,8.1,75.4,61.3,8.1,14.4,11.1,10.5,32.3,6.0,41.0,19.1,22.8,18.2,26.3,24.599999999999994,38.7,-0.44319302380025927,-0.051106578920755576,some
CA,California,Los Angeles,6037,9663345,7710575,11.8,70.7,62.1,10.3,21.0,17.7,11.6,28.4,4.8,26.4,23.6,19.3,11.3,25.7,29.299999999999997,37.9,0.540639900542034,-0.8483326877176541,most barriers
ND,North Dakota,Wells,38103,3876,3059,8.1,72.2,63.8,7.3,12.5,10.3,9.4,30.1,5.7,38.2,17.6,21.8,15.9,23.7,27.799999999999997,36.2,-0.4514355979304295,-0.5044938773891066,some
GA,Georgia,Randolph,13243,6078,4809,17.8,79.6,38.8,19.3,37.3,28.9,18.9,45.9,7.9,46.5,32.2,21.5,22.6,39.5,20.400000000000006,61.2,2.164739651512276,2.5617222256830603,most barriers
CT,Connecticut,Lower Connecticut River Valley,9130,176215,147247,7.1,79.7,74.6,6.8,10.4,9.9,7.3,28.4,4.6,29.8,13.2,23.8,9.8,20.5,20.299999999999997,25.400000000000006,-1.131001565061507,-1.5990485026364636,fewest barriers
NE,Nebraska,Hall,31079,62197,45205,16.6,72.4,59.5,8.7,18.2,13.3,10.7,30.0,5.8,41.4,19.6,16.8,14.7,30.5,27.599999999999994,40.5,0.40731065779241976,-0.13896313103820673,most barriers
VA,Virginia,Northampton,51131,12021,9854,11.1,78.0,61.6,10.5,19.2,15.8,12.9,36.3,6.0,40.1,21.7,23.0,15.3,28.2,22.0,38.4,0.03923918552875311,0.40619849573426875,many
KS,Kansas,Gove,20063,2735,2038,8.8,72.7,62.8,6.6,11.4,10.5,9.2,30.3,5.4,37.7,16.6,21.5,16.0,25.9,27.299999999999997,37.2,-0.48754182884581726,-0.6551439816252671,some
GA,Georgia,Wheeler,13309,7081,5935,19.2,75.8,42.7,14.1,27.3,21.2,15.1,42.5,7.5,41.6,28.1,19.1,21.6,35.0,24.200000000000003,57.3,1.4921790745718397,1.5855747187067526,most barriers
MO,Missouri,Perry,29157,18950,14765,9.5,75.2,58.9,8.3,13.7,12.0,9.9,32.6,5.8,36.0,20.1,25.9,18.0,29.1,24.799999999999997,41.1,-0.2967147469935749,-0.3144372618348693,some
IL,Illinois,Marion,17121,36673,28035,8.8,75.5,57.0,9.0,16.7,13.5,10.6,32.8,6.0,39.5,20.5,24.8,17.5,25.3,24.5,43.0,-0.13986702024381722,-0.02374540175532864,many
OH,Ohio,Clermont,39025,211972,165743,7.5,77.0,63.4,6.8,11.7,10.2,10.4,31.7,5.6,34.4,16.4,26.7,15.7,24.1,23.0,36.6,-0.7688512306788674,-0.5939327993468232,fewest barriers
IN,Indiana,Putnam,18133,37567,30179,8.3,77.4,61.4,7.5,13.6,11.1,11.1,34.1,5.9,39.1,19.2,26.4,17.3,24.2,22.599999999999994,38.6,-0.5893105197073641,-0.026091277448531024,fewest barriers
NE,Nebraska,Logan,31113,655,518,7.8,73.2,66.5,5.9,10.0,8.5,8.4,29.5,5.0,36.2,13.5,18.2,13.2,23.7,26.799999999999997,33.5,-0.7758176213258952,-1.0637422966017422,fewest barriers
NY,New York,Franklin,36033,46502,37193,7.3,76.9,58.6,9.5,17.3,14.6,10.0,31.6,6.0,40.8,18.9,22.9,16.7,27.5,23.099999999999994,41.4,-0.2228651775035926,-0.14232499902339746,some
OH,Ohio,Hancock,39063,74704,58554,7.8,77.3,64.1,7.0,11.9,10.4,10.7,32.4,5.6,39.6,17.1,26.0,15.0,25.7,22.700000000000003,35.900000000000006,-0.752750020049111,-0.2796685194717966,fewest barriers
LA,Louisiana,Union,22111,20650,16318,10.6,79.1,52.4,13.5,27.0,19.6,14.3,41.0,7.2,37.2,27.3,28.8,21.6,33.6,20.900000000000006,47.6,0.6274614085300261,1.1496813078629784,most barriers
MI,Michigan,Mecosta,26107,41099,33152,7.7,77.7,62.8,9.5,17.2,13.2,10.4,33.4,6.5,38.3,20.7,30.1,18.1,26.4,22.299999999999997,37.2,-0.35879130389858066,0.06420835862879766,some
GA,Georgia,Berrien,13019,18570,14256,16.5,75.1,52.5,12.1,22.9,17.5,13.5,37.2,7.1,38.0,25.1,23.8,21.0,32.6,24.900000000000006,47.5,0.8606935664609545,0.8312460157264328,most barriers
MS,Mississippi,Simpson,28127,25715,19707,12.5,79.5,8.7,12.3,23.4,18.2,13.2,40.9,6.3,40.1,23.8,20.6,18.5,33.5,20.5,91.3,1.112444651948908,0.7937455596829902,most barriers
ID,Idaho,Bingham,16011,50395,35914,12.6,72.2,63.9,8.9,16.0,13.2,10.1,30.7,5.7,39.2,19.2,23.5,14.3,24.0,27.799999999999997,36.1,0.08894640842284661,-0.30171754493516173,many
ME,Maine,Oxford,23017,59905,49429,9.6,77.8,56.0,10.0,15.1,13.9,10.1,30.4,6.3,34.6,20.1,28.2,18.0,23.3,22.200000000000003,44.0,-0.16600204024891682,-0.3256435336439121,many
IL,Illinois,Putnam,17155,5561,4497,8.0,75.3,64.1,6.8,12.1,10.7,8.9,29.6,5.1,36.1,16.2,23.0,13.6,20.7,24.700000000000003,35.900000000000006,-0.6380959753622241,-0.8731598243538807,fewest barriers
VA,Virginia,York,51199,70952,54822,7.0,78.6,71.5,5.9,9.5,9.0,9.4,29.5,4.6,31.5,13.9,22.0,10.1,18.3,21.400000000000006,28.5,-1.1500188966156457,-1.2614829458785173,fewest barriers
UT,Utah,Piute,49031,1550,1221,14.0,69.6,55.8,9.9,19.1,14.0,11.0,31.5,6.5,34.0,22.4,28.6,13.4,23.7,30.400000000000006,44.2,0.5819729754087848,-0.07297914356443869,most barriers
NE,Nebraska,Boyd,31015,1725,1404,9.3,73.0,61.9,7.4,13.5,10.3,10.0,31.6,5.8,38.7,16.5,18.2,16.3,26.9,27.0,38.1,-0.36658778871286396,-0.39175484120765613,some
OH,Ohio,Licking,39089,183201,141689,7.5,77.2,62.4,7.0,12.2,10.6,10.9,31.6,5.6,37.3,16.6,26.7,15.6,23.2,22.799999999999997,37.6,-0.7233564940900935,-0.4182588969020678,fewest barriers
MO,Missouri,Daviess,29061,8551,6434,10.7,75.0,52.0,9.7,16.3,13.7,11.0,34.4,6.6,38.7,22.9,27.4,20.7,31.7,25.0,48.0,0.09520240388482211,0.3004787655852662,many
NC,North Carolina,Anson,37007,21897,17493,14.5,79.2,52.7,14.5,28.2,21.6,14.6,42.0,7.0,43.4,26.4,24.3,20.2,31.7,20.799999999999997,47.3,0.9950347619911851,1.3983881154241147,most barriers
LA,Louisiana,Tangipahoa,22105,138064,104233,9.6,79.8,57.8,12.3,23.8,18.6,13.5,39.0,6.7,43.1,24.4,26.7,18.9,30.0,20.200000000000003,42.2,0.265747403786961,0.9981886630404256,many
OK,Oklahoma,Osage,40113,46130,36541,10.6,77.4,54.5,10.5,19.5,15.7,11.4,39.2,6.5,46.4,20.7,25.4,18.4,30.0,22.599999999999994,45.5,0.14832831301913446,0.7482517616535136,many
MT,Montana,Garfield,30033,1211,917,9.8,68.2,59.6,8.0,12.6,10.3,8.5,28.7,5.5,30.7,17.9,26.6,15.5,22.2,31.799999999999997,40.4,-0.060327129082211085,-1.005978312951937,many
WV,West Virginia,Boone,54005,20576,16396,9.7,77.5,49.3,10.1,18.6,14.5,13.1,40.4,7.0,46.2,25.9,32.9,22.4,34.5,22.5,50.7,0.07522259064987585,1.2984882580927035,many
GA,Georgia,Turner,13287,8909,6668,17.6,77.3,47.2,15.2,29.5,22.9,15.6,41.2,7.2,44.9,28.3,21.7,21.1,36.2,22.700000000000003,52.8,1.45956611871882,1.6542472152410752,most barriers
KS,Kansas,Morris,20127,5334,4236,9.1,74.2,59.8,7.2,12.6,11.1,9.6,31.6,5.7,36.9,17.6,21.8,16.0,27.1,25.799999999999997,40.2,-0.41111459327528266,-0.48093547093602085,some
ME,Maine,Knox,23013,40977,34148,8.2,77.8,67.4,7.8,10.0,10.2,8.0,27.7,5.3,28.8,15.3,27.7,14.3,19.4,22.200000000000003,32.599999999999994,-0.8165796845178802,-1.341686926015457,fewest barriers
IN,Indiana,Starke,18149,23206,18050,10.1,76.3,58.4,8.7,17.0,12.8,11.8,35.0,6.5,42.1,22.5,27.9,20.3,27.5,23.700000000000003,41.6,-0.16691352677338678,0.5018983354402338,many
IA,Iowa,Appanoose,19007,12119,9467,8.8,75.2,62.0,9.2,17.2,12.3,11.5,35.2,6.6,43.5,21.5,23.8,20.4,29.0,24.799999999999997,38.0,-0.21848467319960604,0.5245010000737828,some
ID,Idaho,Minidoka,16067,22480,16145,18.5,69.8,57.6,10.1,19.5,15.4,11.0,31.2,5.9,36.7,21.7,21.3,13.8,28.3,30.200000000000003,42.4,0.8629969030571182,-0.14799352109068895,most barriers
SC,South Carolina,Florence,45041,137214,104925,12.6,80.6,57.9,11.2,22.6,18.2,13.2,38.6,5.8,40.7,22.0,23.5,15.2,29.1,19.400000000000006,42.1,0.2718334178674593,0.5188421937303124,many
ND,North Dakota,Bottineau,38009,6349,4933,7.3,72.2,60.2,6.5,10.9,9.3,8.7,30.6,5.3,38.1,15.4,21.0,14.2,22.2,27.799999999999997,39.8,-0.5718806619937089,-0.7483264462919831,fewest barriers
IL,Illinois,Mercer,17131,15487,12237,8.4,75.2,62.8,7.6,13.9,11.8,9.6,31.0,5.5,38.5,18.0,24.0,15.7,22.6,24.799999999999997,37.2,-0.45432119485301037,-0.467703237189762,some
IN,Indiana,Elkhart,18039,206409,150600,12.9,78.0,57.3,9.3,18.2,14.8,12.2,35.7,6.2,44.1,22.3,25.7,17.4,25.9,22.0,42.7,0.06016484572940923,0.5704002110948877,many
IA,Iowa,Worth,19195,7297,5744,7.3,75.4,69.7,6.8,11.6,9.8,9.4,31.0,5.4,40.4,16.8,21.6,15.9,24.0,24.599999999999994,30.299999999999997,-0.8094869612469221,-0.4813789385409775,fewest barriers
NE,Nebraska,Sarpy,31153,199886,148082,8.0,76.1,69.3,5.5,9.5,8.0,8.9,29.2,4.5,35.6,13.1,17.5,11.0,21.2,23.900000000000006,30.700000000000003,-1.004692607145395,-1.2001909920974763,fewest barriers
KS,Kansas,Greenwood,20073,5870,4610,9.9,73.0,59.1,8.1,14.6,12.4,10.2,32.7,6.2,40.7,19.1,23.1,18.1,27.1,27.0,40.9,-0.14139306528730444,-0.02447711424529826,many
VA,Virginia,Tazewell,51185,39120,31690,10.6,76.7,59.8,9.6,17.3,13.3,12.4,36.3,6.8,40.5,23.3,28.6,18.8,28.9,23.299999999999997,40.2,-0.09985005649664729,0.6498838034618357,many
OH,Ohio,Summit,39153,535733,425767,7.6,79.1,63.6,8.0,14.4,12.3,11.4,32.9,5.5,37.5,18.2,26.8,14.9,24.9,20.900000000000006,36.4,-0.6437638355698101,-0.26369239695797264,fewest barriers
OK,Oklahoma,Choctaw,40023,14276,10723,12.6,76.7,49.0,13.5,26.2,19.4,13.8,39.8,7.4,45.5,26.1,26.8,22.3,36.6,23.299999999999997,51.0,0.8710239534230787,1.4130778044078733,most barriers
KS,Kansas,Comanche,20033,1655,1267,9.7,74.7,64.4,7.3,12.8,11.6,9.7,31.7,5.7,39.8,17.6,22.8,16.1,26.5,25.299999999999997,35.599999999999994,-0.4389351306582736,-0.3413457699992063,some
MI,Michigan,Lenawee,26091,97520,77713,8.1,75.8,66.6,8.4,15.1,12.2,10.0,32.3,5.8,40.8,18.8,29.0,16.0,25.0,24.200000000000003,33.400000000000006,-0.4592057572266747,-0.1672179799216684,some
NC,North Carolina,Camden,37029,11137,8653,8.6,77.7,64.2,6.6,11.0,9.8,8.8,31.0,5.0,34.4,15.3,25.6,12.8,20.1,22.299999999999997,35.8,-0.8027662160807897,-0.9631577401578522,fewest barriers
VA,Virginia,Manassas Park,51685,16361,12682,18.1,76.1,60.1,10.2,20.7,16.7,13.9,33.6,5.7,38.0,23.4,20.1,13.5,31.0,23.900000000000006,39.9,0.5852601621769512,0.29266988489926954,most barriers
LA,Louisiana,Franklin,22041,19285,14407,11.1,79.7,48.8,15.3,30.8,21.7,15.1,42.7,7.6,42.2,30.1,29.4,23.4,36.0,20.299999999999997,51.2,0.9672319781727663,1.7350579302747184,most barriers
MT,Montana,Sweet Grass,30097,3763,3087,9.3,67.9,67.2,7.1,10.9,9.4,7.7,27.5,5.0,29.7,15.8,25.1,13.9,19.6,32.099999999999994,32.8,-0.31536268998448486,-1.389163247541744,some
GA,Georgia,Charlton,13049,12934,10660,21.3,74.9,47.1,13.5,26.2,20.7,15.4,40.1,7.3,41.4,27.8,20.2,20.1,33.9,25.099999999999994,52.9,1.5003899512066352,1.4401508933165634,most barriers
ND,North Dakota,Cavalier,38019,3596,2772,7.1,73.5,64.1,6.0,9.8,8.8,8.2,30.0,5.2,40.1,14.9,21.3,13.4,21.0,26.5,35.900000000000006,-0.78126876674889,-0.7776781479589994,fewest barriers
KS,Kansas,Pratt,20151,9082,6929,9.8,74.7,62.1,7.3,13.1,11.7,9.9,30.9,5.7,37.6,17.7,22.0,16.0,27.1,25.299999999999997,37.9,-0.3885057375836982,-0.4485249625845157,some
IN,Indiana,Miami,18103,35402,28092,10.1,77.6,55.3,9.0,17.2,13.2,12.5,36.2,6.7,44.2,22.6,26.8,19.5,27.2,22.400000000000006,44.7,-0.14782192849000195,0.7596917272736465,many
NE,Nebraska,Polk,31143,5228,4066,9.8,70.6,59.7,6.5,11.5,9.5,8.9,29.6,5.2,40.6,14.9,18.0,14.2,26.1,29.400000000000006,40.3,-0.32877342246872043,-0.7105730484439338,some
MO,Missouri,Cole,29051,77278,60406,7.9,77.3,63.7,7.5,11.7,11.2,9.4,33.2,5.2,36.7,17.4,23.9,14.2,26.3,22.700000000000003,36.3,-0.686684312061271,-0.5736080301862918,fewest barriers
MI,Michigan,Clinton,26037,79720,62943,6.1,78.5,74.0,6.8,11.8,9.9,8.6,29.3,5.2,35.0,15.3,28.1,13.0,20.6,21.5,26.0,-1.0782073833894337,-0.9760184903048404,fewest barriers
IL,Illinois,DuPage,17043,921213,719635,7.6,76.5,70.1,6.1,11.2,9.8,8.5,27.1,4.3,29.1,13.5,17.9,9.5,18.2,23.5,29.900000000000006,-0.9051754155574389,-1.638465348635897,fewest barriers
NV,Nevada,White Pine,32033,8522,6803,13.8,69.6,56.4,10.3,18.0,15.0,10.2,31.1,6.1,34.4,22.6,22.5,17.8,25.3,30.400000000000006,43.6,0.5951363001549453,-0.23320838025935578,most barriers
GA,Georgia,Cook,13075,17714,13235,16.8,76.4,50.6,13.4,25.8,20.1,14.4,39.0,7.0,37.6,26.4,22.9,20.1,31.5,23.599999999999994,49.4,1.09680391929283,1.0023793419292424,most barriers
OK,Oklahoma,McClain,40087,47072,35436,10.1,76.1,59.5,7.9,14.7,12.0,9.8,35.5,5.8,38.1,17.8,25.8,15.2,27.8,23.900000000000006,40.5,-0.3137046451960268,-0.2143189507420519,some
GA,Georgia,Seminole,13253,9092,7325,14.2,77.4,52.7,12.1,23.1,19.1,13.4,38.7,6.4,40.0,23.8,21.2,17.9,30.7,22.599999999999994,47.3,0.6904272510527395,0.7400897945558753,most barriers
LA,Louisiana,Livingston,22063,150145,111845,8.5,80.5,59.1,9.1,18.7,14.0,11.7,38.3,6.1,38.6,21.2,29.9,17.0,26.9,19.5,40.9,-0.35200287592630586,0.3202005913396807,some
NV,Nevada,Eureka,32011,1917,1480,13.3,70.2,57.4,12.7,22.7,17.2,12.3,34.4,7.5,37.7,26.3,25.0,21.3,29.4,29.799999999999997,42.6,0.8792544703749666,0.7483621154068161,most barriers
GA,Georgia,Dawson,13085,31732,25312,11.4,75.8,65.8,6.9,11.8,10.5,9.6,31.1,5.2,31.5,16.5,21.8,12.9,22.4,24.200000000000003,34.2,-0.5165233029273625,-0.9110357358702783,fewest barriers
VA,Virginia,Southampton,51175,17975,14690,9.4,77.8,65.2,9.0,16.0,14.0,12.1,35.8,5.7,37.9,19.6,23.2,15.2,25.1,22.200000000000003,34.8,-0.3383844064375597,0.049442163100316086,some
NE,Nebraska,Deuel,31049,1871,1493,10.2,73.1,63.0,7.3,13.5,10.5,9.7,30.9,5.6,39.8,16.2,19.1,15.0,26.3,26.900000000000006,37.0,-0.33743447401656645,-0.46263130969826277,some
NE,Nebraska,Hayes,31085,846,629,10.4,72.6,59.6,7.3,13.6,10.7,9.9,30.4,5.7,41.8,16.7,18.8,15.4,28.0,27.400000000000006,40.4,-0.2428453397590414,-0.33116618107244533,some
NC,North Carolina,Orange,37135,150626,122940,7.9,78.6,71.2,6.3,10.4,9.0,9.0,29.8,4.8,29.5,13.8,24.4,10.3,18.4,21.400000000000006,28.799999999999997,-1.0499333041114722,-1.3265797555104009,fewest barriers
ND,North Dakota,Sheridan,38083,1266,1018,8.2,72.1,62.2,7.1,12.0,10.1,9.0,30.8,5.6,37.6,17.1,22.5,15.7,23.6,27.900000000000006,37.8,-0.4514073261273383,-0.5842210235094124,some
OK,Oklahoma,Cotton,40033,5427,4179,12.0,76.0,51.5,10.7,20.8,15.4,12.1,37.7,6.9,42.9,22.6,27.1,19.6,33.0,24.0,48.5,0.37018312142984316,0.7797223607182621,most barriers
WV,West Virginia,Wayne,54099,37686,30122,9.5,78.4,49.5,10.1,18.2,14.4,13.1,39.4,7.0,42.6,25.7,33.3,22.3,33.3,21.599999999999994,50.5,0.002557881903058843,1.0906341073163575,many
MA,Massachusetts,Barnstable,25001,231735,199941,4.1,80.0,73.3,6.4,9.8,9.7,7.1,27.5,4.7,26.8,13.4,25.3,11.4,16.5,20.0,26.700000000000003,-1.3341923792254538,-1.7514237836413435,fewest barriers
IA,Iowa,Floyd,19067,15326,11807,7.8,74.4,65.2,7.5,13.2,10.7,9.8,31.0,5.7,40.0,17.6,21.9,16.9,25.4,25.599999999999994,34.8,-0.5493140529948722,-0.35297119233092905,fewest barriers
AR,Arkansas,Pike,5109,10208,7916,12.0,76.4,51.9,10.1,19.2,15.0,11.4,38.0,6.8,38.2,24.4,27.1,17.9,32.4,23.599999999999994,48.1,0.25035928907788,0.5814899144670707,many
MS,Mississippi,Yalobusha,28161,12386,9781,13.9,79.2,7.6,14.9,29.1,21.5,15.0,44.1,7.1,40.1,27.6,20.7,21.3,37.7,20.799999999999997,92.4,1.6541002263793239,1.4562928181015542,most barriers
AL,Alabama,Hale,1065,14888,11246,12.8,80.4,49.1,15.5,31.6,23.4,16.3,46.0,6.9,47.8,28.9,22.3,19.5,34.4,19.599999999999994,50.9,1.1189656307631362,1.9957217964075227,most barriers
AL,Alabama,Houston,1069,108462,83709,10.8,79.4,53.0,11.1,21.5,16.4,13.1,39.8,6.3,40.5,23.6,25.8,16.3,27.7,20.599999999999994,47.0,0.19909593723766308,0.74743637069455,many
MI,Michigan,Kent,26081,661354,507844,7.4,78.4,68.9,7.7,13.9,11.5,9.6,30.8,5.2,34.9,16.5,27.7,13.2,21.4,21.599999999999994,31.099999999999994,-0.7584547376612969,-0.775167972418758,fewest barriers
AR,Arkansas,Lafayette,5073,6095,4961,15.1,77.4,42.3,15.8,31.5,23.5,15.3,43.9,7.9,46.3,32.2,26.0,22.6,40.4,22.599999999999994,57.7,1.505169407399271,2.1508224670748666,most barriers
WI,Wisconsin,La Crosse,55063,120486,97393,6.8,77.4,68.3,6.5,10.8,9.3,9.3,28.4,5.3,39.0,16.1,25.4,13.8,25.0,22.599999999999994,31.700000000000003,-0.9733973508571422,-0.7161675071146327,fewest barriers
NE,Nebraska,Wheeler,31183,775,603,8.0,73.3,61.6,6.1,10.4,8.6,8.9,29.9,5.2,38.3,14.0,17.9,13.5,23.5,26.700000000000003,38.4,-0.6733032761499093,-0.8390042082345053,fewest barriers
VA,Virginia,Petersburg,51730,33309,25028,12.0,81.6,56.7,15.3,29.5,23.9,17.0,43.4,6.3,46.6,27.1,21.4,17.3,33.2,18.400000000000006,43.3,0.8588308506750685,1.6669215342486712,most barriers
MO,Missouri,Marion,29127,28336,21790,9.2,76.3,56.4,8.9,14.5,12.8,10.6,33.7,5.9,39.8,20.6,26.1,17.8,30.0,23.700000000000003,43.6,-0.24277458757612802,0.006611274379481194,some
NC,North Carolina,Gaston,37071,237242,184354,11.4,78.2,61.0,9.1,16.7,14.0,10.7,33.7,5.7,35.9,19.3,25.9,15.0,24.4,21.799999999999997,39.0,-0.16651716600084146,-0.26293604703701756,many
AL,Alabama,Marengo,1091,18684,14502,12.1,80.6,49.8,14.2,28.9,21.2,16.1,45.7,6.8,43.2,27.3,23.5,18.0,32.7,19.400000000000006,50.2,0.8260870676098518,1.6678198053078401,most barriers
IA,Iowa,Mitchell,19131,10518,8004,7.3,75.0,64.3,6.9,11.8,9.7,9.3,31.0,5.5,40.4,16.6,21.0,16.0,24.3,25.0,35.7,-0.7049494780597619,-0.474451703918686,fewest barriers
AR,Arkansas,Nevada,5099,8120,6347,13.3,77.8,47.1,14.0,27.6,21.3,14.2,43.7,7.4,44.1,29.0,25.8,21.1,38.3,22.200000000000003,52.9,1.0231813311627822,1.6808449138180848,most barriers
IN,Indiana,Lawrence,18093,45084,35554,8.4,77.4,58.3,7.5,13.5,10.7,11.0,34.2,6.0,41.8,19.9,26.1,17.3,25.1,22.599999999999994,41.7,-0.5579232017850054,0.1434141090930229,fewest barriers
AL,Alabama,Washington,1129,15022,11806,10.2,78.0,49.9,11.3,22.3,16.4,13.3,40.8,6.4,41.0,24.2,25.5,17.9,29.9,22.0,50.1,0.3141211197550244,0.8805324246366023,many
ND,North Dakota,Ransom,38073,5603,4390,8.1,73.0,64.3,6.8,11.8,9.8,9.4,30.4,5.6,38.2,16.9,21.4,15.4,23.0,27.0,35.7,-0.5658640179827601,-0.5483274305187742,fewest barriers
MI,Michigan,Otsego,26137,25747,20430,6.6,77.9,62.4,7.6,13.4,10.9,9.4,31.5,5.7,37.9,17.5,29.0,15.5,23.9,22.099999999999994,37.6,-0.7261320353677311,-0.463679822063081,fewest barriers
MO,Missouri,Wayne,29223,10811,8628,12.4,74.4,53.4,12.1,21.4,16.7,12.6,36.4,7.5,41.3,27.1,28.1,24.7,36.0,25.599999999999994,46.6,0.5919020638009633,1.0515480950080027,most barriers
ID,Idaho,Franklin,16041,15494,10847,10.3,70.6,61.7,7.4,12.7,10.8,8.5,28.7,5.4,35.9,17.1,23.3,13.2,22.1,29.400000000000006,38.3,-0.19468636505830753,-0.8398950531549818,some
AR,Arkansas,Stone,5137,12671,10181,12.2,75.8,47.4,11.1,21.4,15.7,12.0,37.7,7.5,40.1,26.8,28.0,20.9,34.4,24.200000000000003,52.6,0.5009518629839967,0.986775322633852,most barriers
IL,Illinois,Wabash,17185,10942,8679,8.3,75.3,59.1,8.5,15.5,12.6,10.4,32.2,5.9,40.2,19.4,24.4,16.6,23.9,24.700000000000003,40.9,-0.2839372962701945,-0.110319395083427,some
WI,Wisconsin,Vilas,55125,23885,20060,7.3,73.7,63.9,7.2,12.4,10.3,8.9,29.6,5.5,38.3,16.1,25.4,15.0,25.3,26.299999999999997,36.1,-0.5778179510906063,-0.6824686834980939,fewest barriers
AL,Alabama,Conecuh,1035,11174,8894,13.6,79.5,48.7,16.2,32.8,23.5,16.8,46.5,7.6,46.8,30.6,24.1,21.5,36.6,20.5,51.3,1.2890859469161426,2.2674150682261307,most barriers
GA,Georgia,Fayette,13113,123351,95974,9.7,78.1,67.1,6.7,11.4,11.0,10.0,31.2,4.5,30.6,14.4,18.7,9.8,19.9,21.900000000000006,32.900000000000006,-0.741810236653027,-1.1789661409743544,fewest barriers
VA,Virginia,Pulaski,51155,33655,27735,9.0,76.4,63.3,7.9,13.8,11.3,10.8,32.4,6.0,35.5,18.7,25.6,16.2,25.8,23.599999999999994,36.7,-0.49349415175655276,-0.27844011481976844,some
MN,Minnesota,Pipestone,27117,9245,6729,9.6,72.3,64.1,8.8,14.6,11.6,10.0,29.9,5.7,38.9,17.9,25.8,17.2,26.0,27.700000000000003,35.900000000000006,-0.18512617970658232,-0.41564520424939555,some
AR,Arkansas,Lawrence,5075,16318,12703,12.1,76.2,47.1,10.9,20.6,15.6,12.0,39.1,7.3,44.1,26.5,28.5,20.6,34.8,23.799999999999997,52.9,0.4427952168001836,1.1566448654881811,most barriers
MT,Montana,Missoula,30063,121849,100124,8.5,70.0,65.6,6.9,10.1,9.0,7.9,25.4,4.8,26.9,15.3,26.7,12.1,16.5,30.0,34.400000000000006,-0.487532255166693,-1.653409690337892,some
IN,Indiana,Huntington,18069,36781,28842,8.3,78.3,62.4,7.4,13.9,10.7,11.1,36.2,5.9,40.0,19.6,26.8,17.1,24.0,21.700000000000003,37.6,-0.661255471097889,0.11884046178297,fewest barriers
IL,Illinois,Brown,17009,6294,5228,12.0,75.0,54.1,10.3,19.9,16.3,11.4,35.9,6.2,41.6,22.2,20.5,18.0,26.3,25.0,45.9,0.3694346566710986,0.3943035482917659,most barriers
ID,Idaho,Lincoln,16063,5450,4062,17.7,70.8,58.3,9.8,18.4,15.0,10.4,29.8,6.0,34.2,21.6,22.0,14.3,27.5,29.200000000000003,41.7,0.6979557320855743,-0.3483468131992451,most barriers
LA,Louisiana,Rapides,22079,126260,94760,9.1,80.3,54.2,12.2,24.0,18.3,13.4,39.9,6.5,40.7,25.3,28.2,19.1,30.3,19.700000000000003,45.8,0.25407818201713006,0.9131229568682186,many
IA,Iowa,Des Moines,19057,38253,29795,7.8,76.8,65.2,7.7,14.0,11.3,9.8,29.8,5.5,34.8,17.9,22.5,16.5,26.5,23.200000000000003,34.8,-0.6104381229364385,-0.6660520352443109,fewest barriers
ID,Idaho,Bonneville,16019,131366,92871,10.7,74.0,67.6,7.6,12.8,11.0,8.9,28.7,5.3,33.5,16.9,25.5,11.6,21.2,26.0,32.400000000000006,-0.40321329697743274,-0.9430359165317771,some
KS,Kansas,Cloud,20029,8854,6762,9.1,73.9,61.4,7.6,13.2,11.8,10.0,33.3,5.8,42.1,17.9,23.1,16.8,27.4,26.099999999999994,38.6,-0.35215814100775295,-0.1093280597331614,some
KS,Kansas,Scott,20171,4922,3638,11.6,74.1,57.4,7.0,12.7,11.5,9.5,30.1,5.4,38.6,17.0,20.0,13.8,25.2,25.900000000000006,42.6,-0.2320982670233129,-0.5796190873503664,some
AR,Arkansas,Searcy,5129,7806,6215,13.0,75.6,47.0,11.7,22.2,16.2,12.5,39.4,7.8,39.7,27.9,28.5,21.7,35.3,24.400000000000006,53.0,0.6355076857657791,1.2084920241386163,most barriers
NY,New York,Broome,36007,196077,158802,6.7,79.4,60.9,9.0,15.8,14.1,9.5,31.7,5.7,34.8,17.3,21.6,14.6,23.8,20.599999999999994,39.1,-0.500584529067364,-0.5907895101482074,some
WI,Wisconsin,Green,55045,36951,29103,7.7,74.2,65.8,6.3,10.7,9.3,8.7,29.6,5.2,39.9,15.7,24.5,13.8,24.7,25.799999999999997,34.2,-0.7465353156768022,-0.7227671485196694,fewest barriers
GA,Georgia,Colquitt,13071,46167,34375,20.6,76.2,47.0,13.4,26.5,21.0,14.8,39.8,6.9,35.8,27.3,22.1,19.4,34.2,23.799999999999997,53.0,1.414725590762657,1.0083899315408864,most barriers
IL,Illinois,Whiteside,17195,54498,42573,10.1,75.0,62.1,8.1,15.3,13.0,10.2,30.8,5.5,36.4,19.0,22.9,15.1,23.7,25.0,37.9,-0.22961945494508687,-0.4694994038971755,some
CA,California,Calaveras,6009,46565,38409,7.9,70.4,63.0,8.8,14.9,13.3,9.1,28.2,5.5,29.8,20.1,25.6,13.9,22.2,29.599999999999994,37.0,-0.09141937433455637,-0.9138268379004183,many
NC,North Carolina,Craven,37049,102391,80675,10.5,78.8,59.3,8.9,15.9,13.1,10.5,34.9,5.7,37.5,18.9,25.3,14.8,23.6,21.200000000000003,40.7,-0.2883030039258609,-0.1787760242510751,some
GA,Georgia,Brooks,13027,16245,12902,17.5,77.6,46.4,14.6,28.4,22.0,15.7,40.7,7.2,40.2,27.9,21.5,20.3,34.4,22.400000000000006,53.6,1.3506529023542215,1.4190862185387336,most barriers
OH,Ohio,Ashtabula,39007,96845,75784,10.6,75.5,56.0,9.9,18.7,14.5,13.0,35.9,7.1,45.7,22.9,29.0,20.5,32.7,24.5,44.0,0.1165023597782377,0.9696137165081812,many
VA,Virginia,Greene,51079,21301,16419,9.5,76.3,65.7,7.7,13.3,11.3,10.4,32.4,5.5,37.5,18.2,24.8,14.3,24.5,23.700000000000003,34.3,-0.5217449538693358,-0.3730885809979303,fewest barriers
VA,Virginia,Newport News,51700,183118,140716,10.3,79.3,61.3,10.3,19.1,16.2,13.3,37.6,5.7,41.5,21.2,22.2,14.7,28.3,20.700000000000003,38.7,-0.06172425038142465,0.46002615670535907,many
IN,Indiana,Howard,18067,83831,64586,8.7,77.5,60.1,8.4,15.6,12.5,11.8,35.0,6.0,36.8,21.0,26.5,18.6,26.4,22.5,39.9,-0.3923349479491078,0.07899345252262821,some
NY,New York,Tompkins,36109,103558,89113,4.9,77.0,63.0,6.7,11.2,10.4,8.2,27.9,4.8,27.6,14.0,22.6,10.8,19.0,23.0,37.0,-0.9130258830674273,-1.5505893669984818,fewest barriers
AL,Alabama,Dale,1045,49871,38227,11.8,78.2,54.6,11.6,22.2,16.4,13.7,40.5,6.6,41.5,25.0,25.5,18.0,30.6,21.799999999999997,45.4,0.33668236035703564,1.0109049200704878,many
MT,Montana,Gallatin,30031,126409,102868,8.2,69.0,66.8,6.2,8.6,7.5,7.2,25.2,4.6,24.0,13.5,22.4,10.4,14.5,31.0,33.2,-0.6120327225163161,-1.9810253944367489,fewest barriers
NJ,New Jersey,Hudson,34017,705472,568317,14.5,76.2,59.9,8.8,18.2,14.5,10.8,29.2,4.8,27.8,18.7,14.0,10.4,28.1,23.799999999999997,40.1,0.1556590959561623,-1.045563251642308,many
MN,Minnesota,Steele,27147,37421,28437,8.7,71.5,67.8,7.5,12.4,10.4,9.0,28.5,5.2,37.6,15.8,24.2,14.6,23.0,28.5,32.2,-0.42960904622321633,-0.8379746646279097,some
AL,Alabama,Madison,1089,412600,324132,8.3,79.3,62.4,7.8,13.7,11.4,10.9,36.2,5.2,40.1,17.3,22.0,12.0,22.2,20.700000000000003,37.6,-0.6652223531150552,-0.17175563201012767,fewest barriers
UT,Utah,Millard,49027,13437,9330,12.0,71.6,60.7,8.1,15.0,11.9,10.1,29.9,5.7,34.5,19.2,26.4,11.2,22.5,28.400000000000006,39.3,0.007593609915515387,-0.5402180776891261,many
UT,Utah,Juab,49023,13023,8695,9.7,69.2,70.0,7.0,12.7,10.2,8.9,28.5,5.3,32.9,16.8,26.4,10.6,18.8,30.799999999999997,30.0,-0.32354442246530263,-0.9820743135549896,some
IA,Iowa,Jones,19105,20900,16705,7.4,75.8,66.4,7.1,12.4,10.1,9.4,30.6,5.5,39.6,16.8,21.0,16.4,24.0,24.200000000000003,33.599999999999994,-0.7254114547176126,-0.5081867601958541,fewest barriers
LA,Louisiana,Caldwell,22021,9389,7310,11.0,78.6,50.9,13.5,27.0,19.3,14.2,41.0,7.7,38.8,28.3,30.1,23.6,34.3,21.400000000000006,49.1,0.6831142106389367,1.379715708298591,most barriers
VA,Virginia,Fairfax,51059,1141878,884086,7.6,76.5,74.1,5.5,9.4,8.3,9.5,27.2,4.4,23.8,13.3,18.8,8.0,18.9,23.5,25.900000000000006,-1.1054947592746336,-1.761284795716589,fewest barriers
OK,Oklahoma,Okmulgee,40111,37035,28317,11.5,76.6,52.0,12.1,22.9,17.5,13.2,39.8,7.0,45.3,24.2,26.7,20.8,36.0,23.400000000000006,48.0,0.5281660396239436,1.166395414051608,most barriers
IN,Indiana,Spencer,18147,19910,15626,7.8,77.8,61.8,6.8,12.1,10.1,10.4,34.4,5.7,39.5,18.1,27.3,16.2,22.4,22.200000000000003,38.2,-0.7623123270324003,-0.15726893467445505,fewest barriers
MT,Montana,Hill,30041,16276,11705,11.7,70.0,59.5,11.7,19.0,14.3,10.9,33.8,6.4,39.0,22.7,26.8,18.9,24.8,30.0,40.5,0.5008659621462223,0.22107518917026278,most barriers
WI,Wisconsin,Marquette,55077,15838,12855,9.4,74.6,59.1,7.9,14.3,11.7,10.1,30.8,6.0,43.0,19.3,25.7,17.4,29.8,25.400000000000006,40.9,-0.29402463286523506,-0.05280621318046865,some
NV,Nevada,Elko,32007,54293,40093,14.2,70.4,59.4,10.1,17.5,14.9,10.4,30.8,5.9,37.6,21.7,21.6,16.9,25.6,29.599999999999994,40.6,0.5047370580990552,-0.1785252748041232,most barriers
MT,Montana,Valley,30105,7474,5820,9.9,68.8,62.3,8.7,13.6,11.2,8.6,31.4,5.5,33.2,18.4,25.3,15.1,22.3,31.200000000000003,37.7,-0.01988181433048336,-0.7528221820978589,many
WI,Wisconsin,Langlade,55067,19404,15739,9.4,73.8,64.6,8.1,14.5,11.4,10.0,30.3,6.0,37.1,19.2,23.9,17.9,30.1,26.200000000000003,35.400000000000006,-0.3281564259356236,-0.3445217576388108,some
NC,North Carolina,Graham,37075,8052,6517,10.6,76.4,60.3,8.4,14.6,11.8,9.8,32.8,5.9,35.5,18.8,27.5,16.6,23.6,23.599999999999994,39.7,-0.29478138261653064,-0.37057243414773045,some
ND,North Dakota,McHenry,38049,5131,3898,8.1,72.4,64.0,6.8,11.5,9.8,8.9,31.1,5.6,41.7,16.6,21.4,15.5,24.2,27.599999999999994,36.0,-0.5402245784625762,-0.4241609763245373,fewest barriers
MN,Minnesota,Stearns,27145,160977,123090,8.2,73.3,66.7,8.1,13.6,11.5,9.4,28.7,5.4,37.4,16.4,25.5,15.1,23.0,26.700000000000003,33.3,-0.41816219144989547,-0.7263053128479793,some
IN,Indiana,Lake,18089,500598,385370,11.1,77.6,57.4,9.8,20.4,15.3,12.9,34.9,5.8,39.9,22.4,21.0,17.2,26.9,22.400000000000006,42.6,0.09160113154814657,0.3210174976657768,many
IA,Iowa,Story,19169,98566,82292,6.3,76.4,69.0,6.8,11.4,9.4,9.8,31.0,5.4,35.0,15.9,20.9,13.8,22.2,23.599999999999994,31.0,-0.9229807601724577,-0.722206397207484,fewest barriers
IA,Iowa,Fremont,19071,6458,5059,7.1,75.1,69.3,6.8,11.7,9.7,9.3,30.6,5.4,40.0,16.9,21.9,15.9,23.4,24.900000000000006,30.700000000000003,-0.8007955598522791,-0.5198714912329321,fewest barriers
ID,Idaho,Idaho,16049,17890,14280,10.5,69.9,58.6,8.1,13.6,11.4,8.8,28.3,5.7,32.1,17.9,23.2,14.0,22.4,30.099999999999994,41.4,-0.016205476576317674,-0.8854157929268094,many
IN,Indiana,Crawford,18025,10438,8319,11.1,76.8,53.4,10.8,21.3,15.0,13.5,37.9,7.6,43.0,26.4,28.9,23.7,30.9,23.200000000000003,46.6,0.25952594718910305,1.261249792002971,many
ID,Idaho,Jerome,16053,25479,17979,20.9,70.8,57.7,11.4,22.4,17.6,11.7,31.3,6.5,35.8,24.4,21.8,15.7,29.9,29.200000000000003,42.3,1.1811804031140718,0.14936280846759137,most barriers
MO,Missouri,Johnson,29101,54962,42654,8.7,77.1,61.4,8.5,13.3,12.2,10.3,32.0,5.8,37.5,19.1,26.4,16.9,27.2,22.900000000000006,38.6,-0.4600980250818337,-0.283672742185846,some
UT,Utah,Weber,49057,271926,201028,11.2,73.2,70.5,6.9,13.8,11.0,8.9,29.5,5.0,34.8,16.8,28.0,9.2,20.5,26.799999999999997,29.5,-0.39231010949108186,-0.9318171560775191,some
KS,Kansas,Norton,20137,5330,4310,11.0,73.7,60.6,8.3,15.0,12.8,10.8,33.4,6.4,42.9,19.7,21.3,17.8,28.6,26.299999999999997,39.4,-0.10062297092341138,0.2305038759567414,many
MS,Mississippi,Adams,28001,28746,22919,16.0,80.6,7.1,16.9,32.9,24.6,16.8,45.8,7.3,41.5,29.3,18.2,20.7,39.8,19.400000000000006,92.9,2.045910999004212,1.8739109852685778,most barriers
AL,Alabama,Sumter,1119,11727,9434,11.8,82.3,45.3,16.8,34.1,25.7,18.2,49.1,7.1,50.0,29.4,21.9,18.8,35.7,17.700000000000003,54.7,1.2609850464821053,2.4614283640630026,most barriers
AR,Arkansas,Calhoun,5013,4641,3792,10.9,77.1,49.8,9.7,18.2,15.0,11.3,38.5,6.1,39.1,22.5,24.6,16.6,31.5,22.900000000000006,50.2,0.13687107894418274,0.37355502812982305,many
NJ,New Jersey,Union,34039,572726,439083,15.7,75.3,64.7,8.9,17.7,16.1,10.2,30.8,4.8,29.4,17.9,14.7,11.3,24.8,24.700000000000003,35.3,0.24973366237271177,-0.9981581133720663,many
NE,Nebraska,Hooker,31091,679,529,8.8,72.8,61.8,6.9,12.5,9.7,9.4,30.6,5.5,40.3,15.9,19.2,15.6,26.0,27.200000000000003,38.2,-0.461882182684795,-0.5182072384319906,some
NC,North Carolina,Pitt,37147,175119,137875,10.5,79.4,62.9,10.4,18.9,16.0,12.0,35.5,5.8,40.8,19.7,25.0,15.0,25.9,20.599999999999994,37.1,-0.08643605860718877,0.18393926598811625,many
MO,Missouri,Franklin,29071,106404,82845,8.5,76.1,61.2,7.7,12.0,11.2,9.7,31.9,5.6,39.3,18.9,26.8,16.6,27.7,23.900000000000006,38.8,-0.5399791394755569,-0.32101677182249755,fewest barriers
LA,Louisiana,Calcasieu,22019,203761,153336,8.6,79.8,58.6,10.7,20.5,15.7,12.5,39.0,6.2,42.9,22.7,28.1,17.3,32.0,20.200000000000003,41.4,-0.09597943029372757,0.7003121399366441,many
CA,California,Lassen,6035,28861,23438,11.9,68.6,56.5,11.0,19.9,16.7,10.6,31.5,6.2,34.3,24.6,23.1,16.2,25.6,31.400000000000006,43.5,0.7012454610917119,-0.07051658839530646,most barriers
MI,Michigan,Emmet,26047,34123,28041,5.6,77.9,73.0,6.6,10.9,9.5,8.5,30.1,5.2,32.7,15.0,27.2,13.3,19.5,22.099999999999994,27.0,-1.1128421987362553,-1.0653937275602587,fewest barriers
MA,Massachusetts,Hampshire,25015,162502,139946,4.5,79.8,69.5,7.4,10.7,10.3,7.8,25.9,4.9,24.4,14.1,27.8,11.4,17.7,20.200000000000003,30.5,-1.142161676198793,-1.779805020400693,fewest barriers
GA,Georgia,Wilkes,13317,9518,7557,16.2,77.4,50.5,12.9,25.1,20.3,14.4,39.5,6.4,40.9,25.3,20.7,18.6,32.9,22.599999999999994,49.5,0.976646975945482,0.9688991314647051,most barriers
MO,Missouri,Audrain,29007,24394,18823,10.4,76.5,49.5,10.5,17.8,15.0,11.6,34.6,6.5,39.9,23.6,27.1,20.6,33.2,23.5,50.5,0.1798308616277103,0.42107372520416747,many
VA,Virginia,Arlington,51013,234162,192107,6.2,77.5,72.5,4.7,7.1,6.9,8.5,27.2,4.1,25.2,11.7,20.6,7.0,15.1,22.5,27.5,-1.3705681147320383,-1.9352326674284481,fewest barriers
OK,Oklahoma,Alfalfa,40003,5673,4620,11.6,75.1,59.0,8.7,16.4,13.0,11.1,37.0,6.6,39.6,19.9,23.9,17.4,29.9,24.900000000000006,41.0,-0.04526034887831667,0.3218604241307411,many
AL,Alabama,Etowah,1055,103241,80652,11.3,77.7,54.1,10.7,20.8,15.4,13.4,40.9,6.6,43.6,24.9,26.1,18.1,31.7,22.299999999999997,45.9,0.2119735558965581,1.088176552324875,many
GA,Georgia,Chatham,13051,303655,241631,12.5,78.9,61.1,10.0,18.1,15.8,12.1,37.0,5.4,33.4,18.6,19.2,13.7,24.8,21.099999999999994,38.9,0.017314985387763205,-0.2163472252775917,many
IL,Illinois,Kane,17089,514982,394457,12.1,74.4,65.2,7.6,14.8,13.3,10.1,27.5,4.9,34.9,17.3,19.0,11.0,22.5,25.599999999999994,34.8,-0.1692816028906103,-0.9069190383227295,many
MS,Mississippi,Holmes,28051,15777,11936,16.1,83.1,5.4,22.5,43.0,32.5,21.0,53.1,8.0,51.5,34.8,18.3,23.5,44.4,16.900000000000006,94.6,2.864556059430941,3.4082746536687063,most barriers
OK,Oklahoma,Harmon,40057,2392,1769,17.7,76.6,53.3,12.5,25.9,19.6,13.8,38.5,7.0,42.7,25.8,24.4,18.3,37.7,23.400000000000006,46.7,1.026763452325931,1.1239275562066118,most barriers
AK,Alaska,Bristol Bay,2060,844,663,9.8,64.8,58.1,9.7,14.4,12.8,9.1,31.2,5.9,34.5,17.9,19.8,16.7,20.7,35.2,41.9,0.3748082981156036,-0.5835188087482187,most barriers
GA,Georgia,Bacon,13005,11124,8340,16.1,75.4,50.4,11.5,21.7,17.4,13.0,36.9,6.6,36.9,23.9,22.7,19.2,31.6,24.599999999999994,49.6,0.7830725886805396,0.548379619114638,most barriers
LA,Louisiana,Jackson,22049,14746,11654,10.3,79.7,49.5,13.3,26.7,19.4,14.4,42.0,7.2,45.1,27.3,27.9,21.3,35.0,20.299999999999997,50.5,0.5958764302757571,1.5450368305344728,most barriers
MO,Missouri,Cass,29037,111732,85880,8.4,76.1,63.7,7.2,11.3,11.1,9.5,30.9,5.1,37.8,17.2,24.9,15.1,25.0,23.900000000000006,36.3,-0.6333646410147947,-0.6465265496704614,fewest barriers
AL,Alabama,Clarke,1025,22337,17444,11.6,79.9,50.1,13.3,27.4,20.3,14.9,43.5,6.5,44.2,26.7,23.9,18.3,32.5,20.099999999999994,49.9,0.7009304908297013,1.4119917767927892,most barriers
OK,Oklahoma,Pittsburg,40121,43479,33556,11.7,76.6,51.1,11.1,21.2,15.8,11.8,38.3,6.9,40.3,22.4,26.1,19.8,32.1,23.400000000000006,48.9,0.38035286288509074,0.6557104167359181,most barriers
NJ,New Jersey,Mercer,34021,381671,298044,11.9,77.1,64.9,8.1,15.8,14.3,9.8,28.4,4.7,25.5,16.7,15.1,10.7,23.9,22.900000000000006,35.099999999999994,-0.21288251873882091,-1.382807722870745,some
WV,West Virginia,Monongalia,54061,107718,90427,7.2,78.2,58.9,8.1,13.2,11.4,12.1,35.1,6.1,34.2,19.5,28.7,15.6,24.3,21.799999999999997,41.1,-0.6155297456078431,-0.0465659969312154,fewest barriers
NE,Nebraska,Cedar,31027,8262,6180,8.1,71.8,64.7,6.0,10.4,8.6,8.4,28.3,5.1,40.5,14.0,17.4,13.2,23.3,28.200000000000003,35.3,-0.644438304746792,-0.8788130492230856,fewest barriers
GA,Georgia,Floyd,13115,100113,77443,15.3,76.1,52.5,10.1,19.2,15.6,12.6,35.9,6.1,37.7,21.8,22.8,16.5,28.1,23.900000000000006,47.5,0.4554816483719682,0.28751002667769765,most barriers
KS,Kansas,Kearny,20093,3823,2692,16.9,72.0,54.1,9.0,17.9,15.5,11.2,30.9,5.8,37.9,21.2,19.6,16.1,31.1,28.0,45.9,0.6158596284503984,-0.13776829650285666,most barriers
WI,Wisconsin,Winnebago,55139,171735,137307,8.0,76.6,67.3,6.9,11.6,10.4,9.9,29.8,5.4,40.6,16.7,23.9,14.8,27.1,23.400000000000006,32.7,-0.7675904944378017,-0.4829610492238098,fewest barriers
AL,Alabama,Pike,1109,33137,26665,10.7,79.7,55.2,12.6,24.8,18.5,14.6,42.6,6.6,43.3,24.7,24.6,17.2,29.2,20.299999999999997,44.8,0.40737167933917845,1.2432407767633635,most barriers
ID,Idaho,Elmore,16039,29724,22520,13.6,70.1,59.5,9.3,16.8,13.4,10.2,31.3,5.9,35.1,20.0,22.8,14.6,24.6,29.900000000000006,40.5,0.36164718827608455,-0.36110933217177793,many
ND,North Dakota,Renville,38075,2279,1757,7.5,71.7,63.1,6.2,10.6,9.1,8.5,29.8,5.3,38.7,15.2,21.1,14.4,22.7,28.299999999999997,36.9,-0.6117562581082366,-0.7822430412832206,fewest barriers
SC,South Carolina,Calhoun,45017,14186,11559,12.5,79.9,56.4,10.2,21.2,16.8,12.9,37.1,5.6,40.7,20.5,22.9,14.7,26.7,20.099999999999994,43.6,0.17108938146759267,0.31248510081812875,many
NE,Nebraska,Keya Paha,31103,805,656,9.4,72.4,62.8,7.2,12.9,10.0,9.7,30.7,5.8,38.0,16.1,18.5,15.7,26.4,27.599999999999994,37.2,-0.38445654013124025,-0.5044484476709312,some
CT,Connecticut,Northeastern Connecticut,9150,96692,79116,8.1,77.7,69.7,7.6,12.5,11.0,8.0,29.6,5.1,32.4,15.6,24.8,12.5,23.4,22.299999999999997,30.299999999999997,-0.7619402039010855,-1.141365162898015,fewest barriers
WI,Wisconsin,Bayfield,55007,16769,14035,7.1,74.4,67.2,7.1,11.5,10.0,9.2,29.9,5.5,38.9,16.2,25.9,14.0,24.1,25.599999999999994,32.8,-0.7124393828910146,-0.6126976700418449,fewest barriers
VA,Virginia,Prince Edward,51147,22049,18532,10.9,77.7,58.0,11.5,21.0,17.3,14.3,38.4,6.5,41.3,23.5,25.0,17.4,29.3,22.299999999999997,42.0,0.2612758370566583,0.8752610898586572,many
MI,Michigan,Kalamazoo,26077,262215,206827,6.5,78.5,68.8,8.0,14.6,11.6,9.4,30.9,5.4,38.9,16.7,29.1,14.0,23.0,21.5,31.200000000000003,-0.7692507104374041,-0.5555232922747304,fewest barriers
MN,Minnesota,Otter Tail,27111,60626,47492,8.1,71.2,60.3,7.6,12.2,10.1,8.7,25.6,5.3,34.4,16.0,25.4,15.9,23.5,28.799999999999997,39.7,-0.35054224577632365,-1.0913814173644083,some
WI,Wisconsin,Kenosha,55059,167488,131659,9.9,75.1,61.4,7.5,13.4,11.9,10.0,30.6,5.5,40.1,17.7,24.7,14.7,26.7,24.900000000000006,38.6,-0.36514461727462894,-0.392674758518192,some
MI,Michigan,Van Buren,26159,75798,58504,9.3,77.5,61.7,9.3,17.5,13.7,10.8,32.7,6.1,39.2,20.4,28.6,16.6,26.6,22.5,38.3,-0.23196897920383594,-0.0030154981768356318,some
IL,Illinois,Coles,17029,46060,37579,8.5,75.8,59.3,8.7,16.1,13.1,10.4,32.2,5.9,39.4,19.5,24.6,16.2,24.0,24.200000000000003,40.7,-0.25314130030692866,-0.140725739815816,some
IN,Indiana,Wayne,18177,66127,51199,9.4,77.7,54.7,9.1,17.6,13.4,12.1,35.9,6.5,38.2,22.4,28.4,19.8,27.3,22.299999999999997,45.3,-0.1567580292212327,0.3912964047781192,many
AR,Arkansas,Izard,5065,14169,11629,12.6,75.6,50.2,11.1,21.3,15.7,12.0,39.5,7.6,41.4,27.0,27.5,20.5,34.4,24.400000000000006,49.8,0.48916633736183446,1.1524273253360697,most barriers
IN,Indiana,Dearborn,18029,51215,40242,7.5,77.8,66.0,6.5,11.5,9.5,9.9,32.8,5.5,35.4,17.9,26.4,16.5,22.5,22.200000000000003,34.0,-0.895904839673254,-0.5058387060365922,fewest barriers
NY,New York,Orange,36071,407470,303262,9.0,78.3,65.7,9.1,16.9,15.9,10.1,29.6,5.2,32.4,17.8,18.2,12.2,25.6,21.700000000000003,34.3,-0.286595020057491,-0.8314759190419718,some
GA,Georgia,Paulding,13223,183164,136998,11.8,77.2,60.1,8.0,14.4,13.3,10.9,33.9,4.9,37.7,17.2,20.5,12.4,22.8,22.799999999999997,39.9,-0.23753891359446833,-0.4513616833988561,some
MT,Montana,Phillips,30071,4249,3245,10.0,68.4,60.9,8.9,13.7,11.5,8.8,28.1,5.6,39.0,18.3,26.0,15.8,22.7,31.599999999999994,39.1,0.05135345070770934,-0.5993910614416647,many
VA,Virginia,Manassas,51683,42696,31215,15.5,75.9,67.3,8.4,16.1,13.9,11.8,30.9,5.1,35.3,19.8,19.8,11.7,26.4,24.099999999999994,32.7,0.013209647919269448,-0.4348022845448843,many
WV,West Virginia,Fayette,54019,39072,31056,9.6,77.0,48.7,10.5,18.8,15.2,13.8,38.3,7.1,40.3,26.7,33.2,22.2,33.4,23.0,51.3,0.1593298919357761,1.0762067336352321,many
NE,Nebraska,Saunders,31155,23463,17644,7.7,73.0,67.7,5.7,9.8,8.1,8.4,29.6,4.9,38.9,13.1,17.4,12.9,22.1,27.0,32.3,-0.8212955155909837,-0.984562044856542,fewest barriers
MI,Michigan,Baraga,26013,8310,6876,8.3,77.0,63.9,11.1,20.2,15.7,11.6,35.0,6.7,40.7,22.0,27.6,19.4,26.9,23.0,36.1,-0.03499357773100534,0.45014519898323646,many
ND,North Dakota,Bowman,38011,2867,2165,8.3,71.6,61.4,6.5,11.1,9.4,8.5,29.0,5.2,36.7,15.9,21.0,14.5,22.2,28.400000000000006,38.6,-0.4970003788812371,-0.8961497901702871,some
MN,Minnesota,Cottonwood,27033,11319,8460,10.7,71.7,60.7,9.1,15.6,12.2,10.2,30.1,5.8,39.8,18.6,25.1,16.7,27.6,28.299999999999997,39.3,0.020002887070021947,-0.2939640698116886,many
AL,Alabama,Monroe,1099,19229,15175,12.8,79.6,48.7,14.6,29.6,21.5,15.6,44.7,7.1,43.9,28.7,24.2,20.4,34.7,20.400000000000006,51.3,0.9825257947642264,1.7498762489011424,most barriers
GA,Georgia,Jackson,13157,88615,66464,13.3,75.9,57.7,8.0,14.6,12.5,10.4,32.3,5.4,32.5,18.1,20.9,14.4,25.0,24.099999999999994,42.3,-0.08521517311951694,-0.6247786537020793,many
OH,Ohio,Champaign,39021,38845,30357,8.0,76.7,62.3,7.2,12.6,10.7,10.2,32.7,5.8,43.0,17.4,26.8,16.8,25.9,23.299999999999997,37.7,-0.6442076892919405,-0.0999168268709472,fewest barriers
OK,Oklahoma,Jefferson,40067,5347,4030,13.7,75.7,50.5,11.7,23.4,16.8,12.8,38.8,7.5,41.2,25.0,27.0,21.4,36.1,24.299999999999997,49.5,0.6739052826654431,1.0703658448760422,most barriers
NV,Nevada,Carson City,32510,58036,46575,13.5,69.7,58.3,9.4,16.4,14.2,9.9,29.5,5.5,33.1,20.9,22.2,14.7,23.6,30.299999999999997,41.7,0.41945872507808946,-0.6086741145021312,most barriers
CA,California,Stanislaus,6099,551430,405599,14.2,70.3,59.5,11.4,21.4,18.4,11.2,30.6,5.8,36.6,25.2,21.0,13.6,30.1,29.700000000000003,40.5,0.8277188275149497,-0.02670848287081915,most barriers
NC,North Carolina,Avery,37011,17561,15011,11.5,76.5,60.9,8.5,15.1,12.0,10.2,33.8,6.3,37.4,19.5,26.4,16.5,23.8,23.5,39.1,-0.23312416431090402,-0.07977325814130871,some
KS,Kansas,Franklin,20059,26125,20176,9.2,73.9,65.2,7.2,12.5,11.1,9.6,31.9,5.7,40.3,17.8,22.1,16.5,26.2,26.099999999999994,34.8,-0.47122491094475766,-0.3110172040135282,some
IA,Iowa,Carroll,19027,20522,15519,7.3,75.6,65.7,7.0,12.1,9.8,9.3,30.8,5.4,40.0,16.8,21.2,15.9,25.2,24.400000000000006,34.3,-0.7366221610470549,-0.5160343551789107,fewest barriers
AR,Arkansas,Union,5139,37397,28421,11.9,78.3,53.8,12.0,23.6,18.6,13.0,41.0,6.7,39.4,26.0,24.7,18.1,34.5,21.700000000000003,46.2,0.49630791509076816,0.9480184135137002,most barriers
MI,Michigan,Gladwin,26051,25853,20920,7.9,77.2,65.1,9.2,17.2,13.0,10.4,33.4,6.5,40.3,20.6,29.6,18.8,26.3,22.799999999999997,34.900000000000006,-0.3818570737758764,0.1469859490524424,some
IN,Indiana,Boone,18011,76120,56880,6.1,79.3,65.1,5.3,9.1,7.9,9.3,30.5,4.7,32.4,14.4,22.1,11.4,18.3,20.700000000000003,34.900000000000006,-1.2295219238176684,-1.1419977679762963,fewest barriers
WI,Wisconsin,Oneida,55085,38226,31953,7.3,74.8,66.3,6.5,11.0,9.6,9.3,29.1,5.4,34.9,15.9,26.1,14.6,23.9,25.200000000000003,33.7,-0.7729034888287147,-0.8501146394071094,fewest barriers
MS,Mississippi,Scott,28123,27507,19774,17.2,79.0,6.9,15.8,30.7,23.0,15.8,42.8,7.3,43.2,28.7,20.6,20.7,39.8,21.0,93.1,2.0044119267366387,1.7073485459730038,most barriers
KS,Kansas,Marion,20115,11690,9217,9.1,73.3,65.5,7.1,12.4,11.0,9.5,31.2,5.7,39.7,17.1,22.4,16.2,26.1,26.700000000000003,34.5,-0.4637870419398502,-0.4068182828219836,some
MT,Montana,Powell,30077,7133,6094,11.6,67.2,56.5,8.8,14.0,11.2,9.2,30.2,6.0,35.6,19.4,23.0,17.1,23.7,32.8,43.5,0.24924605406066677,-0.4759696911875788,many
MA,Massachusetts,Franklin,25011,70836,59245,5.0,78.5,72.3,7.7,12.0,11.1,8.1,29.1,5.2,26.1,15.7,27.1,13.1,20.4,21.5,27.700000000000003,-1.0073761830767258,-1.3990191395088891,fewest barriers
OK,Oklahoma,Comanche,40031,121574,92715,12.1,78.0,54.4,10.7,21.4,16.6,12.7,37.7,6.4,43.7,22.1,25.0,18.3,33.4,22.0,45.6,0.2988368639560051,0.7212364450992946,many
SC,South Carolina,Saluda,45081,19123,14912,17.4,77.9,57.2,10.9,23.0,17.7,13.3,35.8,6.2,43.5,23.6,22.5,16.1,30.4,22.099999999999994,42.8,0.6438847937019241,0.7043758894858186,most barriers
SC,South Carolina,Aiken,45003,177130,139026,12.3,79.1,59.1,9.0,17.5,14.2,11.3,33.5,5.4,34.5,19.1,23.8,13.8,25.1,20.900000000000006,40.9,-0.11183990722782429,-0.36266490627861203,many
MN,Minnesota,Lincoln,27081,5521,4227,8.2,72.7,63.1,7.6,12.2,10.0,8.9,28.2,5.3,36.9,16.0,25.2,15.7,23.8,27.299999999999997,36.9,-0.46315421795099704,-0.8560834797520954,some
NE,Nebraska,Cuming,31039,8918,6695,10.8,73.2,61.4,7.0,13.3,10.6,9.5,30.9,5.4,41.2,16.0,18.0,14.2,26.5,26.799999999999997,38.6,-0.3065458119163409,-0.4778464251739171,some
GA,Georgia,Webster,13307,2337,1938,15.7,78.1,48.8,14.4,27.6,22.2,15.5,41.4,7.0,42.5,26.7,21.3,19.6,33.4,21.900000000000006,51.2,1.1702003857560952,1.4272786896190137,most barriers
AK,Alaska,Nome,2180,9763,6487,13.5,65.3,39.4,18.6,31.8,22.8,13.7,35.5,7.9,38.8,28.7,20.1,28.7,30.3,34.7,60.6,2.201426285881929,1.1735863254777084,most barriers
AR,Arkansas,Monroe,5095,6512,4982,13.3,78.3,45.9,14.1,27.5,21.6,14.3,43.8,7.1,43.7,28.9,24.8,20.0,36.8,21.700000000000003,54.1,1.030623707150298,1.5975171129294643,most barriers
IL,Illinois,Pope,17151,3707,3288,8.2,75.4,59.5,8.0,14.5,12.2,9.8,31.5,5.6,39.6,18.4,24.1,15.8,22.9,24.599999999999994,40.5,-0.37207300893673806,-0.338299586315153,some
IN,Indiana,Pulaski,18131,12385,9679,9.5,76.9,57.2,8.1,15.4,12.0,11.4,35.1,6.3,38.7,21.4,27.1,18.8,26.6,23.099999999999994,42.8,-0.32119879324297335,0.22309358395133155,some
KS,Kansas,Sheridan,20179,2423,1821,8.3,74.2,68.4,6.3,10.7,10.1,8.9,29.7,5.3,34.8,15.8,21.8,14.7,24.2,25.799999999999997,31.599999999999994,-0.7206004111493431,-0.8941616344668335,fewest barriers
IL,Illinois,Carroll,17015,15526,12708,9.7,74.8,62.6,8.3,15.6,13.0,10.3,32.6,5.8,39.3,19.3,22.6,16.2,23.9,25.200000000000003,37.4,-0.22835099328889263,-0.1710653701779897,some
ME,Maine,York,23031,218586,180518,7.7,77.8,65.5,7.5,9.7,10.0,8.0,29.2,5.3,32.9,16.2,26.8,13.7,19.7,22.200000000000003,34.5,-0.8494348277243201,-1.0595943016457745,fewest barriers
SC,South Carolina,Lancaster,45057,108215,84913,11.8,78.6,62.7,8.4,16.8,13.5,11.3,31.5,5.3,35.8,18.2,23.2,12.8,24.8,21.400000000000006,37.3,-0.2469843126381813,-0.4547455651980513,some
OH,Ohio,Henry,39069,27520,21192,8.9,77.1,60.7,7.4,13.1,11.4,10.5,32.6,5.8,38.5,17.8,26.1,16.1,26.4,22.900000000000006,39.3,-0.5403502793799827,-0.25589006064879605,fewest barriers
SC,South Carolina,Union,45087,26629,21101,15.6,78.4,50.8,13.3,27.8,20.5,15.0,40.6,7.0,43.8,26.9,24.9,19.7,31.9,21.599999999999994,49.2,0.9961879696031275,1.4153831253196671,most barriers
WI,Wisconsin,Rock,55105,164278,127890,9.2,74.5,63.6,7.4,13.4,11.2,10.3,29.3,5.5,41.7,18.4,24.1,14.9,28.4,25.5,36.4,-0.43762711600548315,-0.3189737668749637,some
CA,California,Alameda,6001,1622188,1306255,7.2,71.4,65.1,7.7,14.2,11.9,10.1,26.5,4.3,22.5,17.5,18.9,9.2,20.1,28.599999999999994,34.900000000000006,-0.3460907616510247,-1.6295752288132246,some
MD,Maryland,Montgomery,24031,1058474,819715,9.1,75.4,68.7,6.4,12.5,11.3,9.2,28.8,4.3,25.9,14.5,17.7,7.2,18.3,24.599999999999994,31.299999999999997,-0.6394038602072462,-1.600138037335121,fewest barriers
OH,Ohio,Shelby,39149,47765,36087,8.4,76.3,60.6,7.8,13.8,11.4,10.9,33.5,6.2,39.5,18.6,26.7,17.4,28.0,23.700000000000003,39.4,-0.4836559260070529,-0.004033977406935585,some
KS,Kansas,Cherokee,20021,19054,14716,10.1,74.7,58.3,9.2,16.4,13.4,10.6,32.8,6.4,43.7,21.0,23.8,19.3,28.8,25.299999999999997,41.7,-0.05046759231073592,0.2812780629565752,many
GA,Georgia,Butts,13035,26887,21395,14.8,76.4,53.7,10.7,20.2,16.8,12.6,37.5,6.1,38.2,22.5,20.6,17.6,30.4,23.599999999999994,46.3,0.5062299123201207,0.40764575340795084,most barriers
AR,Arkansas,Randolph,5121,18907,14260,12.2,75.9,49.1,11.1,21.1,15.9,12.2,38.4,7.3,41.4,26.6,28.1,20.5,36.1,24.099999999999994,50.9,0.47127182692383873,1.0318167980894164,most barriers
IA,Iowa,Hancock,19081,10615,8332,8.0,75.4,65.7,7.1,12.6,10.1,9.6,30.8,5.5,42.5,17.9,21.9,16.3,26.5,24.599999999999994,34.3,-0.658306522643239,-0.305985192396494,fewest barriers
AR,Arkansas,Ashley,5003,18262,14105,13.7,78.2,48.6,13.3,26.5,20.1,14.2,42.1,7.3,45.2,29.2,27.4,20.7,39.4,21.799999999999997,51.4,0.8853584836896161,1.646311633861308,most barriers
IL,Illinois,Schuyler,17169,6733,5549,9.3,75.4,58.6,9.0,16.9,13.7,11.0,34.1,6.2,40.2,20.6,23.6,17.6,25.0,24.599999999999994,41.4,-0.11800952799636166,0.1505605421210525,many
NY,New York,Kings,36047,2561225,2003937,8.9,79.4,59.8,11.1,23.7,19.2,11.1,28.8,5.1,25.0,19.2,16.3,12.2,25.7,20.599999999999994,40.2,0.1703335661691496,-1.0609647438567675,many
MS,Mississippi,Bolivar,28011,28968,21837,14.2,82.8,8.1,18.0,34.4,25.8,17.9,48.5,7.4,46.8,30.9,19.5,20.4,41.3,17.200000000000003,91.9,1.9796882354104473,2.412182747703201,most barriers
MI,Michigan,Macomb,26099,875101,695938,6.8,79.7,65.3,8.5,15.9,13.0,9.6,33.5,5.5,37.3,18.7,26.9,15.4,25.2,20.299999999999997,34.7,-0.6426479701450334,-0.38420781050100755,fewest barriers
CA,California,Riverside,6065,2492442,1899181,13.0,70.6,64.1,10.6,21.0,18.7,11.3,31.2,5.4,37.0,23.9,22.0,11.6,26.9,29.400000000000006,35.900000000000006,0.637329536594924,-0.13314981328804168,most barriers
OK,Oklahoma,Creek,40037,73332,56335,10.6,76.9,56.7,9.6,18.1,14.1,11.2,34.8,6.4,39.7,20.3,26.0,18.7,29.9,23.099999999999994,43.3,-0.012023450310052362,0.21172233946155106,many
OH,Ohio,Jackson,39079,32606,24867,9.5,76.6,57.1,9.1,16.9,12.9,12.4,38.0,6.8,44.5,22.8,29.9,20.3,32.3,23.400000000000006,42.9,-0.17043508012622186,0.872847645608106,many
NC,North Carolina,Alleghany,37005,11342,9426,13.7,76.6,55.4,10.0,18.5,14.0,11.2,34.7,6.7,36.6,22.1,27.6,17.9,26.8,23.400000000000006,44.6,0.21656409923195274,0.22778697742600956,many
IN,Indiana,Warren,18171,8518,6645,8.4,77.1,60.4,7.5,13.8,11.0,10.9,33.7,6.0,41.4,19.7,27.3,17.8,24.7,22.900000000000006,39.6,-0.5533267079191495,0.08722562165782162,fewest barriers
WV,West Virginia,Taylor,54091,16388,13194,9.4,77.3,49.5,9.5,17.1,13.6,12.6,38.4,6.8,41.6,24.4,31.9,20.8,32.5,22.700000000000003,50.5,-0.04499111661344762,0.8528055763244415,many
LA,Louisiana,Ascension,22005,131632,97316,8.2,80.7,64.5,9.0,17.3,14.1,11.2,37.0,5.6,35.0,19.6,27.2,15.1,25.7,19.299999999999997,35.5,-0.4954567728417341,-0.13152861895503873,some
MO,Missouri,Reynolds,29179,5950,4821,11.6,74.7,49.9,10.9,18.8,15.1,11.8,35.0,7.1,41.0,25.1,27.5,22.4,33.8,25.299999999999997,50.1,0.3810931936607777,0.7198721700549735,most barriers
NM,New Mexico,Grant,35017,27472,22591,16.8,66.1,56.1,11.4,22.2,17.9,11.4,30.0,6.1,33.9,23.4,23.2,13.7,25.9,33.900000000000006,43.9,1.2238004639507962,-0.15862387777283546,most barriers
GA,Georgia,Clayton,13063,298300,219599,17.0,80.2,48.6,15.4,30.5,26.3,16.1,41.7,6.0,44.8,25.2,16.8,15.9,32.9,19.799999999999997,51.4,1.4369623451105162,1.2777148113155044,most barriers
AK,Alaska,Ketchikan Gateway,2130,13738,11023,9.8,66.9,60.3,8.6,13.5,11.6,8.6,30.9,5.3,37.4,18.3,19.5,16.0,21.0,33.099999999999994,39.7,0.10413100865855734,-0.6444855337715527,many
MO,Missouri,Grundy,29079,9815,7321,10.7,75.6,55.0,10.0,16.9,14.1,11.2,34.2,6.5,39.6,23.2,27.1,20.5,32.5,24.400000000000006,45.0,0.07218922558257414,0.3378462088024405,many
VA,Virginia,Stafford,51179,165428,122402,9.1,77.0,69.5,6.9,11.7,10.9,10.2,30.7,4.8,35.2,15.9,22.1,10.8,22.0,23.0,30.5,-0.7380391083964036,-0.8393592846578656,fewest barriers
IN,Indiana,Jay,18075,20032,14886,10.5,76.7,54.4,9.1,17.6,13.1,12.2,36.7,6.7,43.6,23.1,27.7,20.7,29.0,23.299999999999997,45.6,-0.05648400985334801,0.7503474486512998,many
MN,Minnesota,Kandiyohi,27067,43813,33278,10.5,72.7,66.5,8.5,14.2,11.7,10.0,28.3,5.4,41.0,16.8,24.4,14.9,24.1,27.299999999999997,33.5,-0.2159039910767999,-0.5147299320084208,some
OH,Ohio,Meigs,39105,21767,17309,10.3,76.5,53.3,10.5,19.8,14.7,13.5,38.2,7.7,44.0,25.1,29.4,22.8,36.9,23.5,46.7,0.1629405311581074,1.2836045339871265,many
MO,Missouri,Sullivan,29211,5797,4514,14.1,75.4,51.4,10.5,18.7,15.9,11.9,34.5,6.5,40.4,24.0,25.4,19.3,33.4,24.599999999999994,48.6,0.46331533959561694,0.4833140151398843,most barriers
KS,Kansas,Washington,20201,5504,4139,8.8,73.9,63.7,6.9,12.3,11.1,8.9,29.8,5.4,34.4,16.1,21.3,15.7,26.1,26.099999999999994,36.3,-0.49393433579281254,-0.869126529249772,some
NC,North Carolina,Halifax,37083,47298,37177,14.5,79.7,51.9,15.8,30.9,23.5,15.2,42.9,7.1,42.6,27.3,23.9,20.5,33.1,20.299999999999997,48.1,1.2059179297831382,1.5195131513282634,most barriers
MO,Missouri,Benton,29015,20552,16999,10.3,75.6,54.1,9.5,16.0,13.6,11.0,33.4,6.5,38.9,22.2,27.3,20.4,30.7,24.400000000000006,45.9,-0.009508008095866376,0.21113154515142152,many
MT,Montana,Broadwater,30007,8032,6410,9.7,68.0,59.5,7.2,11.1,9.5,7.8,28.4,5.2,30.3,16.5,24.7,14.1,19.8,32.0,40.5,-0.1733470647672168,-1.2354247088756856,many
CA,California,Santa Cruz,6087,261547,214446,9.2,69.3,64.3,8.3,14.5,12.9,9.0,27.7,5.0,26.8,19.3,23.3,10.7,20.4,30.700000000000003,35.7,-0.042543244756215175,-1.234514533891864,many
WI,Wisconsin,Shawano,55115,41109,32448,8.8,75.2,65.8,8.1,14.3,11.6,9.7,28.9,5.8,40.2,18.3,23.7,17.1,27.8,24.799999999999997,34.2,-0.44383289512855617,-0.38436707391999175,some
MO,Missouri,Linn,29115,11791,9017,10.1,75.8,52.5,9.3,15.5,13.2,10.5,33.0,6.2,35.9,22.0,26.7,19.5,30.9,24.200000000000003,47.5,-0.048032662793928954,-0.06415777266981224,many
GA,Georgia,Glynn,13127,86172,68495,13.2,77.5,60.9,9.6,17.8,15.3,12.0,37.5,5.6,35.5,20.1,20.5,15.0,26.4,22.5,39.1,0.07522367710801232,0.004521253515094253,many
AK,Alaska,Fairbanks North Star,2090,94840,72305,9.5,66.8,63.2,7.6,11.2,10.5,8.3,31.7,5.0,35.8,16.5,20.1,14.3,21.8,33.2,36.8,-0.11276373472939334,-0.8630236799965874,many
ID,Idaho,Caribou,16029,7219,5232,10.2,70.9,66.6,7.6,12.7,10.9,8.7,28.3,5.4,34.8,17.4,23.0,13.8,22.8,29.099999999999994,33.400000000000006,-0.26948675131743455,-0.8733617221681376,some
AL,Alabama,Calhoun,1015,116429,91555,11.0,77.6,55.8,10.8,21.5,15.5,12.9,41.5,6.4,39.1,24.4,25.3,17.0,31.0,22.400000000000006,44.2,0.20544539329685527,0.8004207481541415,many
NE,Nebraska,Pawnee,31133,2512,1933,10.3,71.9,59.3,8.1,15.1,11.1,9.9,31.7,5.9,38.4,18.3,19.3,17.2,29.5,28.099999999999994,40.7,-0.10607794434630001,-0.30359155921464265,many
LA,Louisiana,LaSalle,22059,14800,11610,11.2,78.0,54.5,10.6,20.9,15.8,12.4,37.2,6.4,38.9,23.9,27.2,19.1,30.0,22.0,45.5,0.19871807612309764,0.5454696787816994,many
OH,Ohio,Sandusky,39143,58709,46050,9.7,77.4,59.1,8.3,14.8,12.5,11.6,34.1,6.2,40.6,19.6,26.2,16.9,27.7,22.599999999999994,40.9,-0.3476006663628178,0.17605971115059046,some
VA,Virginia,Charles City,51036,6610,5657,10.5,78.4,60.1,11.2,20.6,17.2,13.7,37.7,6.0,41.6,22.5,23.2,17.1,28.8,21.599999999999994,39.9,0.14307799960165854,0.636966828153574,many
NH,New Hampshire,Hillsborough,33011,427354,344717,7.7,75.7,69.5,6.1,10.4,9.4,7.9,28.0,4.7,32.8,13.9,22.1,10.7,21.4,24.299999999999997,30.5,-0.8894052937854671,-1.375339035086288,fewest barriers
VA,Virginia,Portsmouth,51740,96793,74620,10.9,79.2,58.9,12.3,22.9,19.0,14.9,39.3,6.1,41.0,23.5,22.9,16.7,29.7,20.799999999999997,41.1,0.3396846144116745,0.8536558447236274,many
IN,Indiana,Jefferson,18077,33056,26481,8.8,78.3,57.8,7.8,14.6,11.5,11.1,34.5,5.9,36.8,20.2,27.5,17.8,24.2,21.700000000000003,42.2,-0.4948942658165311,-0.06470139750734823,some
DE,Delaware,Kent,10001,189789,146800,9.8,80.8,61.9,9.1,16.6,15.1,12.4,36.0,5.5,43.9,20.2,23.3,14.0,30.7,19.200000000000003,38.1,-0.35215864903395827,0.32365789517642385,some
VA,Virginia,Richmond,51760,229247,189438,9.8,78.9,61.8,10.2,18.3,15.6,13.5,37.6,5.8,38.3,20.1,22.3,14.6,25.9,21.099999999999994,38.2,-0.12699075769543308,0.3132865034700676,many
GA,Georgia,Richmond,13245,205414,158562,14.6,79.4,51.5,13.5,26.2,22.3,15.9,41.0,6.1,37.2,25.2,20.5,16.8,30.5,20.599999999999994,48.5,0.9221468057773139,0.923912405486383,most barriers
IA,Iowa,Wapello,19179,35166,26771,10.4,75.1,58.4,9.2,17.0,13.3,11.5,31.8,6.1,41.9,21.0,21.1,18.3,29.6,24.900000000000006,41.6,-0.04315387995979928,0.16628807835338127,many
AL,Alabama,Lawrence,1079,33502,26186,11.1,77.2,52.1,10.8,20.6,15.0,12.5,38.7,6.6,39.2,23.7,26.1,18.8,29.4,22.799999999999997,47.9,0.23934170645042385,0.6705798998163177,many
IL,Illinois,Livingston,17105,35320,27580,9.3,75.1,59.6,8.2,15.4,13.0,9.9,31.5,5.6,36.0,18.8,23.1,15.7,23.9,24.900000000000006,40.4,-0.23265249893801843,-0.4685286675167486,some
NM,New Mexico,Colfax,35007,12255,10226,16.9,66.1,59.3,11.0,21.1,17.5,11.4,30.4,6.0,32.1,22.9,22.8,14.0,25.2,33.900000000000006,40.7,1.1141519602418781,-0.2678261837579214,most barriers
GA,Georgia,Dooly,13093,10981,9303,17.6,77.1,50.0,13.5,26.2,21.7,15.2,41.9,6.6,41.1,25.8,18.5,18.4,32.8,22.900000000000006,50.0,1.1929111438407152,1.220725770853953,most barriers
VA,Virginia,Gloucester,51073,40057,32065,8.3,76.8,67.9,6.8,11.2,10.1,9.9,31.9,5.2,35.4,16.4,25.6,13.6,22.1,23.200000000000003,32.099999999999994,-0.7986082120354489,-0.6853970470971315,fewest barriers
UT,Utah,Utah,49049,719174,495249,9.5,71.3,75.7,6.2,10.4,9.1,8.8,27.9,4.9,31.6,13.9,25.1,7.0,15.6,28.700000000000003,24.299999999999997,-0.6719369814936756,-1.3026098369682404,fewest barriers
AZ,Arizona,Cochise,4003,124640,99219,14.9,70.9,55.5,9.8,18.5,15.2,10.6,31.9,5.8,31.8,21.2,21.2,13.4,24.2,29.099999999999994,44.5,0.5948873568069524,-0.41538429760466167,most barriers
IL,Illinois,De Witt,17039,15365,12070,8.2,75.3,62.0,7.6,13.9,11.7,9.6,31.2,5.5,37.9,18.0,23.9,15.5,22.5,24.700000000000003,38.0,-0.4623186893200355,-0.48554390491958693,some
LA,Louisiana,Bossier,22015,129795,97847,8.3,80.7,58.0,10.1,19.4,15.6,12.1,37.0,6.0,40.9,21.6,27.2,16.3,29.3,19.299999999999997,42.0,-0.2166052679131839,0.3949851463716083,some
NE,Nebraska,Garden,31069,1794,1468,10.3,72.8,55.4,8.2,15.1,11.4,10.5,32.6,6.1,40.6,17.9,19.3,16.8,28.9,27.200000000000003,44.6,-0.07686258747412542,-0.08534380451461701,many
WI,Wisconsin,Florence,55037,4682,4032,8.0,74.5,60.7,6.7,11.5,9.8,9.2,29.2,5.5,36.8,16.4,25.3,14.9,25.9,25.5,39.3,-0.6074193971425416,-0.7245390547832898,fewest barriers
VA,Virginia,Richmond,51159,9184,7501,12.8,76.1,53.1,10.5,19.4,15.8,12.7,37.7,6.2,37.4,23.0,22.7,17.8,28.3,23.900000000000006,46.9,0.35056915281152695,0.43726527203443694,many
CA,California,Mariposa,6043,16919,13883,7.9,69.7,59.4,8.8,15.0,13.3,9.4,29.0,5.5,30.9,20.2,25.0,13.3,22.0,30.299999999999997,40.6,-0.0025814208461059315,-0.8013720842833049,many
MO,Missouri,Ralls,29173,10489,8338,9.5,75.7,58.4,8.8,14.5,12.6,10.4,33.7,6.1,39.7,20.9,26.8,19.3,29.9,24.299999999999997,41.6,-0.23963670562332648,0.04765620658226487,some
IL,Illinois,Bond,17005,16450,13506,9.2,75.6,54.0,8.6,16.0,13.4,10.3,32.8,5.8,39.8,19.3,23.4,15.9,23.7,24.400000000000006,46.0,-0.12686339064641564,-0.14089906269083025,many
VA,Virginia,Lancaster,51103,10859,9249,9.4,77.5,63.4,9.4,17.0,14.1,11.6,35.5,5.8,36.5,19.9,23.9,14.9,25.2,22.5,36.6,-0.24321508302525338,-0.030122244782166963,some
MN,Minnesota,Pope,27121,11400,8902,7.7,72.8,64.4,7.4,11.4,9.7,8.9,28.6,5.4,38.9,15.7,25.7,15.2,22.7,27.200000000000003,35.599999999999994,-0.5585938530376503,-0.740835364849508,fewest barriers
MS,Mississippi,Lamar,28073,66217,50292,9.7,80.1,10.1,9.3,16.3,13.4,11.2,38.0,5.7,38.5,19.2,21.7,14.8,28.7,19.900000000000006,89.9,0.3569348254449338,0.0697105993472458,many
OK,Oklahoma,Roger Mills,40129,3295,2502,10.6,76.7,56.7,9.6,18.0,13.7,11.3,36.6,6.6,40.6,20.5,26.3,18.2,31.4,23.299999999999997,43.3,-0.020576122836090394,0.39356689226262875,many
NC,North Carolina,Robeson,37155,117365,86828,16.7,80.1,48.8,17.6,31.2,23.0,16.4,42.9,8.1,48.1,30.6,23.4,23.1,34.9,19.900000000000006,51.2,1.4412317198313822,2.262509135661522,most barriers
MI,Michigan,St. Joseph,26149,60878,46399,9.2,76.4,60.7,9.0,17.0,13.1,10.5,32.6,6.1,38.3,20.4,28.7,17.8,24.9,23.599999999999994,39.3,-0.2234450050520462,-0.0730265488783144,some
IA,Iowa,Page,19145,15014,12305,8.6,74.9,62.5,8.4,15.1,11.7,10.6,34.0,6.1,42.8,19.4,21.4,18.6,27.2,25.099999999999994,37.5,-0.3490789014076494,0.14555549728174402,some
OH,Ohio,Delaware,39041,231636,175070,5.3,80.1,73.2,4.8,7.8,7.2,8.7,28.2,4.4,30.9,11.4,21.6,9.9,17.1,19.900000000000006,26.799999999999997,-1.5197461984168983,-1.566172415638523,fewest barriers
LA,Louisiana,West Baton Rouge,22121,28266,21373,8.2,81.2,56.1,10.9,21.3,17.2,12.6,40.1,5.8,41.3,21.7,25.9,16.1,27.5,18.799999999999997,43.9,-0.05803255599393281,0.540971245008848,many
KS,Kansas,Allen,20001,12412,9628,9.6,74.8,58.1,7.9,14.3,12.2,10.1,31.4,5.9,38.0,18.8,23.9,17.4,27.7,25.200000000000003,41.9,-0.259311065894379,-0.2933202192264339,some
NE,Nebraska,Butler,31023,8459,6408,9.4,72.7,65.1,6.5,11.6,9.4,8.8,28.8,5.2,38.6,15.3,17.4,14.5,25.6,27.299999999999997,34.900000000000006,-0.5320719969586796,-0.8220603817704906,fewest barriers
OK,Oklahoma,Marshall,40095,15970,12272,14.5,76.0,49.3,11.3,22.6,17.0,12.2,36.7,6.9,39.7,23.7,26.2,19.4,35.2,24.0,50.7,0.6815242256894155,0.6567803192672086,most barriers
GA,Georgia,Liberty,13179,69210,50108,14.8,78.7,53.7,11.4,21.6,18.9,13.9,39.1,5.8,33.9,22.3,18.9,15.4,29.8,21.299999999999997,46.3,0.5543271787399404,0.3184313038300305,most barriers
VA,Virginia,Amelia,51007,13480,10676,11.0,76.8,59.5,9.9,18.0,14.4,12.8,36.1,6.3,38.8,22.4,24.9,18.0,28.2,23.200000000000003,40.5,0.0005063499503229924,0.4382081353730653,many
IA,Iowa,Clay,19041,16511,12791,7.3,74.7,66.0,7.0,12.1,9.9,9.5,30.5,5.4,35.5,16.6,21.3,15.9,24.7,25.299999999999997,34.0,-0.6927011958554696,-0.716252838068298,fewest barriers
OK,Oklahoma,Murray,40099,13754,10683,11.6,76.6,55.3,10.2,19.4,14.9,11.3,36.7,6.5,41.6,21.5,26.1,18.5,32.9,23.400000000000006,44.7,0.1778545014686632,0.46166401281016106,many
NY,New York,Schoharie,36095,30105,24919,6.4,78.3,58.4,7.7,13.4,12.1,8.7,30.4,5.4,33.0,15.9,21.5,14.3,23.6,21.700000000000003,41.6,-0.6462551067924344,-0.9319138479158149,fewest barriers
MS,Mississippi,Tate,28137,28261,22008,11.6,79.1,9.1,11.1,20.8,16.5,12.5,39.0,6.1,36.4,22.5,20.5,17.0,32.1,20.900000000000006,90.9,0.8709194061208785,0.38282266861454495,most barriers
GA,Georgia,Muscogee,13215,201877,151740,14.3,78.6,54.6,12.1,22.4,19.0,14.1,39.4,5.8,40.4,23.3,19.8,15.4,29.4,21.400000000000006,45.4,0.5863550643724179,0.6774112671992779,most barriers
ND,North Dakota,Pembina,38067,6661,5261,8.5,71.4,62.1,7.1,12.2,10.3,9.3,30.3,5.8,42.1,17.8,21.6,15.3,24.0,28.599999999999994,37.9,-0.38625875583818536,-0.30098386290730383,some
IL,Illinois,Hardin,17069,3569,2918,9.2,74.9,56.5,8.8,16.5,13.4,10.5,32.9,6.1,39.6,20.3,24.7,17.7,24.8,25.099999999999994,43.5,-0.10293222259137924,-0.008281419100864235,many
IN,Indiana,Owen,18119,21532,17270,9.0,77.1,56.3,8.1,15.3,11.8,11.1,34.5,6.2,41.2,21.2,28.2,18.7,25.6,22.900000000000006,43.7,-0.35528656898905847,0.24679345109110695,some
MN,Minnesota,Freeborn,27047,30515,23904,10.5,71.3,60.4,8.6,14.8,11.8,9.9,28.9,5.7,36.2,18.7,24.1,16.7,27.9,28.700000000000003,39.6,-0.03332415262115695,-0.5479961097645274,many
WV,West Virginia,Ohio,54069,41194,33156,7.8,78.1,60.7,8.4,14.3,12.2,12.0,36.7,6.2,40.1,21.3,31.2,17.3,28.1,21.900000000000006,39.3,-0.5256285708005078,0.3747692178351431,fewest barriers
IA,Iowa,Monroe,19135,7504,5790,7.0,75.1,66.6,6.7,11.6,9.5,9.1,30.7,5.4,38.1,16.4,21.8,15.9,23.8,24.900000000000006,33.400000000000006,-0.7837779793058361,-0.6388660072451844,fewest barriers
WI,Wisconsin,Calumet,55015,53199,41590,7.5,75.0,69.4,6.0,10.0,8.8,8.5,26.8,5.0,32.8,14.4,24.3,12.8,24.2,25.0,30.599999999999994,-0.9044070853886897,-1.275360635609228,fewest barriers
MO,Missouri,Newton,29145,60677,46193,10.5,76.0,59.9,9.5,15.9,13.6,11.1,33.5,6.2,38.9,21.3,26.1,18.4,29.9,24.0,40.1,-0.10450122149240794,0.10919827366563295,many
HI,Hawaii,Maui,15009,164183,130270,6.7,70.4,64.5,8.8,18.3,12.5,9.6,25.4,5.0,26.2,16.6,16.9,13.4,19.1,29.599999999999994,35.5,-0.11510475943774261,-1.4252579774870637,many
RI,Rhode Island,Kent,44003,171278,140721,6.6,83.7,72.1,6.9,11.8,10.7,9.6,31.5,5.0,32.7,15.4,25.8,12.8,22.3,16.299999999999997,27.900000000000006,-1.243210809196636,-0.9411530943688151,fewest barriers
OH,Ohio,Wayne,39169,116510,88780,8.8,76.3,61.5,7.6,13.8,11.1,10.8,32.8,6.0,38.0,18.7,26.5,17.1,26.1,23.700000000000003,38.5,-0.4987065915930377,-0.1526434427313794,some
GA,Georgia,Walton,13297,106702,81495,13.4,76.2,56.5,9.3,17.3,14.7,11.3,34.6,5.6,38.1,19.7,21.0,14.9,27.0,23.799999999999997,43.5,0.1583177941187316,-0.08301449695543771,many
SC,South Carolina,Horry,45051,397478,331067,13.0,78.7,61.5,8.3,16.6,13.1,10.9,33.7,5.5,32.4,18.8,23.1,15.1,23.1,21.299999999999997,38.5,-0.19785211680433257,-0.470110354437132,some
IA,Iowa,Davis,19051,9169,6446,9.3,74.2,63.9,7.7,14.1,11.0,9.7,31.8,5.8,37.8,19.5,22.7,18.1,26.8,25.799999999999997,36.1,-0.3930464107049296,-0.31401388738197855,some
AZ,Arizona,La Paz,4012,16710,14156,18.1,69.5,49.1,12.8,24.5,18.9,11.5,31.0,6.4,36.1,24.8,21.2,16.7,28.1,30.5,50.9,1.4096200346994092,0.1254664518428381,most barriers
IL,Illinois,Clay,17025,12999,10006,9.5,74.9,57.9,9.3,17.7,13.7,10.9,33.3,6.3,41.5,21.3,25.1,18.3,25.8,25.099999999999994,42.1,-0.033353949867237796,0.221413844001694,many
OH,Ohio,Portage,39133,162665,133435,7.5,77.6,63.7,7.4,12.6,10.8,10.5,32.3,5.9,34.0,17.5,25.1,15.7,24.7,22.400000000000006,36.3,-0.7196079732766497,-0.45352686947915544,fewest barriers
WI,Wisconsin,Iron,55051,6228,5234,7.8,73.8,67.1,7.2,12.3,10.4,9.6,27.8,5.7,34.6,17.2,24.5,15.6,26.6,26.200000000000003,32.900000000000006,-0.600877641580703,-0.7578991152916462,fewest barriers
MT,Montana,Mineral,30061,5090,4134,10.6,67.8,60.0,8.5,14.0,11.1,8.8,29.3,5.7,35.8,18.5,26.1,15.6,22.3,32.2,40.0,0.09492331793062829,-0.6551660954290652,many
ND,North Dakota,Barnes,38003,10726,8591,7.2,71.1,65.2,6.6,10.9,9.3,9.0,30.1,5.4,38.5,15.8,21.4,14.3,22.2,28.900000000000006,34.8,-0.5889377156715612,-0.6823440846912435,fewest barriers
UT,Utah,Cache,49005,142393,101374,9.7,70.6,65.9,7.2,12.2,9.6,9.5,28.7,5.2,30.3,16.2,26.6,9.1,16.9,29.400000000000006,34.099999999999994,-0.3591627575155795,-1.0859232797615612,some
NM,New Mexico,San Juan,35045,120675,90972,13.3,67.7,52.5,15.9,27.4,21.3,12.8,31.1,7.0,35.2,26.3,24.1,20.5,25.8,32.3,47.5,1.548257333738933,0.4218492304100082,most barriers
NE,Nebraska,Saline,31151,14555,10731,15.2,71.9,58.1,8.1,16.5,13.1,10.5,29.3,5.5,41.2,18.5,17.3,14.5,28.7,28.099999999999994,41.9,0.28827516893849264,-0.31858054093444854,many
ID,Idaho,Twin Falls,16083,95156,70457,13.2,71.0,63.2,8.6,15.3,12.7,9.9,28.4,5.6,33.5,19.3,24.2,13.6,27.1,29.0,36.8,0.1337570298073815,-0.6844431383595705,many
AR,Arkansas,Hempstead,5057,19343,14429,14.9,77.2,49.6,12.9,25.9,20.7,13.6,40.5,6.8,45.8,27.3,23.2,18.1,38.0,22.799999999999997,50.4,0.9678209439188095,1.342987514001889,most barriers
IA,Iowa,Bremer,19017,25307,19617,6.1,75.4,68.6,6.0,9.8,8.5,8.4,29.5,5.0,38.6,14.7,20.5,14.2,21.4,24.599999999999994,31.400000000000006,-1.0042796087175896,-0.90490597647785,fewest barriers
NC,North Carolina,Catawba,37035,164645,129398,11.5,76.5,60.3,8.4,15.2,12.3,10.1,32.7,5.7,37.2,18.4,26.6,15.0,23.2,23.5,39.7,-0.2158644197690761,-0.34161595575681114,some
CA,California,Monterey,6053,430723,321055,16.2,70.5,57.5,11.5,22.6,19.0,11.6,30.3,5.6,31.4,25.4,19.4,12.1,26.7,29.5,42.5,1.0150420132292943,-0.27133132832468887,most barriers
LA,Louisiana,St. John the Baptist,22095,39592,30134,10.0,82.4,54.9,13.5,27.5,22.1,14.9,42.8,6.2,41.5,24.9,24.6,16.7,30.9,17.599999999999994,45.1,0.5088087323691665,1.109419630857382,most barriers
IN,Indiana,Greene,18055,31196,24492,9.2,76.8,56.6,8.3,15.9,11.9,11.6,35.4,6.5,40.4,22.2,27.7,19.8,26.6,23.200000000000003,43.4,-0.3022045944376914,0.4131654311737919,some
IL,Illinois,Effingham,17049,34331,26215,7.6,75.3,65.8,7.1,12.7,10.8,9.2,30.4,5.3,34.2,16.9,23.5,14.3,21.5,24.700000000000003,34.2,-0.6459386495402749,-0.8149937658524168,fewest barriers
AK,Alaska,Sitka,2220,8282,6728,9.0,66.5,61.2,7.9,12.1,10.7,8.4,30.0,5.0,29.7,15.9,19.8,13.9,18.4,33.5,38.8,-0.04595883441291867,-1.218369832157109,many
NY,New York,Oneida,36065,227555,178989,7.0,78.1,60.8,8.8,15.8,13.9,9.5,31.8,5.6,36.4,17.5,21.3,14.7,26.8,21.900000000000006,39.2,-0.438690340300756,-0.5325693192493013,some
GA,Georgia,McIntosh,13191,11501,9721,16.1,76.9,53.2,13.6,25.7,20.1,14.5,40.4,7.1,40.9,26.9,22.5,20.2,33.5,23.099999999999994,46.8,1.0065977371915293,1.2610036806956706,most barriers
IA,Iowa,Louisa,19115,10513,8288,10.4,75.1,64.3,7.7,14.5,11.7,10.1,30.3,5.5,40.0,18.6,20.7,16.0,27.2,24.900000000000006,35.7,-0.34625468445292434,-0.36013271048508744,some
IN,Indiana,Allen,18003,394545,294905,9.1,78.3,59.5,8.1,15.3,12.2,11.8,34.5,5.7,39.5,19.2,26.5,14.7,22.4,21.700000000000003,40.5,-0.4392862534976454,0.02043686731367552,some
GA,Georgia,Tattnall,13267,24296,19380,18.9,76.1,48.7,13.7,26.4,20.7,15.0,41.0,7.3,40.8,27.2,20.3,20.5,34.4,23.900000000000006,51.3,1.3078795965437002,1.3890571356211785,most barriers
AL,Alabama,Winston,1133,23611,18837,12.6,76.5,56.8,10.8,21.5,14.6,12.7,39.5,7.1,39.0,25.5,28.0,20.2,31.8,23.5,43.2,0.2950824668969407,0.9180599435476477,many
WV,West Virginia,Randolph,54083,27350,22356,9.4,76.8,52.8,9.5,17.2,13.5,12.7,39.6,6.8,46.2,24.0,32.3,20.8,31.4,23.200000000000003,47.2,-0.0688954790657804,1.0944538522136589,many
CA,California,Tulare,6107,479468,338551,18.3,68.0,52.6,13.7,27.5,22.4,13.1,31.4,6.2,35.3,29.5,22.1,14.2,32.9,32.0,47.4,1.7154586041110953,0.4111712634429347,most barriers
VA,Virginia,Danville,51590,41837,32396,12.9,79.5,52.2,15.2,29.1,22.7,16.6,42.6,6.9,42.3,27.9,23.1,20.0,34.0,20.5,47.8,1.010861272127668,1.5953046316112656,most barriers
NY,New York,Chenango,36017,45920,36448,6.9,76.6,59.1,8.6,15.9,13.4,9.3,30.2,5.8,36.1,17.9,22.7,15.7,25.7,23.400000000000006,40.9,-0.37428044663666693,-0.5625047498597029,some
MN,Minnesota,Carver,27019,111057,83547,6.1,73.2,72.7,5.6,8.3,7.3,7.3,23.9,4.3,31.3,11.9,23.5,11.0,18.3,26.799999999999997,27.299999999999997,-1.0661129750560778,-1.854336340543825,fewest barriers
UT,Utah,Emery,49015,10144,7361,10.1,69.5,63.5,7.5,13.4,10.7,9.4,30.0,5.5,30.7,17.6,28.2,11.3,19.3,30.5,36.5,-0.15593287835754166,-0.8855791452591569,many
KS,Kansas,Bourbon,20011,14408,10633,9.5,75.2,56.0,8.2,14.8,12.5,10.4,33.3,6.1,37.3,19.5,22.8,17.8,29.5,24.799999999999997,44.0,-0.2112864450496559,-0.1368856618967975,some
WV,West Virginia,Hampshire,54027,23649,19427,9.1,76.8,52.0,9.0,15.9,13.3,12.4,37.4,6.5,38.8,23.3,31.9,20.7,31.2,23.200000000000003,48.0,-0.14589882517219688,0.5471997014234404,many
LA,Louisiana,Natchitoches,22069,36291,28127,9.3,81.0,51.1,14.0,27.4,20.9,14.8,43.4,6.9,42.4,26.7,28.2,19.8,32.4,19.0,48.9,0.5744456364357663,1.4195940605565585,most barriers
KS,Kansas,Pottawatomie,20149,26382,18835,7.9,73.6,69.3,6.0,9.9,9.6,8.5,30.2,5.1,35.8,14.2,20.5,13.7,23.1,26.400000000000006,30.700000000000003,-0.784185357222055,-0.9867876701651003,fewest barriers
VA,Virginia,Louisa,51109,41037,32859,9.2,76.8,66.9,8.1,13.9,11.9,10.9,33.3,5.6,36.1,18.5,24.4,14.9,23.7,23.200000000000003,33.099999999999994,-0.5163030062154079,-0.3140494619351449,fewest barriers
IL,Illinois,Gallatin,17059,4670,3791,9.4,74.7,55.7,9.1,17.2,13.6,10.5,32.7,6.2,40.9,21.0,25.3,18.2,25.4,25.299999999999997,44.3,-0.026513540704506827,0.09646012775223198,many
KS,Kansas,Ellis,20051,28810,23071,8.9,75.9,66.5,7.2,12.4,11.1,9.7,32.1,5.8,38.9,17.0,20.7,14.9,24.3,24.099999999999994,33.5,-0.607021584589649,-0.36618495603583245,fewest barriers
MN,Minnesota,Hubbard,27057,22132,17563,7.7,73.0,65.7,7.6,12.0,9.9,9.3,26.3,5.4,35.3,15.5,24.4,14.8,21.9,27.0,34.3,-0.5511904427498767,-0.9675182053783941,fewest barriers
MO,Missouri,New Madrid,29143,15424,11775,11.9,75.7,50.2,12.4,22.0,17.6,12.7,37.4,6.8,43.0,26.2,27.2,21.8,36.9,24.299999999999997,49.8,0.616360868729555,0.9621747101223406,most barriers
IN,Indiana,St. Joseph,18141,272848,209729,9.2,78.9,59.7,8.5,16.0,13.0,11.7,35.1,5.7,36.0,20.7,27.7,15.6,26.1,21.099999999999994,40.3,-0.3925876854937078,-0.04851382763673065,some
MS,Mississippi,Pontotoc,28115,31535,23394,12.8,77.7,9.7,10.6,20.1,15.4,12.2,39.2,6.3,38.8,23.4,21.3,17.9,33.5,22.299999999999997,90.3,0.9036732995794986,0.5595128525355599,most barriers
KS,Kansas,Linn,20107,9860,7693,9.0,74.1,61.5,7.0,12.3,10.9,9.2,29.9,5.6,36.9,17.4,21.9,16.5,25.5,25.900000000000006,38.5,-0.46359004607191556,-0.6210929984149907,some
MI,Michigan,Muskegon,26121,176564,137270,8.1,77.6,62.8,9.5,17.3,14.2,10.7,32.6,6.0,44.2,20.4,28.5,17.3,26.8,22.400000000000006,37.2,-0.29070398613350806,0.17737591598288377,some
IL,Illinois,Peoria,17143,177513,135266,8.1,76.6,59.7,8.9,16.6,13.8,10.9,33.3,5.5,35.1,18.7,22.8,14.3,22.6,23.400000000000006,40.3,-0.26678801635836635,-0.3734727809251945,some
AR,Arkansas,Madison,5087,17775,13547,13.1,75.5,48.4,10.3,20.1,15.2,11.3,38.4,6.9,40.6,25.5,26.9,19.3,33.4,24.5,51.6,0.4474633251671234,0.7684511985066423,most barriers
VA,Virginia,Fredericksburg,51630,28928,22830,9.0,78.1,63.3,8.3,14.4,12.7,11.6,33.5,5.4,41.5,18.3,23.8,12.8,24.2,21.900000000000006,36.7,-0.4826355157927222,-0.06666838669873866,some
CA,California,Humboldt,6023,133985,109146,7.7,69.9,57.9,10.1,17.5,14.5,10.0,29.9,5.9,32.1,21.7,26.8,15.0,23.2,30.099999999999994,42.1,0.1895967473528343,-0.4915259674103396,many
LA,Louisiana,West Feliciana,22125,15371,12848,9.0,79.9,57.3,10.3,19.9,16.5,12.8,40.6,6.1,39.3,21.3,22.5,16.1,27.3,20.099999999999994,42.7,-0.06938236276713801,0.548612463428592,many
MN,Minnesota,Rice,27131,67948,53679,9.2,73.6,66.3,8.0,13.3,10.9,9.4,30.3,5.3,38.7,15.8,23.3,14.9,25.4,26.400000000000006,33.7,-0.4115529439784235,-0.6546533224976177,some
AZ,Arizona,Pinal,4021,484239,380282,14.0,72.7,56.2,9.4,18.3,14.1,10.9,31.6,5.4,38.7,20.7,20.6,12.7,24.4,27.299999999999997,43.8,0.37650949325682537,-0.22193103347101814,most barriers
SC,South Carolina,Chester,45023,32226,25136,14.5,78.3,55.1,12.2,25.4,19.1,13.7,38.3,6.5,37.7,23.9,24.1,18.1,31.2,21.700000000000003,44.9,0.6963611165543715,0.6788858737238451,most barriers
VA,Virginia,Clarke,51043,15466,12491,8.1,76.6,69.0,6.1,9.9,9.0,9.1,29.5,4.9,32.6,15.2,25.1,11.9,21.0,23.400000000000006,31.0,-0.9346090132904923,-1.1070457046208053,fewest barriers
GA,Georgia,Heard,13149,12034,9275,14.1,75.2,54.6,9.9,18.2,14.7,11.9,35.1,6.3,35.3,22.1,23.5,18.5,29.3,24.799999999999997,45.4,0.33161252004087444,0.15053001938380373,many
KS,Kansas,Jackson,20085,13368,10012,9.3,74.1,64.2,7.4,12.9,11.6,9.7,30.6,5.7,37.7,17.2,22.1,16.3,25.5,25.900000000000006,35.8,-0.41923124550065927,-0.4969239793429475,some
NC,North Carolina,Mitchell,37121,14999,12283,10.0,76.8,62.8,7.5,12.8,10.6,9.4,32.1,5.7,37.0,17.5,27.5,15.1,22.7,23.200000000000003,37.2,-0.530919747459371,-0.4779233909841135,fewest barriers
VA,Virginia,Washington,51191,54050,44535,8.6,76.1,63.5,7.4,12.2,10.1,10.3,32.4,5.8,38.4,17.9,26.2,15.5,24.7,23.900000000000006,36.5,-0.6227545743743401,-0.281798226427179,fewest barriers
NM,New Mexico,Sandoval,35043,155936,122649,12.8,66.3,61.4,9.2,16.6,14.5,9.7,29.3,5.0,32.6,18.2,24.0,11.4,21.1,33.7,38.6,0.5107140180698407,-0.9022395577619868,most barriers
NE,Nebraska,Furnas,31065,4556,3583,10.1,73.2,59.9,7.4,14.1,10.5,9.9,31.3,5.8,44.9,16.7,18.8,15.9,26.6,26.799999999999997,40.1,-0.28096970383105563,-0.13352524597802068,some
KS,Kansas,Douglas,20045,120553,99565,7.8,77.4,62.6,6.8,11.4,10.5,9.2,29.2,5.2,33.1,15.6,24.0,13.3,20.0,22.599999999999994,37.4,-0.7575710828862056,-0.9964683719382819,fewest barriers
IL,Illinois,Stephenson,17177,43105,34127,8.8,76.2,58.7,8.8,16.5,13.8,10.4,32.4,5.6,41.0,19.2,24.3,15.8,24.6,23.799999999999997,41.3,-0.2040954261382769,-0.15046467140971703,some
GA,Georgia,Taylor,13269,7758,6246,17.9,76.9,44.6,15.6,30.3,22.9,16.0,41.8,7.5,42.5,29.9,22.4,22.4,36.0,23.099999999999994,55.4,1.5777009289785007,1.7564669698073598,most barriers
LA,Louisiana,Vermilion,22113,56992,42588,9.6,78.5,55.9,11.6,22.5,16.6,12.8,38.6,6.8,42.6,24.5,29.6,20.3,31.0,21.5,44.1,0.20232450871438887,0.9270078144948297,many
KS,Kansas,Stanton,20187,1901,1393,20.2,73.0,55.4,10.6,22.1,18.3,12.5,31.8,6.3,40.2,24.4,19.9,16.8,34.1,27.0,44.6,1.0412155353113837,0.38348762938359754,most barriers
OH,Ohio,Hamilton,39061,827058,638290,7.8,78.7,59.6,8.3,15.0,13.0,11.9,33.9,5.7,35.8,17.8,25.9,14.3,23.8,21.299999999999997,40.4,-0.4947486309555278,-0.22033209282167174,some
MD,Maryland,Calvert,24009,94728,72945,6.9,77.3,70.7,6.2,10.9,10.7,9.1,32.6,4.5,35.9,14.9,20.5,11.0,18.8,22.700000000000003,29.299999999999997,-0.9575142944103018,-0.9463864413438493,fewest barriers
AR,Arkansas,Cross,5037,16420,12527,12.7,77.3,49.4,12.7,24.8,19.1,13.4,41.5,7.2,44.8,27.7,26.4,20.0,36.9,22.700000000000003,50.6,0.7443956676601324,1.440579111318828,most barriers
NY,New York,Cortland,36023,45752,37332,6.1,78.1,61.1,7.9,13.7,12.3,8.6,30.0,5.5,32.3,16.4,23.4,14.4,23.9,21.900000000000006,38.9,-0.663396055597849,-0.9406716834125568,fewest barriers
MN,Minnesota,Waseca,27161,18981,14718,9.3,72.4,64.8,8.1,13.4,11.2,9.5,28.1,5.4,39.2,16.9,25.7,15.7,25.3,27.599999999999994,35.2,-0.30532804751662884,-0.6413908347245508,some
NC,North Carolina,Franklin,37069,77001,60292,11.7,78.2,61.3,9.3,17.0,14.2,10.7,34.4,5.7,38.3,19.0,25.2,14.8,24.0,21.799999999999997,38.7,-0.12717427417490135,-0.1425096699345406,many
GA,Georgia,Bibb,13021,156512,118300,14.8,79.8,52.9,14.1,26.7,21.7,15.2,42.0,6.3,45.0,25.3,19.9,17.3,31.5,20.200000000000003,47.1,0.9181599015896507,1.2981769444868276,most barriers
MS,Mississippi,Tunica,28143,9234,6698,16.5,82.7,5.3,22.1,42.7,31.7,19.9,51.2,8.0,50.8,34.7,18.7,23.6,44.8,17.299999999999997,94.7,2.8440991788451044,3.1965526918114007,most barriers
SC,South Carolina,McCormick,45065,9941,8927,13.8,79.3,58.4,11.3,23.1,18.6,13.6,38.4,6.1,38.3,21.7,20.7,15.9,26.9,20.700000000000003,41.6,0.42763260857423946,0.5020335656595318,most barriers
MO,Missouri,Washington,29221,23534,18183,11.6,75.2,51.7,11.2,19.4,15.6,12.2,36.1,7.2,41.3,25.6,27.4,22.9,33.8,24.799999999999997,48.3,0.384133212165523,0.8616111007946927,most barriers
NE,Nebraska,Hitchcock,31087,2552,1964,9.5,72.7,58.3,7.4,13.4,10.4,9.7,31.5,5.7,42.1,16.2,19.0,15.8,27.0,27.299999999999997,41.7,-0.28836070837289834,-0.31242197107171304,some
KS,Kansas,Osage,20139,15824,12172,9.2,74.5,62.7,7.1,12.8,11.2,9.6,32.4,5.7,41.5,17.9,22.6,16.7,26.4,25.5,37.3,-0.4586124319882128,-0.23327575147098298,some
OK,Oklahoma,Latimer,40077,9526,7375,12.8,75.3,46.9,14.0,26.9,19.3,13.8,39.2,7.8,43.1,26.7,27.8,23.8,36.0,24.700000000000003,53.1,1.025080197225965,1.4095323715322423,most barriers
MD,Maryland,Somerset,24039,24910,20561,11.3,78.6,50.6,12.4,24.2,20.4,13.3,41.6,6.7,39.8,23.5,21.1,18.2,31.2,21.400000000000006,49.4,0.6057565553092109,0.9043750230887865,most barriers
IN,Indiana,Rush,18139,16847,13067,8.8,77.8,59.8,8.2,15.6,11.9,11.5,34.6,6.3,39.0,21.3,27.9,19.0,26.0,22.200000000000003,40.2,-0.4326408153625898,0.21966956814790112,some
IA,Iowa,Greene,19073,8584,6667,7.6,74.8,65.5,7.4,12.8,10.4,9.8,30.9,5.6,36.0,18.1,22.2,17.3,25.8,25.200000000000003,34.5,-0.6124598668659221,-0.5339716459216748,fewest barriers
VA,Virginia,Buckingham,51029,16978,13997,11.6,77.2,56.4,11.0,20.5,16.6,13.6,38.3,6.5,43.1,23.7,23.7,18.5,29.2,22.799999999999997,43.6,0.27582821957950504,0.896687461585888,many
OH,Ohio,Belmont,39013,64918,52858,8.6,77.1,56.9,8.3,14.9,12.4,11.5,35.4,6.5,40.9,20.6,27.3,18.6,30.2,22.900000000000006,43.1,-0.36094194477243974,0.354008298931596,some
IL,Illinois,Jasper,17079,9144,7080,7.4,75.2,66.2,7.0,12.2,10.7,9.1,30.2,5.3,38.0,16.6,24.2,14.6,21.3,24.799999999999997,33.8,-0.6808052103753242,-0.6798732797562999,fewest barriers
IL,Illinois,Will,17197,700728,537627,9.5,76.1,66.6,7.3,13.5,12.3,9.5,29.5,4.7,37.7,17.1,19.2,11.5,23.5,23.900000000000006,33.400000000000006,-0.5034988088536022,-0.812998334500735,fewest barriers
MI,Michigan,Calhoun,26025,133366,102982,8.0,77.9,63.9,9.5,18.1,14.1,11.2,34.9,6.1,42.5,19.7,27.9,17.0,26.6,22.099999999999994,36.1,-0.30861168215913143,0.23665871881565917,some
MS,Mississippi,Lincoln,28085,34702,26720,11.5,78.7,7.9,11.9,21.9,17.2,13.1,40.6,6.4,40.1,23.2,20.6,18.1,33.4,21.299999999999997,92.1,1.006639116167803,0.7701240853844503,most barriers
MO,Missouri,Holt,29087,4248,3342,9.4,75.4,54.5,8.7,14.2,12.5,10.3,32.8,6.0,37.0,20.3,26.0,18.7,30.4,24.599999999999994,45.5,-0.1921882330042655,-0.16842794061080993,some
IA,Iowa,Pottawattamie,19155,93179,72047,8.6,74.8,62.2,7.9,14.8,11.3,9.7,30.8,5.5,39.2,18.0,22.8,17.4,26.2,25.200000000000003,37.8,-0.39286978210482965,-0.4366449193606206,some
WI,Wisconsin,Vernon,55123,31170,23135,8.7,74.1,62.3,7.6,13.5,10.9,9.7,29.5,6.0,38.7,18.5,24.7,16.6,27.5,25.900000000000006,37.7,-0.42322567735598254,-0.36618812282128904,some
OH,Ohio,Knox,39083,63320,48925,8.1,75.7,61.8,7.3,13.0,10.8,10.5,33.1,5.9,37.8,17.4,26.8,16.4,26.5,24.299999999999997,38.2,-0.5618034335031091,-0.25881259005541474,fewest barriers
IN,Indiana,Vanderburgh,18163,179810,140992,8.4,80.5,62.4,8.3,15.5,12.1,11.2,35.1,6.0,38.6,20.5,27.9,16.8,25.4,19.5,37.6,-0.6132025955631881,0.08606342555823494,fewest barriers
MT,Montana,Rosebud,30087,8160,5803,12.7,68.3,50.4,13.8,23.3,16.7,11.5,35.2,6.7,39.8,24.3,25.4,21.0,26.4,31.700000000000003,49.6,1.102261001353759,0.5140381786265322,most barriers
OK,Oklahoma,Bryan,40013,48967,37465,11.7,77.2,54.5,11.1,21.1,15.7,12.0,37.6,6.9,40.4,23.0,27.6,19.6,33.3,22.799999999999997,45.5,0.2953908670598317,0.6756210179256593,many
GA,Georgia,Gwinnett,13135,983526,730986,16.1,76.5,59.9,9.2,17.6,15.6,12.0,32.7,5.1,34.5,19.0,15.7,11.5,27.3,23.5,40.1,0.27595460546227785,-0.41296764554099086,many
IA,Iowa,Wayne,19185,6557,4850,8.2,74.7,58.5,7.8,13.9,11.0,10.0,31.6,6.0,41.2,19.1,22.5,18.2,27.0,25.299999999999997,41.5,-0.3983258387123716,-0.11585227900274835,some
OH,Ohio,Defiance,39039,38315,29722,9.6,76.9,61.6,7.6,13.8,11.8,10.9,32.3,5.9,35.5,18.2,26.2,16.4,26.4,23.099999999999994,38.4,-0.4597303152944024,-0.3210945604324335,some
LA,Louisiana,West Carroll,22123,9323,7222,10.1,78.6,49.0,11.7,23.2,17.1,12.9,38.8,6.9,40.3,25.4,29.5,20.8,31.5,21.400000000000006,51.0,0.36751739464806005,0.9091945522543726,many
CA,California,San Diego,6073,3269973,2594848,8.7,71.9,65.8,8.3,15.2,13.8,9.4,27.4,4.7,25.4,18.4,21.2,10.1,20.4,28.099999999999994,34.2,-0.1642620243822311,-1.3876773633739223,many
IL,Illinois,Clark,17023,15088,11771,7.8,75.4,65.5,7.4,13.3,11.2,9.4,31.0,5.5,37.1,17.5,23.8,15.1,21.7,24.599999999999994,34.5,-0.586363808923498,-0.569048878388559,fewest barriers
VA,Virginia,Harrisonburg,51660,51082,42177,14.3,76.9,58.0,10.9,20.4,16.1,13.9,35.5,6.7,39.1,23.7,24.8,16.3,29.6,23.099999999999994,42.0,0.3830612239279419,0.6814399146107274,most barriers
GA,Georgia,Banks,13011,19789,15562,14.8,74.6,51.1,9.2,17.1,13.8,11.5,34.6,6.2,34.2,21.6,23.7,17.4,28.0,25.400000000000006,48.9,0.34244529593451656,-0.0010882098026766985,many
KS,Kansas,Thomas,20193,7865,5942,8.6,73.9,65.1,6.5,10.9,10.2,9.0,30.1,5.2,36.5,15.7,21.6,13.9,24.4,26.099999999999994,34.900000000000006,-0.6214968841670103,-0.8237298179802515,fewest barriers
AR,Arkansas,Franklin,5047,17468,13545,12.1,75.8,46.7,10.5,19.8,15.2,11.7,38.5,7.1,39.8,26.2,28.5,20.0,33.5,24.200000000000003,53.3,0.4073667727350612,0.8542702689448248,most barriers
UT,Utah,Sanpete,49039,30277,23084,12.1,69.5,61.5,8.7,16.0,12.5,10.3,28.6,6.0,30.2,18.9,26.7,11.9,20.9,30.5,38.5,0.1906405810445089,-0.7035518571580679,many
WV,West Virginia,McDowell,54047,17439,14224,14.3,76.9,40.7,15.7,30.2,21.6,17.4,44.6,8.9,46.1,34.8,32.6,29.3,42.6,23.099999999999994,59.3,1.3944175587740035,2.7223880604729036,most barriers
ID,Idaho,Boundary,16021,13557,10356,12.0,70.7,63.8,9.0,16.0,12.4,9.4,28.8,6.0,33.2,19.4,23.6,15.2,23.9,29.299999999999997,36.2,0.10682634385373858,-0.6214201091306217,many
NH,New Hampshire,Sullivan,33019,43969,36340,8.4,72.3,62.6,7.2,12.2,10.3,8.4,29.1,5.2,33.2,15.4,25.8,13.3,22.7,27.700000000000003,37.4,-0.437226549192713,-1.0761192541458353,some
MS,Mississippi,Jefferson Davis,28065,10969,8785,13.6,81.5,7.4,17.1,33.1,25.2,16.8,47.1,7.1,45.8,28.7,19.3,21.0,38.8,18.5,92.6,1.9103154416349515,2.0391774048024742,most barriers
ND,North Dakota,Mountrail,38061,9383,6651,10.3,71.8,60.5,10.3,18.2,14.7,11.6,32.7,6.4,41.8,21.0,20.7,19.0,29.4,28.200000000000003,39.5,0.23563615465936485,0.28271824263796863,many
MS,Mississippi,Warren,28149,42298,32439,11.0,81.1,9.4,12.3,23.1,18.5,13.5,41.5,5.9,43.8,22.4,19.1,16.4,31.5,18.900000000000006,90.6,0.9474227109650685,0.8445240951050292,most barriers
OH,Ohio,Montgomery,39113,533796,415836,8.1,79.1,59.2,9.0,15.8,13.7,12.5,33.4,5.9,37.4,20.1,26.7,15.7,28.2,20.900000000000006,40.8,-0.4026546213055358,0.035026467890211306,some
CA,California,San Luis Obispo,6079,281639,233172,8.0,69.4,67.3,8.0,13.8,12.4,8.6,28.2,5.0,27.6,18.2,23.7,11.3,19.6,30.599999999999994,32.7,-0.21051665195288427,-1.263737510487965,some
AL,Alabama,Bibb,1007,21868,17522,13.0,77.3,50.2,12.2,24.3,17.2,13.9,42.4,7.0,43.7,26.3,25.0,19.9,31.9,22.700000000000003,49.8,0.6316423498018321,1.3616893606414382,most barriers
NE,Nebraska,Platte,31141,34609,25501,13.0,74.0,59.6,7.2,13.9,10.8,10.0,30.4,5.3,42.1,15.9,16.4,13.8,26.1,26.0,40.4,-0.1672367752524143,-0.4444675520024397,many
MN,Minnesota,Morrison,27097,34250,26469,8.2,71.9,65.4,7.8,12.6,10.3,9.3,29.1,5.6,37.1,16.4,25.9,16.7,24.5,28.099999999999994,34.599999999999994,-0.42241672444110584,-0.6819690889224322,some
MI,Michigan,Clare,26035,31316,25226,8.6,77.2,62.6,10.3,19.5,14.4,11.1,35.4,6.9,40.1,22.4,30.4,20.0,27.8,22.799999999999997,37.4,-0.12693043701685877,0.46400636923291616,many
MO,Missouri,Butler,29023,41948,32109,11.8,75.9,52.9,11.6,20.7,16.5,12.6,37.6,7.1,41.3,26.7,28.7,22.7,36.1,24.099999999999994,47.1,0.4372027154310098,0.9844015399720945,most barriers
IA,Iowa,Madison,19121,16971,12791,6.3,75.1,72.5,5.9,9.8,8.5,8.5,28.8,5.0,36.6,14.8,21.3,14.1,21.6,24.900000000000006,27.5,-1.0406512032398096,-1.0080375301817603,fewest barriers
GA,Georgia,Putnam,13237,23129,18686,14.0,77.4,56.2,10.8,20.0,16.7,12.7,36.9,6.2,39.6,21.9,21.3,16.0,28.4,22.599999999999994,43.8,0.3750450075135962,0.45031339232559453,most barriers
WV,West Virginia,Calhoun,54013,5959,4871,11.5,77.1,45.5,12.9,24.5,17.7,15.1,41.3,8.3,40.4,30.6,33.8,27.0,37.8,22.900000000000006,54.5,0.6950131907419229,1.7941992378324207,most barriers
OK,Oklahoma,Garfield,40047,62023,46027,12.5,76.7,55.0,9.4,18.5,14.5,11.3,36.1,6.2,42.1,20.5,23.5,17.3,31.3,23.299999999999997,45.0,0.13817511939623267,0.3389835521035914,many
GA,Georgia,Echols,13101,3709,2736,20.0,73.9,54.5,10.1,19.7,16.3,12.3,33.7,6.0,37.8,22.7,20.9,16.0,30.1,26.099999999999994,45.5,0.8260872569515639,0.18929377118813592,most barriers
OK,Oklahoma,Washita,40149,10736,8159,11.4,75.9,54.6,9.0,17.7,13.5,10.8,34.8,6.4,39.5,20.4,26.3,17.8,30.8,24.099999999999994,45.4,0.04045461920871624,0.17208809907461003,many
GA,Georgia,Decatur,13087,29087,22056,17.0,78.0,51.8,14.2,27.6,22.2,15.3,40.9,6.8,42.4,26.7,21.0,19.4,33.5,22.0,48.2,1.1895505649758225,1.3347527673633448,most barriers
CA,California,Tuolumne,6109,54204,44852,7.5,70.9,65.0,8.3,13.8,12.5,8.9,28.8,5.3,29.2,18.8,25.5,12.9,20.9,29.099999999999994,35.0,-0.2565496327796365,-1.0408785071936895,some
AK,Alaska,Kenai Peninsula,2122,61223,47721,10.3,62.4,59.5,8.2,13.4,11.2,7.9,30.3,5.5,32.0,17.5,20.7,16.2,20.3,37.6,40.5,0.32201466628962566,-0.9536347098573819,many
IL,Illinois,McLean,17113,170441,134722,7.1,77.0,62.6,6.9,12.5,10.9,9.5,31.2,5.0,36.0,15.8,22.2,12.2,19.9,23.0,37.4,-0.7235260348796014,-0.8004717047694843,fewest barriers
NE,Nebraska,Greeley,31077,2219,1694,9.5,71.7,61.9,6.9,12.5,10.0,9.3,29.8,5.5,35.3,15.7,18.2,15.2,26.0,28.299999999999997,38.1,-0.3601942218463632,-0.7876696003573773,some
KS,Kansas,Graham,20065,2376,1886,9.1,74.4,65.1,7.7,13.7,11.9,10.2,32.8,5.9,37.3,18.3,21.8,16.4,27.0,25.599999999999994,34.900000000000006,-0.406432384426246,-0.27914114241957555,some
AR,Arkansas,Poinsett,5111,22397,16955,13.1,76.1,44.4,11.8,22.6,16.8,12.1,38.2,7.3,41.3,27.1,27.9,20.8,37.1,23.900000000000006,55.6,0.6937699555230933,1.0327932881832056,most barriers
NC,North Carolina,Sampson,37163,59601,44966,16.2,77.6,53.2,12.1,23.3,18.2,13.0,38.0,6.6,41.7,24.4,25.4,17.5,29.4,22.400000000000006,46.8,0.7499727573540645,0.8263009503254869,most barriers
AL,Alabama,Jackson,1071,53467,42355,11.8,76.8,52.0,10.6,20.8,14.3,12.7,39.6,7.0,39.1,24.9,28.2,19.4,30.6,23.200000000000003,48.0,0.2640836122953445,0.8747535248382304,many
NM,New Mexico,Eddy,35015,60275,44384,17.2,65.1,57.4,10.4,19.7,17.0,10.7,30.5,5.8,39.8,22.1,23.1,13.4,26.4,34.900000000000006,42.6,1.1137489900533268,-0.07523359429249712,most barriers
OH,Ohio,Franklin,39049,1326063,1019364,8.3,79.7,65.6,8.5,15.4,12.6,11.8,33.0,5.6,33.7,18.3,25.6,14.0,23.9,20.299999999999997,34.400000000000006,-0.5965317147230685,-0.3606446074895193,fewest barriers
VA,Virginia,James City,51095,82654,66533,7.1,78.4,73.0,6.0,9.7,9.2,9.1,30.0,4.6,32.5,14.3,23.4,10.3,19.0,21.599999999999994,27.0,-1.137242010631389,-1.2055067159743045,fewest barriers
IL,Illinois,Marshall,17123,11683,9285,8.7,75.2,59.0,7.7,14.2,11.9,9.7,31.3,5.6,38.6,18.3,24.3,15.7,22.9,24.799999999999997,41.0,-0.3659103344207433,-0.4036484448604959,some
MO,Missouri,Pemiscot,29155,14613,10795,13.6,78.1,47.3,15.2,27.9,21.6,14.9,40.1,7.7,44.9,30.8,26.8,25.3,40.5,21.900000000000006,52.7,1.1114053587866295,1.783053043127886,most barriers
ND,North Dakota,Eddy,38027,2263,1680,8.8,72.6,60.2,8.3,14.6,11.6,10.2,31.6,6.1,38.8,19.1,22.0,16.8,25.3,27.400000000000006,39.8,-0.21563687065432843,-0.17809175876427052,some
MS,Mississippi,Claiborne,28021,8617,6742,14.5,83.4,6.7,20.8,39.9,30.6,19.6,51.4,7.5,50.5,32.2,17.8,21.1,42.1,16.599999999999994,93.3,2.487785254718693,2.9285679582302127,most barriers
GA,Georgia,Lamar,13171,20401,16036,12.9,77.2,55.1,10.1,18.4,15.7,12.1,36.2,5.9,37.1,20.8,21.3,16.2,28.0,22.799999999999997,44.9,0.21846277397882632,0.13490424302093254,many
MT,Montana,Lincoln,30053,21895,18010,11.8,69.2,53.4,9.6,15.6,12.2,9.4,31.7,6.1,37.6,20.5,27.4,17.4,24.0,30.799999999999997,46.6,0.3354368336241668,-0.23400809703304057,many
WV,West Virginia,Harrison,54033,64639,51001,8.5,79.2,57.7,9.0,15.8,12.7,12.6,37.1,6.5,40.1,22.7,31.1,19.2,28.6,20.799999999999997,42.3,-0.403953825086496,0.5820776297946629,some
OH,Ohio,Carroll,39019,26758,21195,9.0,76.8,55.2,8.2,15.1,12.0,11.2,33.6,6.5,38.7,20.2,27.4,19.4,30.0,23.200000000000003,44.8,-0.31654401200381016,0.13829833733313765,some
IN,Indiana,Franklin,18047,23096,17964,8.0,77.7,64.3,7.1,13.0,10.4,10.7,34.2,5.7,40.5,19.2,26.8,17.1,24.3,22.299999999999997,35.7,-0.728770231312986,-0.04582503649281093,fewest barriers
NC,North Carolina,Macon,37113,38412,31394,11.4,77.1,62.3,8.4,15.1,12.0,10.0,33.6,6.1,35.6,19.0,27.8,15.7,24.3,22.900000000000006,37.7,-0.2938929318365173,-0.2565134410947937,some
GA,Georgia,Monroe,13207,30625,24227,11.7,76.8,57.4,8.5,15.4,13.4,10.9,34.4,5.4,34.7,18.5,20.8,14.4,24.7,23.200000000000003,42.6,-0.12402309811230355,-0.37884450017982607,many
IL,Illinois,Randolph,17157,29815,23890,9.7,75.2,58.9,8.9,16.9,14.1,10.5,33.7,5.8,39.1,20.1,22.9,16.8,24.6,24.799999999999997,41.1,-0.08136381777315994,-0.08012734624527149,many
VA,Virginia,Wythe,51197,28104,22650,9.2,75.9,67.4,8.3,14.2,11.5,11.0,33.4,6.2,38.4,20.3,26.8,17.0,26.1,24.099999999999994,32.599999999999994,-0.47496898766339357,0.029272873493512524,some
WV,West Virginia,Preston,54077,34099,27943,9.6,77.0,51.7,9.2,16.9,13.5,12.6,37.7,6.7,37.3,24.0,31.7,20.8,30.2,23.0,48.3,-0.07802110048221411,0.5931070744074374,many
MO,Missouri,Scotland,29199,4676,3300,11.1,74.9,53.8,9.3,15.5,13.1,10.4,33.0,6.3,37.7,22.6,26.5,20.1,31.5,25.099999999999994,46.2,0.026881635351405007,0.05738888298361696,many
NM,New Mexico,Hidalgo,35023,3965,3115,20.6,66.0,54.9,12.9,26.0,20.6,12.6,32.0,6.5,34.7,26.6,23.0,15.3,28.9,34.0,45.1,1.7450751521754757,0.309415612140521,most barriers
VA,Virginia,Williamsburg,51830,15847,14049,8.5,78.1,66.2,8.1,13.7,12.2,11.3,33.8,5.5,37.2,17.8,23.7,13.1,23.5,21.900000000000006,33.8,-0.6012018999452837,-0.2661175662318445,fewest barriers
NE,Nebraska,Box Butte,31013,10692,8035,11.2,72.0,61.4,7.9,14.8,11.5,10.4,30.8,5.7,39.0,17.7,17.9,15.3,28.7,28.0,38.6,-0.09747007884364008,-0.34733075537739366,many
OH,Ohio,Medina,39103,184042,145211,6.7,77.4,67.7,5.9,9.6,8.9,9.4,31.3,5.1,35.9,14.7,25.2,13.2,22.6,22.599999999999994,32.3,-1.0535635916161692,-0.8343066346195982,fewest barriers
MI,Michigan,Roscommon,26143,23863,20479,7.4,77.0,65.4,8.6,15.7,12.3,10.0,32.3,6.2,39.0,19.4,29.4,17.4,24.9,23.0,34.599999999999994,-0.5063070555326211,-0.11954292460426204,fewest barriers
NY,New York,Rockland,36087,340807,238842,8.5,78.6,62.7,8.7,16.8,15.3,9.9,29.1,5.2,30.9,17.1,18.4,11.8,26.3,21.400000000000006,37.3,-0.33446625257781565,-0.9670638566281115,some
GA,Georgia,Coweta,13077,155892,120448,11.2,76.7,63.4,7.5,13.3,12.0,10.8,32.6,5.0,35.2,16.9,19.7,12.2,24.1,23.299999999999997,36.6,-0.4023010805701255,-0.6122912379478492,some
NV,Nevada,Lyon,32019,62583,49698,13.0,70.0,58.2,9.5,16.5,13.9,9.8,31.6,5.7,35.0,21.3,22.4,16.0,25.9,30.0,41.8,0.37635429371840406,-0.37936054541116193,most barriers
LA,Louisiana,St. Tammany,22103,275583,211037,7.3,78.6,63.6,8.5,15.9,13.3,10.9,34.0,5.6,37.1,18.8,26.2,14.6,24.8,21.400000000000006,36.4,-0.5257732886425802,-0.22767595710177568,fewest barriers
OH,Ohio,Paulding,39125,18706,14290,9.3,76.8,58.7,7.8,14.3,11.7,11.2,34.0,6.1,41.1,18.9,27.1,17.5,29.1,23.200000000000003,41.3,-0.40774282721572,0.10194408166049315,some
MD,Maryland,Dorchester,24019,32879,26096,10.8,78.5,55.8,11.0,21.0,18.1,12.8,36.9,6.2,41.9,22.1,21.6,16.6,27.8,21.5,44.2,0.2503118185415165,0.5685606309824436,many
MD,Maryland,Kent,24029,19303,16393,8.6,76.7,67.4,7.7,14.1,12.7,10.3,35.2,5.3,36.4,17.3,24.0,13.2,22.4,23.299999999999997,32.599999999999994,-0.5369767132396475,-0.40328244051655204,fewest barriers
ID,Idaho,Owyhee,16073,12722,9638,18.1,70.2,60.0,11.1,21.5,16.4,11.1,31.2,6.5,33.5,23.7,23.1,16.7,29.4,29.799999999999997,40.0,0.9397557608649199,-0.03986290118129245,most barriers
AR,Arkansas,Newton,5101,7071,5758,11.0,75.7,50.8,9.4,17.4,13.5,10.9,37.7,6.8,38.7,23.6,27.2,18.7,31.1,24.299999999999997,49.2,0.09866040521615838,0.510464383545244,many
GA,Georgia,Twiggs,13289,7691,6243,15.8,77.0,53.0,12.5,24.0,19.6,13.7,39.0,6.4,39.5,24.8,20.8,19.0,31.1,23.0,47.0,0.8583986913846128,0.8024242043511753,most barriers
KS,Kansas,Logan,20109,2665,1984,10.2,73.8,61.1,7.7,13.6,11.9,10.0,31.4,5.9,40.1,18.5,22.5,16.4,27.7,26.200000000000003,38.9,-0.26376056712079454,-0.22404737607712635,some
MS,Mississippi,Smith,28129,14099,10861,13.1,78.6,7.5,12.7,24.6,18.1,13.5,42.3,6.9,43.8,25.6,22.2,20.6,35.5,21.400000000000006,92.5,1.2580844785164151,1.270116649254256,most barriers
WV,West Virginia,Berkeley,54003,132440,101986,8.9,78.7,60.6,8.8,15.5,13.5,12.0,36.9,6.0,38.1,21.5,29.9,17.2,30.4,21.299999999999997,39.4,-0.3882036625926268,0.25525189684728317,some
IA,Iowa,Audubon,19009,5534,4333,7.8,74.7,63.2,7.6,13.4,10.7,9.8,31.4,5.8,37.8,18.0,21.9,17.0,25.2,25.299999999999997,36.8,-0.5240950825017204,-0.38946770391526553,fewest barriers
SC,South Carolina,Abbeville,45001,24434,19650,13.3,78.9,59.7,10.7,22.1,16.5,13.2,37.2,6.2,38.0,22.3,24.8,16.9,29.1,21.099999999999994,40.3,0.25752915451017927,0.45530067178331024,many
UT,Utah,Duchesne,49013,20477,14005,11.4,70.3,63.4,8.5,15.5,12.0,10.2,29.6,5.9,31.6,19.5,26.0,11.8,23.8,29.700000000000003,36.6,0.04186844737090151,-0.6073300125645087,many
IL,Illinois,Sangamon,17167,193491,151879,7.4,77.2,62.1,7.8,14.1,12.3,9.8,32.2,5.2,39.6,17.1,22.0,13.5,21.0,22.799999999999997,37.9,-0.5592037633500182,-0.466878900696604,fewest barriers
IL,Illinois,Monroe,17133,34957,27543,6.0,76.2,70.4,5.4,8.9,8.5,7.8,28.2,4.5,34.9,13.4,22.6,11.3,17.2,23.799999999999997,29.599999999999994,-1.134391217804678,-1.3563293796865408,fewest barriers
HI,Hawaii,Hawaii,15001,207615,164992,7.0,71.2,62.6,10.8,21.7,14.9,9.6,24.8,5.4,27.5,19.3,21.7,15.0,20.7,28.799999999999997,37.4,0.1922703707387693,-1.1726612025172394,many
NC,North Carolina,Caldwell,37027,80574,64820,12.1,76.8,59.0,9.0,16.6,12.8,10.3,33.5,6.2,33.2,20.6,27.7,17.3,25.5,23.200000000000003,41.0,-0.08724223829263737,-0.24194691380066397,many
MS,Mississippi,Forrest,28035,78208,60424,11.0,80.2,9.6,12.1,23.2,17.6,13.5,41.0,6.2,37.6,22.7,20.6,16.6,30.6,19.799999999999997,90.4,0.9446908261736312,0.6409891522087451,most barriers
KS,Kansas,Hamilton,20075,2437,1730,17.5,73.2,59.3,8.3,16.7,15.1,10.6,30.8,5.6,40.0,19.9,18.9,14.3,29.5,26.799999999999997,40.7,0.4248046327572947,-0.21160552439629265,most barriers
ND,North Dakota,Steele,38091,1782,1384,7.7,72.1,64.1,6.7,11.4,9.5,9.0,29.9,5.7,34.9,16.3,21.5,14.8,22.4,27.900000000000006,35.900000000000006,-0.5684706542828741,-0.7508749244592059,fewest barriers
VA,Virginia,Mecklenburg,51117,30648,24987,10.9,78.0,59.9,11.1,20.0,16.5,13.6,37.7,6.3,41.5,22.7,24.7,17.2,28.6,22.0,40.1,0.13725886513215832,0.7071535732905208,many
NE,Nebraska,Dundy,31057,1561,1277,9.9,73.5,61.0,7.5,13.6,10.7,9.9,31.1,5.6,37.4,16.5,18.8,15.2,26.6,26.5,39.0,-0.32216178912578275,-0.527798629529536,some
MI,Michigan,Leelanau,26089,23019,19453,5.3,78.1,76.2,5.9,9.5,8.4,7.9,28.1,4.9,31.9,13.5,26.6,11.4,17.9,21.900000000000006,23.799999999999997,-1.3067112240120697,-1.3788837633021553,fewest barriers
OH,Ohio,Union,39159,69637,53037,6.5,78.5,69.7,5.7,9.5,8.7,9.3,30.2,4.9,39.0,13.7,24.4,12.2,22.8,21.5,30.299999999999997,-1.1692686830948549,-0.8484355780387661,fewest barriers
LA,Louisiana,Evangeline,22039,31754,23809,12.0,79.7,45.5,14.4,29.3,21.2,15.0,42.2,7.5,44.9,29.1,28.9,22.5,35.8,20.299999999999997,54.5,0.9493585444394483,1.7533030226767738,most barriers
IL,Illinois,Lee,17103,33654,27075,9.6,75.5,59.3,8.3,15.6,13.3,10.2,32.2,5.7,38.8,18.9,22.4,15.6,24.0,24.5,40.7,-0.20904334628433963,-0.2612575410240243,some
CA,California,Mendocino,6045,89108,70576,10.9,69.5,60.6,10.7,19.9,16.8,10.4,31.0,5.9,29.5,23.0,24.5,14.7,24.2,30.5,39.4,0.5313786865900666,-0.46508458030113464,most barriers
GA,Georgia,Meriwether,13199,20931,16562,15.5,76.8,51.3,12.6,24.3,19.7,14.0,38.7,6.4,41.3,24.7,21.6,19.0,32.9,23.200000000000003,48.7,0.8946291836994473,0.8905159600277079,most barriers
AR,Arkansas,Arkansas,5001,16307,12549,11.8,78.1,47.8,11.1,21.9,17.5,12.1,39.3,6.5,39.0,24.9,24.7,17.6,33.7,21.900000000000006,52.2,0.4448758648586321,0.6807702820854847,most barriers
IA,Iowa,Clayton,19043,16969,13315,8.3,75.2,65.6,8.1,14.7,11.2,10.1,32.6,6.0,41.2,19.2,21.4,18.7,27.9,24.799999999999997,34.400000000000006,-0.4722766860836581,-0.06076630473690643,some
MO,Missouri,Clinton,29049,21548,16643,8.6,75.5,58.2,7.8,12.6,11.5,9.6,32.8,5.8,39.1,19.2,26.2,17.1,28.5,24.5,41.8,-0.42810425997748963,-0.23793043244782625,some
IN,Indiana,Martin,18101,9897,7723,9.0,77.1,53.9,8.1,15.1,11.8,11.5,35.2,6.4,39.1,21.1,27.3,19.3,25.7,22.900000000000006,46.1,-0.32632737635060965,0.2648493182169183,some
VA,Virginia,Franklin,51620,8339,6018,11.1,80.0,57.2,13.4,25.2,20.4,15.1,40.3,6.3,44.2,25.0,23.4,17.5,31.2,20.0,42.8,0.5171649074639242,1.169953825397941,most barriers
NC,North Carolina,Yadkin,37197,37774,30051,12.8,76.8,58.4,9.0,16.4,13.1,10.4,34.1,6.2,36.3,20.1,27.7,16.7,25.3,23.200000000000003,41.6,-0.0351359841233397,-0.09530537943470781,many
WI,Wisconsin,Adams,55001,21449,18664,10.5,74.1,63.8,8.6,16.4,12.8,11.2,32.3,6.4,40.3,20.3,25.0,18.3,30.3,25.900000000000006,36.2,-0.1370344458482555,0.1335960233596404,many
IL,Illinois,Douglas,17041,19629,14859,9.7,74.9,58.9,7.9,14.9,12.4,9.8,31.1,5.5,38.8,18.8,23.6,15.5,23.6,25.099999999999994,41.1,-0.2461549835748514,-0.39666863646470263,some
GA,Georgia,Stewart,13259,4674,4068,26.7,75.6,43.2,17.1,34.5,26.1,18.4,43.8,7.7,42.0,32.0,17.2,21.3,39.2,24.400000000000006,56.8,2.4572931576541923,2.1748329846343295,most barriers
OK,Oklahoma,Texas,40139,20371,14549,21.9,74.7,51.2,11.8,25.7,19.5,13.2,37.0,6.8,44.5,25.1,22.2,16.2,37.5,25.299999999999997,48.8,1.3235491633143575,1.0056297454504304,most barriers
KS,Kansas,Labette,20099,19728,14965,10.7,73.8,58.1,8.8,16.4,13.4,10.7,34.4,6.3,41.4,20.3,22.2,18.4,30.3,26.200000000000003,41.9,0.005292043472927874,0.20016187679643216,many
MN,Minnesota,Goodhue,27049,48035,37607,8.2,71.1,66.7,7.3,11.6,9.9,8.5,28.6,5.1,35.8,15.7,24.4,14.9,23.7,28.900000000000006,33.3,-0.47383752511618255,-0.9859300251647987,some
AR,Arkansas,Cleburne,5023,25445,20693,11.0,75.7,53.0,9.3,17.5,13.4,10.7,35.5,6.7,38.0,23.8,27.3,18.2,31.3,24.299999999999997,47.0,0.060089744766590535,0.3546326104540844,many
MS,Mississippi,Tippah,28139,21287,16342,12.9,78.6,8.5,11.8,22.0,16.4,13.1,39.7,6.7,43.5,24.1,22.1,19.2,34.8,21.400000000000006,91.5,1.042969093757445,0.9959161121572967,most barriers
SC,South Carolina,Darlington,45031,62416,48521,13.7,81.3,56.7,12.1,25.9,19.5,14.5,39.6,6.3,45.6,24.0,23.9,16.9,28.9,18.700000000000003,43.3,0.5066847042323609,1.1036478007643415,most barriers
LA,Louisiana,Lincoln,22061,47962,38485,8.7,80.8,53.6,13.9,26.6,20.2,15.1,42.7,7.1,46.3,26.4,27.8,18.9,32.5,19.200000000000003,46.4,0.46140980703194323,1.6232224525794188,most barriers
VA,Virginia,Dickenson,51051,13640,11035,11.7,75.3,57.5,10.3,18.9,13.9,12.6,36.1,7.3,39.0,24.9,28.5,21.3,31.2,24.700000000000003,42.5,0.16861046590951304,0.7898879173250601,many
NC,North Carolina,Onslow,37133,213676,160933,11.3,79.1,63.0,8.8,15.8,13.1,10.7,34.1,5.8,36.0,18.8,23.8,15.1,22.9,20.900000000000006,37.0,-0.32217641546571657,-0.2396247092691489,some
IN,Indiana,Newton,18111,13960,11012,10.5,76.3,57.8,8.3,16.1,12.5,11.4,34.6,6.2,43.3,22.0,26.1,18.6,26.5,23.700000000000003,42.2,-0.19671545415507294,0.4052382999780949,some
ID,Idaho,Ada,16001,524673,411855,8.7,75.1,71.7,6.3,10.2,9.1,8.0,28.8,4.8,28.9,14.5,25.5,10.5,17.9,24.900000000000006,28.299999999999997,-0.8438117747895663,-1.451469216753022,fewest barriers
VA,Virginia,Rockingham,51165,86568,67455,10.2,76.1,67.0,7.4,12.8,10.8,10.1,31.7,5.6,33.5,18.3,25.1,14.5,24.6,23.900000000000006,33.0,-0.5440699182543501,-0.5741228103165471,fewest barriers
KS,Kansas,Republic,20157,4627,3574,9.1,74.6,64.3,8.0,14.2,12.1,10.3,32.6,6.2,41.6,18.7,22.6,17.3,27.6,25.400000000000006,35.7,-0.3658089699089093,0.0014509458431601007,some
GA,Georgia,Hancock,13141,8676,7419,19.5,78.5,44.3,18.4,36.0,28.4,18.3,46.7,7.7,45.1,31.7,18.2,22.7,37.7,21.5,55.7,2.122790624250244,2.408750381705495,most barriers
ME,Maine,Cumberland,23005,310230,255110,6.7,77.9,68.9,7.1,8.5,8.9,7.4,27.8,4.7,26.7,13.6,26.7,11.1,16.1,22.099999999999994,31.099999999999994,-1.05551053519645,-1.7076948444432118,fewest barriers
IA,Iowa,Fayette,19065,19210,15100,7.9,75.9,60.1,7.8,14.2,11.2,10.1,32.1,5.8,39.0,18.7,21.5,17.9,27.4,24.099999999999994,39.9,-0.48027134820707024,-0.24977424301109172,some
IA,Iowa,Humboldt,19091,9500,7247,8.1,74.8,63.8,7.9,13.9,11.0,10.2,32.0,5.9,41.6,18.3,21.7,17.4,25.5,25.200000000000003,36.2,-0.4787640613354472,-0.12485733248912076,some
MO,Missouri,Mississippi,29133,11822,9153,13.2,76.9,43.9,14.0,25.2,20.2,14.1,40.0,7.4,47.7,29.4,26.0,24.2,39.8,23.099999999999994,56.1,0.9993753842142162,1.6927548778715775,most barriers
CA,California,Del Norte,6015,26589,21034,10.1,69.4,53.1,10.6,18.9,15.9,10.2,30.8,5.9,30.9,23.1,24.3,15.1,24.2,30.599999999999994,46.9,0.5329337669578628,-0.42552868896544743,most barriers
AR,Arkansas,Jackson,5067,16784,13466,13.7,76.5,45.3,13.2,26.5,19.7,13.7,41.4,7.7,43.9,29.2,26.9,21.5,38.5,23.5,54.7,0.9948954327237348,1.6152868861488447,most barriers
VA,Virginia,Poquoson,51735,12635,9735,6.7,76.6,73.2,5.6,8.6,7.9,8.8,29.4,4.8,32.9,14.0,24.5,11.3,19.1,23.400000000000006,26.799999999999997,-1.177070019041194,-1.2035755907433088,fewest barriers
NY,New York,Essex,36031,36775,31123,6.3,77.1,62.2,7.5,13.1,11.7,8.5,29.5,5.4,34.7,16.2,22.3,14.0,23.4,22.900000000000006,37.8,-0.6825326428885568,-0.8994568499390608,fewest barriers
MO,Missouri,Maries,29125,8430,6697,10.0,75.4,52.4,9.0,15.0,12.9,10.3,33.0,6.1,37.9,21.4,26.9,19.2,30.7,24.599999999999994,47.6,-0.07513259962273629,-0.04642228917606626,many
IN,Indiana,Switzerland,18155,10019,7652,10.1,76.6,56.6,8.7,16.9,12.8,11.7,36.3,6.6,39.9,22.7,28.4,20.5,27.9,23.400000000000006,43.4,-0.15859640953414406,0.48508510412840244,many
NE,Nebraska,York,31185,14356,11004,9.5,71.5,69.1,6.9,12.8,10.1,9.3,29.6,5.4,41.8,15.8,18.2,15.0,25.6,28.5,30.900000000000006,-0.4415122328505163,-0.5326254079546626,some
NM,New Mexico,Catron,35003,3825,3386,11.7,65.8,54.7,10.5,19.1,15.4,10.6,31.3,6.4,32.2,21.5,25.7,16.3,23.2,34.2,45.3,0.7523456883944618,-0.26066110964424066,most barriers
AL,Alabama,Mobile,1097,411640,316274,10.5,78.1,51.3,11.3,22.3,16.6,14.1,39.6,6.1,39.0,22.1,22.7,15.7,29.7,21.900000000000006,48.7,0.31289860904744266,0.6449513640466017,many
GA,Georgia,Tift,13277,41554,31354,16.5,77.3,53.0,12.5,24.1,19.5,14.3,38.5,6.5,39.7,24.8,21.4,18.0,32.4,22.700000000000003,47.0,0.8796667960995045,0.8682068876313804,most barriers
IN,Indiana,Daviess,18027,33656,23700,11.1,76.3,54.6,9.1,18.4,13.3,12.0,35.5,6.5,41.7,23.6,28.0,20.3,29.4,23.700000000000003,45.4,0.021948597862100353,0.5725964102623451,many
ID,Idaho,Benewah,16009,10369,8064,12.2,70.4,60.6,10.1,18.2,13.8,10.0,30.3,6.4,36.0,21.2,24.2,17.1,27.3,29.599999999999994,39.4,0.35724426080116073,-0.20318734213656123,many
NH,New Hampshire,Grafton,33009,93146,78967,7.1,71.6,67.8,6.4,10.2,9.0,7.5,27.0,4.8,26.5,13.2,24.9,11.4,18.7,28.400000000000006,32.2,-0.6987157745534933,-1.7341848501061488,fewest barriers
ID,Idaho,Kootenai,16055,185010,144057,9.2,70.7,66.8,7.2,11.7,10.0,8.0,25.5,5.2,31.5,16.1,24.9,12.3,18.4,29.299999999999997,33.2,-0.4015884096295841,-1.3043798293606108,some
IA,Iowa,Mills,19129,14633,11325,6.3,75.2,65.4,6.0,9.8,8.6,8.8,29.8,5.0,38.8,14.6,21.0,13.9,21.4,24.799999999999997,34.599999999999994,-0.9339793393623322,-0.8527543034172046,fewest barriers
IL,Illinois,Warren,17187,16185,12565,10.1,75.1,58.7,8.4,15.9,13.2,10.3,31.6,5.6,37.9,19.4,23.3,15.4,24.0,24.900000000000006,41.3,-0.14404184353469032,-0.3189746180768217,many
MO,Missouri,DeKalb,29063,9899,7741,9.7,75.4,57.2,8.4,13.7,12.4,10.1,33.5,5.8,39.2,20.0,24.6,18.1,28.2,24.599999999999994,42.8,-0.25004591917036006,-0.12402936844876514,some
AL,Alabama,Walker,1127,64728,49914,11.2,77.3,51.5,10.1,20.1,13.9,12.2,38.6,6.7,35.7,24.2,27.8,18.9,30.6,22.700000000000003,48.5,0.15078334685407926,0.5344331644635936,many
VA,Virginia,Henrico,51087,334760,262519,8.0,78.8,69.0,7.6,13.0,11.9,10.8,33.3,4.9,32.5,16.6,21.3,11.4,20.6,21.200000000000003,31.0,-0.7624534231864525,-0.7392389074041092,fewest barriers
MO,Missouri,Wright,29229,19403,14305,12.1,75.7,53.6,11.7,20.6,16.2,12.5,35.6,7.2,42.1,26.4,28.1,23.5,36.3,24.299999999999997,46.4,0.4443059344190236,0.9382855681687445,most barriers
IL,Illinois,Johnson,17087,13326,11121,10.7,75.3,58.8,9.8,18.5,15.2,11.3,35.0,6.3,41.9,21.6,22.0,17.4,25.4,24.700000000000003,41.2,0.10761453609599447,0.35874002006863065,many
NC,North Carolina,Pasquotank,37139,41444,32807,10.4,79.5,60.5,9.6,17.3,14.8,11.3,35.9,5.6,38.7,19.3,24.4,14.5,24.4,20.5,39.5,-0.19963108439120736,-0.02061794210421678,some
AL,Alabama,Coosa,1037,10268,8603,11.9,78.0,51.3,11.6,23.1,17.1,13.5,40.7,6.6,41.6,24.8,24.3,18.3,30.6,22.0,48.7,0.45120569926086596,0.996891748286909,most barriers
WI,Wisconsin,Walworth,55127,105822,85648,9.1,74.7,68.1,6.8,11.8,10.2,9.2,28.5,5.4,39.3,16.3,22.8,13.6,25.2,25.299999999999997,31.900000000000006,-0.6352328394777705,-0.673943707264499,fewest barriers
IA,Iowa,Scott,19163,174270,134300,7.2,76.9,69.8,7.2,13.3,11.2,9.4,29.3,5.2,40.6,16.8,21.2,14.3,23.2,23.099999999999994,30.200000000000003,-0.7654563594911798,-0.5931750208185604,fewest barriers
IN,Indiana,Brown,18013,15653,13065,7.6,77.7,62.7,6.7,12.0,9.9,10.3,33.3,5.6,35.6,17.9,26.4,16.3,22.7,22.299999999999997,37.3,-0.7973303324934994,-0.4160380064274619,fewest barriers
MT,Montana,Deer Lodge,30023,9673,8546,11.5,67.4,60.6,9.4,15.3,12.0,9.5,30.5,6.1,32.2,20.2,26.0,17.5,23.1,32.599999999999994,39.4,0.2771236735971338,-0.5244185108988103,many
LA,Louisiana,Richland,22083,19712,15026,10.6,80.4,50.8,14.5,29.1,21.4,15.0,42.3,7.3,43.1,28.4,28.4,21.9,34.7,19.599999999999994,49.2,0.7726234731650429,1.5977713935235194,most barriers
MA,Massachusetts,Hampden,25013,460291,365283,8.5,78.7,60.5,11.0,19.7,17.5,10.5,31.2,5.8,35.2,22.0,27.5,15.2,29.0,21.299999999999997,39.5,-0.00829066027238031,-0.2689972715155386,many
AR,Arkansas,Lee,5077,8201,6761,16.0,78.1,40.6,17.3,34.6,26.1,17.1,47.8,8.2,47.0,33.6,21.9,23.1,41.2,21.900000000000006,59.4,1.816980538239452,2.6409580423813788,most barriers
OH,Ohio,Coshocton,39031,36869,28085,9.9,76.5,58.4,9.4,17.3,13.4,12.2,35.3,6.9,41.4,21.7,29.2,20.6,30.4,23.5,41.6,-0.11488411784986137,0.5824018502835646,many
NE,Nebraska,Valley,31175,4012,3070,9.1,72.5,64.6,7.1,13.0,9.9,9.5,30.3,5.6,42.2,16.2,18.3,14.9,25.9,27.5,35.400000000000006,-0.4381635502274525,-0.40063044291325,some
MN,Minnesota,Winona,27169,49721,41197,7.7,71.6,64.0,7.6,11.9,9.8,9.1,28.8,5.4,36.3,15.9,25.5,14.9,22.7,28.400000000000006,36.0,-0.46453057845296203,-0.8192390446911058,some
IN,Indiana,Cass,18017,37666,28939,13.0,76.3,57.0,9.4,18.8,14.2,12.7,35.9,6.4,47.3,23.2,25.8,18.7,29.8,23.700000000000003,43.0,0.15221753922592432,0.8528315958104329,many
WI,Wisconsin,Lincoln,55069,28405,23357,8.5,74.5,66.1,7.4,13.4,10.9,9.5,30.2,5.8,42.1,18.3,25.9,16.3,27.6,25.5,33.900000000000006,-0.5224572835692111,-0.2649104859062068,fewest barriers
OK,Oklahoma,Payne,40119,83352,68128,9.7,77.0,57.9,9.6,18.1,13.6,11.7,35.6,6.6,38.0,19.6,25.3,17.0,29.5,23.0,42.1,-0.10159482353296702,0.2332142312967036,many
IA,Iowa,Woodbury,19193,105951,78835,10.9,75.7,60.3,8.8,15.8,12.9,11.0,32.3,5.8,39.5,20.3,20.3,16.5,28.4,24.299999999999997,39.7,-0.14515891588814966,-0.06780241391001954,many
GA,Georgia,Chattahoochee,13053,8661,6690,15.7,76.1,51.4,10.9,20.5,17.0,14.2,38.6,6.3,40.6,22.5,19.6,16.3,29.8,23.900000000000006,48.6,0.6295413332997394,0.7495320766698992,most barriers
KS,Kansas,Rooks,20163,4778,3726,9.1,74.6,65.0,6.9,12.2,10.9,9.2,30.8,5.4,40.6,17.0,23.0,15.6,26.2,25.400000000000006,35.0,-0.5416601591426594,-0.4896864738347643,fewest barriers
AK,Alaska,Yakutat,2282,687,555,12.6,65.0,51.7,12.2,19.8,16.1,10.6,33.8,6.6,34.6,22.1,19.3,20.3,25.2,35.0,48.3,1.028282109470872,0.02503273979829913,most barriers
MO,Missouri,Pike,29163,17935,13889,11.1,75.9,53.3,10.1,17.2,14.6,11.3,35.6,6.6,38.3,23.2,25.1,20.7,31.9,24.099999999999994,46.7,0.1366880730474435,0.3731750104434795,many
OK,Oklahoma,Cherokee,40021,48185,37972,11.2,77.6,51.5,12.7,23.2,17.6,13.1,38.8,7.0,44.4,23.8,25.9,20.4,31.3,22.400000000000006,48.5,0.5172548972946529,1.0585075483319788,most barriers
ND,North Dakota,Hettinger,38041,2415,1825,7.7,72.5,61.1,7.0,11.8,10.1,8.9,29.9,5.5,37.9,16.3,21.9,15.3,23.0,27.5,38.9,-0.49320435627699927,-0.6783926945979111,some
MT,Montana,Carter,30011,1418,1121,10.2,67.9,61.2,8.4,13.1,10.6,8.5,29.8,5.6,33.2,18.7,26.1,15.9,21.9,32.099999999999994,38.8,0.001498596759750374,-0.7901154930930832,many
MT,Montana,Stillwater,30095,9173,7300,9.4,68.4,68.3,6.9,10.5,9.1,7.7,27.2,4.9,29.9,15.8,24.7,13.2,19.0,31.599999999999994,31.700000000000003,-0.38478639066790943,-1.417748391637806,some
NC,North Carolina,Jackson,37099,44574,37282,10.6,77.2,61.8,9.1,15.7,12.6,10.9,33.5,6.2,36.7,19.3,27.9,16.1,24.2,22.799999999999997,38.2,-0.2534673894029897,-0.09467881725406034,some
KS,Kansas,Morton,20129,2580,1952,15.2,73.5,59.1,9.0,17.8,15.1,11.1,31.6,6.0,38.4,21.3,21.0,17.2,30.8,26.5,40.9,0.36149903818215035,-0.04149265704765255,many
MI,Michigan,Crawford,26039,13538,11172,7.5,77.4,65.1,9.0,16.2,12.5,10.4,32.5,6.5,37.1,20.1,30.2,18.2,26.0,22.599999999999994,34.900000000000006,-0.4715553303653774,-0.052762099454261954,some
IN,Indiana,Johnson,18081,167819,127387,7.3,79.7,62.3,6.3,11.7,9.8,10.7,35.1,5.2,38.6,17.3,25.8,14.2,21.9,20.299999999999997,37.7,-0.9414453762220819,-0.3008237015112044,fewest barriers
MN,Minnesota,Nobles,27105,21727,15454,17.3,70.9,56.9,11.2,21.2,16.2,11.7,29.1,6.2,39.2,22.1,22.1,17.1,32.7,29.099999999999994,43.1,0.8970213079742665,0.02788490278530358,most barriers
OK,Oklahoma,Love,40085,10296,7849,14.2,76.0,56.4,10.5,21.0,16.0,12.2,37.0,6.7,38.8,22.9,25.8,18.8,33.7,24.0,43.6,0.43417392801170046,0.5443642604364172,most barriers
NJ,New Jersey,Cape May,34009,94610,78642,9.2,75.4,64.9,6.7,11.7,10.8,8.0,29.0,4.8,33.9,15.0,19.5,12.5,20.4,24.599999999999994,35.099999999999994,-0.6035413568506228,-1.2023716426147444,fewest barriers
VA,Virginia,Accomack,51001,33239,26487,13.0,77.8,55.1,11.3,21.3,17.3,13.4,38.5,6.4,40.3,24.2,23.4,17.1,31.0,22.200000000000003,44.9,0.406154031865727,0.762868927110013,most barriers
NV,Nevada,Esmeralda,32009,736,636,16.6,70.1,53.2,13.2,23.8,18.8,12.1,33.1,7.1,36.6,26.6,22.4,19.0,28.9,29.900000000000006,46.8,1.2417749439175216,0.5427446203887671,most barriers
MI,Michigan,Iosco,26069,25373,21051,8.6,76.8,62.6,9.7,18.1,13.7,10.7,34.3,6.7,38.8,21.4,30.0,19.2,27.3,23.200000000000003,37.4,-0.2079110837358933,0.23128938607067479,some
WI,Wisconsin,Columbia,55021,58091,46376,7.9,72.8,67.8,6.5,11.1,9.7,9.0,27.6,5.3,33.2,15.7,24.5,14.4,24.6,27.200000000000003,32.2,-0.6574052216357967,-1.0472664302078434,fewest barriers
MO,Missouri,Iron,29093,9440,7420,10.7,75.6,56.3,10.3,17.4,14.4,11.5,35.3,6.7,42.1,23.9,28.1,21.0,33.0,24.400000000000006,43.7,0.09645078062303941,0.6005576008455471,many
GA,Georgia,Candler,13043,11059,8146,17.9,76.3,47.4,12.8,24.8,19.6,13.9,38.3,6.7,42.3,26.1,22.0,19.0,32.2,23.700000000000003,52.6,1.124214690298356,1.0461135988914136,most barriers
MA,Massachusetts,Plymouth,25023,535308,426137,4.7,79.5,70.5,7.5,12.2,12.3,8.2,27.5,4.8,29.7,14.7,24.9,12.1,19.2,20.5,29.5,-1.0059353419950545,-1.444074863837918,fewest barriers
VA,Virginia,Fauquier,51061,75165,57749,8.7,76.8,71.2,6.3,10.4,9.5,9.5,29.4,4.9,32.4,15.5,23.1,11.5,20.1,23.200000000000003,28.799999999999997,-0.8991994748763226,-1.0710097474417244,fewest barriers
MS,Mississippi,Yazoo,28163,25796,20207,18.3,79.9,6.1,18.8,36.2,26.5,17.9,48.6,7.9,50.2,32.7,18.7,23.4,42.3,20.099999999999994,93.9,2.492418865357994,2.7698624263528986,most barriers
OK,Oklahoma,Greer,40055,5466,4363,13.3,75.3,50.5,9.7,18.9,14.9,11.6,37.8,6.5,42.2,21.5,24.4,18.2,32.1,24.700000000000003,49.5,0.3582794515326471,0.5603070276678406,many
CT,Connecticut,Greater Bridgeport,9120,327651,256229,15.0,76.6,67.6,10.9,20.9,17.6,9.2,28.3,4.8,28.4,17.7,18.2,11.1,27.3,23.400000000000006,32.400000000000006,0.36975287747134056,-1.2436621914363313,most barriers
VA,Virginia,Patrick,51141,17509,14402,10.8,75.1,61.9,9.1,16.0,12.8,11.4,33.2,6.5,39.8,21.5,26.2,17.9,27.1,24.900000000000006,38.1,-0.12484658509322422,0.24592380937176844,many
VA,Virginia,New Kent,51127,26134,21047,7.5,76.9,73.0,6.6,10.7,9.8,9.9,31.2,5.0,34.4,15.4,23.2,12.1,20.5,23.099999999999994,27.0,-0.9563067893849891,-0.8529177901047724,fewest barriers
VA,Virginia,Bland,51021,6179,5302,9.4,75.2,65.3,7.6,12.8,10.8,10.5,32.9,6.0,36.2,18.7,25.1,16.4,24.3,24.799999999999997,34.7,-0.5062517786262126,-0.2535879725854965,fewest barriers
KS,Kansas,Woodson,20207,3115,2491,9.4,74.2,58.4,7.6,13.4,11.6,9.8,32.1,6.0,39.5,18.3,22.7,17.2,26.7,25.799999999999997,41.6,-0.31030541163823216,-0.22295180102019704,some
NE,Nebraska,Lincoln,31111,33365,25829,10.6,72.6,57.1,7.8,14.5,10.9,10.2,31.5,5.9,40.1,17.2,20.1,15.5,27.5,27.400000000000006,42.9,-0.13475802815509139,-0.26076978707229725,many
WV,West Virginia,Mason,54053,24765,19716,9.6,78.3,51.7,10.3,18.9,14.8,13.2,38.6,7.1,41.2,25.8,33.7,22.5,34.3,21.700000000000003,48.3,0.02770398046717346,1.0343119512710734,many
WI,Wisconsin,Lafayette,55065,16945,12715,9.4,74.8,65.0,7.6,13.9,11.2,9.8,30.3,5.8,41.9,18.8,25.4,16.3,28.8,25.200000000000003,35.0,-0.43651384800597387,-0.22036731511280427,some
AL,Alabama,Montgomery,1101,224980,170733,10.4,82.0,53.2,12.9,25.6,20.2,14.8,43.8,6.0,46.3,23.8,21.4,14.8,29.9,18.0,46.8,0.4128172054680184,1.2525974951549768,most barriers
MO,Missouri,Camden,29029,44044,36598,8.9,76.1,59.2,8.1,12.7,11.5,9.9,31.4,5.8,35.5,19.3,25.8,17.2,28.5,23.900000000000006,40.8,-0.4358125801014332,-0.4223908973952982,some
AK,Alaska,Aleutians East,2013,3461,3270,16.0,64.6,48.1,10.8,21.0,14.9,12.9,33.8,6.4,29.8,22.4,12.3,16.0,28.5,35.400000000000006,51.9,1.1845939653398654,-0.016893559147143633,most barriers
CA,California,Imperial,6025,179057,128709,22.2,68.4,50.4,15.5,31.3,25.5,14.6,32.5,6.3,35.2,32.4,20.0,13.3,35.1,31.599999999999994,49.6,2.2649341837127377,0.7410279456438253,most barriers
IL,Illinois,Pulaski,17153,4911,3909,11.7,76.8,51.4,13.8,27.3,21.1,14.5,38.7,7.0,45.7,26.7,23.3,20.7,30.9,23.200000000000003,48.6,0.8979615307559764,1.365744654481905,most barriers
OH,Ohio,Lucas,39095,425484,329145,9.3,79.2,60.2,9.6,17.7,14.9,12.2,33.8,6.2,36.2,20.9,26.9,16.8,28.9,20.799999999999997,39.8,-0.22419247674888368,0.08323630316237998,some
NJ,New Jersey,Ocean,34029,659197,494303,10.1,74.0,64.8,7.4,13.1,11.5,8.8,28.4,4.9,30.3,15.8,17.3,14.0,23.8,26.0,35.2,-0.3788261693902932,-1.252834403170407,some
NC,North Carolina,Wayne,37191,118686,90368,13.4,78.7,59.2,11.4,21.7,17.1,12.5,38.0,6.3,39.9,22.4,24.8,16.8,27.6,21.299999999999997,40.8,0.3332346985747007,0.5389320453150439,many
NE,Nebraska,Merrick,31121,7755,5997,9.9,72.6,64.4,6.9,12.6,10.1,9.2,29.9,5.4,39.2,16.0,19.1,15.4,26.9,27.400000000000006,35.599999999999994,-0.41244607716167286,-0.6334167491134939,some
MS,Mississippi,Jackson,28059,146389,113275,11.6,79.3,10.5,10.0,18.4,14.9,12.8,40.8,5.8,40.5,20.3,20.4,15.5,29.4,20.700000000000003,89.5,0.6485786618087838,0.48986171650513394,most barriers
OK,Oklahoma,Jackson,40065,24669,18482,14.1,76.5,55.2,10.1,20.5,15.9,12.2,37.3,6.5,41.1,21.8,25.0,16.7,34.0,23.5,44.8,0.3805474584726207,0.5580813995969635,most barriers
NM,New Mexico,Luna,35029,25316,18862,26.6,65.2,48.1,17.0,35.2,26.5,15.0,34.2,7.6,36.9,32.5,23.5,18.0,34.6,34.8,51.9,2.92266747910312,1.2484252805744245,most barriers
MI,Michigan,Oscoda,26135,8545,6848,9.0,76.4,63.0,10.3,19.4,14.3,11.2,34.3,7.0,38.2,22.7,30.2,20.2,28.2,23.599999999999994,37.0,-0.07866549969402754,0.38236106626613425,many
MS,Mississippi,Neshoba,28099,28789,20927,13.2,78.8,6.7,14.7,26.9,19.7,14.5,41.2,7.2,43.4,27.1,22.0,21.7,36.9,21.200000000000003,93.3,1.507178389114012,1.4373021535101298,most barriers
MT,Montana,Powder River,30075,1743,1437,10.1,67.9,56.7,7.5,11.7,9.8,8.0,27.1,5.1,30.6,16.6,24.4,14.1,19.7,32.099999999999994,43.3,-0.061345721425062415,-1.2791557797646198,many
WI,Wisconsin,Washington,55131,138168,109514,6.7,75.9,72.5,5.6,9.3,8.3,8.1,27.2,4.9,35.9,13.9,23.6,12.2,21.2,24.099999999999994,27.5,-1.097761875907086,-1.2061272068551998,fewest barriers
AR,Arkansas,Sebastian,5131,129098,98581,13.3,76.1,52.5,10.2,19.2,15.3,11.5,37.3,6.5,36.4,24.2,25.5,16.5,32.5,23.900000000000006,47.5,0.34322199839934525,0.39917468741365775,many
WI,Wisconsin,Douglas,55031,44264,35947,7.4,75.1,68.2,6.8,11.9,9.8,9.4,30.3,5.5,40.9,16.3,25.1,14.7,25.8,24.900000000000006,31.799999999999997,-0.7596802361503436,-0.4865077720129404,fewest barriers
VA,Virginia,Chesapeake,51550,253886,192778,8.5,79.5,67.2,8.0,13.8,12.3,11.6,34.2,5.1,39.6,17.9,21.9,12.4,22.2,20.5,32.8,-0.6836503187449535,-0.2128022161644097,fewest barriers
IA,Iowa,Adair,19001,7389,5700,7.6,74.4,66.5,7.5,13.3,10.5,9.9,32.4,5.8,40.1,18.0,21.9,17.3,25.9,25.599999999999994,33.5,-0.5836945853356434,-0.2385113278029647,fewest barriers
AR,Arkansas,Van Buren,5141,16142,13054,12.4,75.7,46.7,10.8,20.4,15.2,11.5,37.6,7.3,39.5,25.5,27.3,20.0,33.8,24.299999999999997,53.3,0.4621368192580962,0.8039561715601351,most barriers
ME,Maine,Penobscot,23019,155312,128236,8.8,79.8,59.4,9.3,12.5,11.3,9.5,32.7,6.1,38.3,19.6,29.9,16.2,25.0,20.200000000000003,40.6,-0.5694958834644314,-0.19345042006511654,fewest barriers
ME,Maine,Lincoln,23015,36507,30624,7.8,78.9,62.9,7.4,9.9,10.0,8.1,29.1,5.2,31.0,15.7,29.3,13.5,18.8,21.099999999999994,37.1,-0.8613369666849165,-1.1851698862695943,fewest barriers
GA,Georgia,Emanuel,13107,23119,17452,17.1,76.6,48.0,13.6,26.3,20.8,14.7,41.2,6.9,42.8,27.3,21.2,20.6,35.1,23.400000000000006,52.0,1.1929501770645472,1.3634501709254554,most barriers
AL,Alabama,Colbert,1033,58361,45890,10.2,77.9,55.4,9.7,18.7,14.2,12.1,38.6,6.1,37.4,22.0,25.8,16.6,26.9,22.099999999999994,44.6,-0.03772279377878195,0.3518228493165634,many
ID,Idaho,Madison,16065,54547,43341,11.5,73.2,59.0,10.0,17.5,13.5,10.7,31.3,6.6,34.0,20.4,24.2,15.4,25.0,26.799999999999997,41.0,0.16841021273084836,-0.17324436642011148,many
IN,Indiana,Dubois,18037,43546,33017,9.4,77.4,60.6,7.2,13.2,10.8,10.7,32.6,5.7,39.9,19.3,24.5,15.7,23.7,22.599999999999994,39.4,-0.5595226058939303,-0.13426248120308165,fewest barriers
GA,Georgia,Pike,13231,20461,15706,11.4,75.8,62.5,7.7,13.5,11.8,10.2,32.9,5.4,35.5,17.8,22.4,14.9,24.4,24.200000000000003,37.5,-0.3251520388393652,-0.5000458905619658,some
NY,New York,Putnam,36079,98060,79093,6.9,78.0,69.1,6.3,11.2,11.1,7.7,25.5,4.4,27.3,13.2,18.5,9.6,20.4,22.0,30.900000000000006,-0.9393268974815582,-1.8433360999140107,fewest barriers
IA,Iowa,Jasper,19099,37919,29600,7.5,75.6,67.1,7.1,12.4,10.3,9.7,31.7,5.5,38.3,17.4,21.5,16.9,24.1,24.400000000000006,32.900000000000006,-0.7124572198710618,-0.4654179699786395,fewest barriers
NJ,New Jersey,Hunterdon,34019,130183,105457,7.3,75.4,71.4,5.2,8.4,8.1,7.0,25.6,4.2,26.0,12.3,17.7,8.9,17.9,24.599999999999994,28.599999999999994,-1.0812253624509855,-2.0480356721947865,fewest barriers
WV,West Virginia,Nicholas,54067,24169,19286,9.2,77.1,54.7,9.6,17.6,14.0,12.6,38.4,6.9,40.3,24.7,33.1,21.3,32.4,22.900000000000006,45.3,-0.08520635129003978,0.8343897697151593,many
MI,Michigan,Hillsdale,26059,45587,35783,7.9,77.0,64.2,9.1,17.4,12.8,10.6,34.4,6.5,37.8,20.6,31.0,18.6,26.6,23.0,35.8,-0.3672941071552706,0.09731072202476469,some
MI,Michigan,Allegan,26005,121939,93939,7.6,77.1,69.2,7.7,14.0,11.2,9.4,30.0,5.6,35.3,17.4,26.9,15.0,23.6,22.900000000000006,30.799999999999997,-0.6971374603647625,-0.6690420891953401,fewest barriers
GA,Georgia,Henry,13151,254613,191306,12.1,79.3,60.6,10.0,18.4,17.2,12.4,37.4,5.0,44.7,19.4,17.7,12.7,25.0,20.700000000000003,39.4,0.046555841819340214,0.2569429304324626,many
SC,South Carolina,Fairfield,45039,20422,16771,14.7,80.1,50.2,13.7,29.2,22.5,15.4,40.9,6.3,45.6,25.1,22.1,17.7,31.0,19.900000000000006,49.8,1.0131713778908964,1.2871564353220655,most barriers
AR,Arkansas,Craighead,5031,113993,85259,10.7,77.2,52.1,10.2,18.7,15.3,11.2,38.5,6.4,39.6,23.4,26.5,16.2,30.9,22.799999999999997,47.9,0.1428904505532682,0.5014821295448699,many
NC,North Carolina,Tyrrell,37177,3461,2772,15.0,77.4,59.1,12.3,23.6,18.1,13.3,38.3,6.8,41.3,24.6,24.5,18.8,29.5,22.599999999999994,40.9,0.6273260906995938,0.9065295828426045,most barriers
OH,Ohio,Washington,39167,58577,47177,8.2,77.9,60.2,8.0,13.6,11.6,10.8,34.8,6.3,43.9,18.4,27.5,17.8,27.9,22.099999999999994,39.8,-0.5532986149547872,0.2491633663360134,fewest barriers
MN,Minnesota,Anoka,27003,372441,284448,7.8,71.4,69.6,7.5,12.1,10.7,9.3,28.4,5.0,35.8,15.3,25.1,13.5,23.9,28.599999999999994,30.400000000000006,-0.49481463988856217,-0.9662754718982687,some
NY,New York,Albany,36001,316659,260123,5.7,78.4,67.5,7.4,12.9,11.9,8.4,29.8,4.8,30.9,14.4,21.5,11.4,21.0,21.599999999999994,32.5,-0.8579300854377184,-1.291553332250182,fewest barriers
NV,Nevada,Washoe,32031,498022,396438,12.3,72.8,60.8,8.6,15.1,13.5,8.8,26.9,5.1,28.5,20.1,21.6,12.8,21.0,27.200000000000003,39.2,0.05757548596733388,-1.1505497106774,many
NC,North Carolina,Brunswick,37019,159964,137936,8.9,78.7,65.8,7.0,11.9,10.4,8.9,30.1,5.2,32.9,15.6,26.0,13.0,19.9,21.299999999999997,34.2,-0.7875727141572139,-0.9942047537408458,fewest barriers
GA,Georgia,Jenkins,13165,8627,6909,18.6,77.1,44.2,15.8,31.0,23.7,16.3,42.7,7.5,42.6,29.5,20.8,22.3,36.6,22.900000000000006,55.8,1.6729413700087683,1.8069124009307533,most barriers
ID,Idaho,Gooding,16047,16061,11928,18.5,71.0,56.9,10.9,20.0,16.0,11.0,30.6,6.4,34.5,23.0,21.7,15.4,28.7,29.0,43.1,0.8977690264147183,-0.08645942721440521,most barriers
NE,Nebraska,Arthur,31005,412,313,7.6,73.5,64.0,6.7,11.5,9.0,9.3,30.7,5.6,42.4,15.1,19.1,14.6,24.5,26.5,36.0,-0.6581237329982016,-0.44250476066279026,fewest barriers
SC,South Carolina,Bamberg,45009,12974,10549,15.0,80.4,52.3,14.0,29.6,22.6,15.6,41.0,6.3,43.1,25.5,21.5,17.8,30.9,19.599999999999994,47.7,1.0165721292484842,1.2179601865204008,most barriers
MO,Missouri,Lafayette,29107,33196,25607,9.0,75.1,57.0,7.9,12.4,11.5,9.5,31.6,5.6,36.8,19.2,25.9,16.8,27.2,24.900000000000006,43.0,-0.3695681727100341,-0.4468242684177298,some
KS,Kansas,Mitchell,20123,5719,4312,8.9,73.9,59.6,7.2,12.6,11.1,9.8,31.9,5.8,39.3,17.7,22.4,16.4,26.4,26.099999999999994,40.4,-0.4041103019110197,-0.3166647161970332,some
VA,Virginia,Smyth,51173,29216,23575,10.5,75.9,54.8,9.4,16.8,12.8,11.8,34.0,6.7,38.0,22.7,27.7,18.8,28.4,24.099999999999994,45.2,-0.03896971718312114,0.33984661328145754,many
IA,Iowa,Cherokee,19035,11605,8953,8.4,75.0,64.2,7.9,14.2,11.1,10.2,32.1,5.8,41.0,18.5,22.1,17.2,27.4,25.0,35.8,-0.46627808920520847,-0.16265109202418382,some
NE,Nebraska,Dawson,31047,24085,17395,18.5,71.3,56.3,9.5,19.9,15.3,11.9,31.8,5.9,41.4,20.3,15.8,15.3,32.0,28.700000000000003,43.7,0.7798392307640358,0.09873300630793307,most barriers
ND,North Dakota,Williams,38105,39113,27329,9.3,71.4,62.0,7.2,12.9,10.8,9.4,31.6,5.5,40.2,16.6,20.8,15.4,24.5,28.599999999999994,38.0,-0.29773693388820144,-0.4492919998947743,some
LA,Louisiana,De Soto,22031,27114,20598,9.9,80.6,55.4,13.7,27.5,20.1,14.6,42.0,6.9,44.2,26.8,28.4,21.0,32.7,19.400000000000006,44.6,0.518272438713012,1.4265373030945128,most barriers
MO,Missouri,St. Francois,29187,67058,53194,10.8,75.6,54.9,10.1,17.2,14.5,11.4,36.1,6.6,40.3,23.6,26.5,20.9,33.4,24.400000000000006,45.1,0.10863830673638991,0.5082074635905854,many
MI,Michigan,Mason,26105,29159,23606,7.5,77.5,66.7,8.4,15.3,12.0,10.1,32.2,6.0,40.5,18.6,28.7,16.3,23.2,22.5,33.3,-0.5785997378919936,-0.13505302265910216,fewest barriers
NE,Nebraska,Sioux,31165,1154,947,11.0,72.4,55.7,9.1,17.0,12.4,11.2,33.5,6.6,43.5,19.5,19.5,18.2,29.3,27.599999999999994,44.3,0.11932905408759976,0.336852361478687,many
MD,Maryland,Baltimore,24510,565239,447486,10.1,80.1,53.7,12.8,25.4,22.0,13.7,39.6,5.9,38.8,22.8,23.6,16.0,27.2,19.900000000000006,46.3,0.5424256647001778,0.5827715332885514,most barriers
WV,West Virginia,Upshur,54097,23529,18726,9.4,78.2,49.3,10.1,18.2,14.2,13.3,39.0,7.0,37.1,24.9,32.1,22.1,33.2,21.799999999999997,50.7,0.0021237583437392466,0.8155535277556648,many
WI,Wisconsin,Pierce,55093,43026,34410,7.1,73.7,67.1,6.2,10.4,9.1,8.9,28.9,5.2,34.3,14.6,23.9,13.9,24.5,26.299999999999997,32.900000000000006,-0.7943355353246422,-1.028252888413683,fewest barriers
MN,Minnesota,Douglas,27041,39953,31487,7.3,72.6,65.2,6.8,10.7,9.3,8.5,26.5,5.0,35.5,14.9,26.4,14.5,21.6,27.400000000000006,34.8,-0.6512763857367131,-1.1475036701686985,fewest barriers
IL,Illinois,Kendall,17093,139976,102765,9.1,76.5,68.8,6.6,12.0,11.2,9.1,29.1,4.5,39.0,14.9,19.4,10.7,19.4,23.5,31.200000000000003,-0.700920559434446,-0.957130771167992,fewest barriers
MA,Massachusetts,Berkshire,25003,126818,106721,5.2,77.9,67.2,8.0,12.6,11.5,8.2,27.7,5.3,31.5,16.1,27.0,13.3,20.4,22.099999999999994,32.8,-0.8444837926522739,-1.1700823114657877,fewest barriers
SC,South Carolina,Oconee,45073,81221,65941,12.9,77.7,62.6,8.8,17.7,13.2,11.4,31.9,6.0,38.2,20.5,26.9,15.3,26.4,22.299999999999997,37.4,-0.10657381121306404,-0.047206178941609285,many
GA,Georgia,Wilcox,13315,8779,7154,18.1,76.3,51.1,13.7,26.0,20.6,15.2,42.3,7.3,43.0,27.1,19.8,20.9,33.5,23.700000000000003,48.9,1.2062157356878525,1.552512234496176,most barriers
KS,Kansas,Cowley,20035,34157,26072,11.2,73.9,59.1,8.3,15.4,13.3,10.9,33.4,5.9,41.5,19.7,22.4,16.4,27.4,26.099999999999994,40.9,-0.047799774816834485,0.054276207087488405,many
AL,Alabama,Greene,1063,7341,5755,15.4,81.9,41.0,22.1,44.4,31.8,21.1,52.4,8.2,53.4,36.0,22.0,23.8,42.0,18.099999999999994,59.0,2.363282610237204,3.5745281628827756,most barriers
OH,Ohio,Clark,39023,134610,104368,9.4,77.6,58.3,9.1,16.7,13.5,12.2,36.1,6.4,42.4,20.9,28.1,18.5,31.7,22.400000000000006,41.7,-0.2241690362651525,0.4993805611407368,some
MS,Mississippi,Alcorn,28003,34135,26535,12.3,78.0,9.2,10.9,20.1,15.1,12.4,40.7,6.6,40.0,23.4,22.9,19.8,33.6,22.0,90.8,0.8752325185723918,0.7665667779581287,most barriers
MN,Minnesota,McLeod,27085,36785,28829,8.7,71.1,66.3,7.4,11.7,10.2,9.2,28.3,5.1,42.2,15.8,24.6,15.4,24.2,28.900000000000006,33.7,-0.4212014954643816,-0.6526526710480421,some
NC,North Carolina,Harnett,37085,141477,105764,12.3,78.5,60.4,9.5,17.4,14.3,11.1,36.5,5.9,36.7,20.2,26.1,15.2,25.7,21.5,39.6,-0.07061761641740268,0.014383883176411347,many
VA,Virginia,Staunton,51790,25915,20871,8.3,77.3,63.9,7.8,13.1,11.2,10.7,32.4,5.5,36.6,17.9,25.6,13.9,23.8,22.700000000000003,36.1,-0.6125149814820013,-0.3993303335765824,fewest barriers
IN,Indiana,LaPorte,18091,111706,88166,9.9,77.5,56.2,8.7,16.9,13.4,12.5,36.9,6.1,37.1,21.6,25.3,17.9,26.8,22.5,43.8,-0.18430384063304647,0.2851801616624766,some
MO,Missouri,Livingston,29117,14557,11376,9.8,76.2,59.6,9.4,15.9,13.7,10.5,33.5,6.0,39.6,21.7,27.4,19.1,30.6,23.799999999999997,40.4,-0.1491772571718634,0.05506666074058928,many
NH,New Hampshire,Belknap,33001,65027,53990,7.2,73.4,64.0,6.3,10.2,9.1,7.7,28.1,4.9,30.1,14.3,24.9,12.4,18.9,26.599999999999994,36.0,-0.7294184351342229,-1.4390848385948751,fewest barriers
WI,Wisconsin,Sheboygan,55117,117752,92697,8.3,75.2,68.1,6.7,12.0,10.1,9.3,30.3,5.3,36.4,16.8,22.9,14.0,27.6,24.799999999999997,31.900000000000006,-0.7066625722798651,-0.7188067324130859,fewest barriers
NC,North Carolina,Beaufort,37013,44481,35939,11.8,78.2,59.0,10.3,19.3,15.4,11.4,36.2,6.2,37.0,20.7,25.9,16.8,26.0,21.799999999999997,41.0,0.07931871651700247,0.13844725322226406,many
NY,New York,Greene,36039,47062,39543,7.1,78.1,62.8,8.1,14.6,13.0,8.9,29.7,5.4,34.5,16.7,21.7,13.9,24.2,21.900000000000006,37.2,-0.5709300457063248,-0.8418878219627117,fewest barriers
MI,Michigan,Genesee,26049,401522,313303,7.6,78.1,67.8,10.6,20.1,15.5,11.0,34.4,6.2,40.6,20.9,28.3,17.4,26.8,21.900000000000006,32.2,-0.2220292522856895,0.19405851387718726,some
VA,Virginia,Carroll,51035,29239,24074,10.9,75.8,58.6,9.1,16.2,12.8,11.5,34.1,6.6,41.3,21.8,28.1,18.6,27.7,24.200000000000003,41.4,-0.10118473234232983,0.39611325368824196,many
OH,Ohio,Putnam,39137,34199,25492,7.7,77.6,67.4,6.3,10.7,9.7,9.8,31.1,5.4,43.5,15.6,25.5,14.2,23.2,22.400000000000006,32.599999999999994,-0.9212093141116137,-0.3605943865218656,fewest barriers
IN,Indiana,Blackford,18009,11893,9240,10.0,76.6,55.7,9.7,18.9,13.9,12.7,36.9,6.9,44.2,24.0,28.3,21.5,28.7,23.400000000000006,44.3,0.005060548415194664,0.919307801035791,many
LA,Louisiana,Jefferson Davis,22053,31553,23598,9.4,78.7,57.1,11.3,22.2,16.4,12.6,38.7,6.7,42.5,24.7,29.3,20.1,32.2,21.299999999999997,42.9,0.13110503842147178,0.8933286480810334,many
MO,Missouri,Knox,29103,3723,2854,11.4,75.1,48.8,10.8,18.5,14.8,11.6,35.1,7.0,39.8,24.8,26.9,22.2,33.0,24.900000000000006,51.2,0.3407645452578256,0.615646933115284,many
NC,North Carolina,Union,37179,256452,191719,9.9,78.3,69.1,6.9,12.3,10.5,9.3,31.0,5.0,33.0,15.6,24.6,11.8,21.1,21.700000000000003,30.900000000000006,-0.7530244242763923,-0.9664671714870805,fewest barriers
IL,Illinois,Madison,17119,262752,207550,7.6,76.2,64.5,7.6,14.2,12.6,9.5,31.5,5.2,38.8,17.3,23.1,13.6,21.1,23.799999999999997,35.5,-0.5309432062037197,-0.5485449081476571,fewest barriers
NM,New Mexico,Curry,35009,47222,34741,17.5,67.0,62.4,12.4,24.3,19.0,12.4,33.0,6.4,40.5,25.1,24.4,15.1,29.1,33.0,37.6,1.2851365606570386,0.4941477776795569,most barriers
NE,Nebraska,Howard,31093,6527,4978,8.3,73.5,64.7,6.2,10.9,8.8,8.7,30.6,5.1,38.7,14.3,18.1,14.3,25.4,26.5,35.3,-0.6843338134214366,-0.8213193378677538,fewest barriers
IL,Illinois,Crawford,17033,18300,14700,8.7,75.5,59.7,8.1,14.8,12.5,9.9,32.8,5.6,40.0,18.7,23.3,15.7,22.9,24.5,40.3,-0.3274984782091301,-0.24422345935495784,some
MA,Massachusetts,Bristol,25005,581841,463617,6.3,80.2,68.1,8.9,15.7,14.3,9.1,29.7,5.6,32.0,19.0,24.5,16.0,23.9,19.799999999999997,31.900000000000006,-0.6652531825356811,-0.7800154814066255,fewest barriers
AR,Arkansas,Lonoke,5085,75944,57386,10.1,77.3,57.2,8.3,15.5,12.9,10.1,36.5,5.8,35.7,21.2,26.2,15.9,30.3,22.700000000000003,42.8,-0.25934925254965213,-0.09751067956983464,some
MI,Michigan,Marquette,26103,66999,55244,6.1,78.9,68.9,7.6,13.0,10.6,9.4,31.6,5.7,38.0,16.7,28.6,14.9,21.0,21.099999999999994,31.099999999999994,-0.9178763106695088,-0.49120562652516186,fewest barriers
MN,Minnesota,Lake,27075,10855,8819,7.8,70.5,67.5,7.5,11.7,9.9,8.7,26.7,5.4,35.3,15.8,25.5,15.6,22.8,29.5,32.5,-0.4626485579697355,-0.990425115711713,some
SC,South Carolina,Richland,45079,425138,334065,11.3,80.8,62.8,9.9,18.5,16.6,13.0,37.0,5.4,35.8,19.4,22.1,11.9,22.2,19.200000000000003,37.2,-0.1279792237575518,0.004138235224578629,many
IL,Illinois,Boone,17007,53202,40735,12.6,75.1,59.5,8.6,16.8,14.3,10.4,30.9,5.5,36.9,20.0,22.2,14.3,24.7,24.900000000000006,40.5,0.05675510357305108,-0.3807206241000101,many
NC,North Carolina,Nash,37127,96551,75392,12.3,79.2,57.5,11.2,21.2,17.7,12.3,37.4,5.9,38.3,21.7,23.8,15.9,27.5,20.799999999999997,42.5,0.272683249539305,0.29562235021313193,many
VA,Virginia,Craig,51045,4843,4041,9.1,75.5,61.4,7.4,12.6,10.4,10.2,32.0,5.8,36.2,18.8,26.5,16.1,24.0,24.5,38.6,-0.5138204614205163,-0.3627850951617634,fewest barriers
OK,Oklahoma,Cimarron,40025,2191,1605,13.7,76.0,59.4,8.0,16.0,13.0,10.1,33.0,5.6,38.4,18.6,23.6,13.9,29.1,24.0,40.6,-0.03539549067469237,-0.2925078916391875,many
MO,Missouri,Adair,29001,25122,20545,8.8,76.9,56.8,9.1,14.6,12.8,10.9,33.0,6.2,38.9,20.8,27.2,17.6,29.8,23.099999999999994,43.2,-0.28492535350908693,0.04809003131712671,some
NC,North Carolina,Rutherford,37161,65507,52439,12.0,76.7,56.8,9.8,18.1,14.0,11.1,34.8,6.5,38.0,21.4,28.3,17.8,26.8,23.299999999999997,43.2,0.07857095788220937,0.2030586238243922,many
SC,South Carolina,Allendale,45005,7369,6040,18.2,80.0,47.9,16.9,36.2,27.0,17.9,44.8,7.0,46.9,29.7,20.4,19.8,36.6,20.0,52.1,1.7913725064131347,2.1088865103101355,most barriers
MO,Missouri,Christian,29043,94422,70802,7.7,76.6,59.6,7.1,10.8,10.3,9.1,31.1,5.2,35.9,17.3,25.5,14.8,25.3,23.400000000000006,40.4,-0.6872164060796625,-0.7272121806333114,fewest barriers
IA,Iowa,Palo Alto,19147,8810,6779,7.3,75.1,67.3,7.1,12.0,10.0,9.4,30.9,5.5,40.6,16.7,21.5,15.9,23.9,24.900000000000006,32.7,-0.7240302802120895,-0.45653444184121816,fewest barriers
NV,Nevada,Churchill,32001,25803,19917,11.7,69.2,58.1,9.5,16.2,13.8,9.8,31.1,5.8,37.9,20.9,22.8,16.4,25.2,30.799999999999997,41.9,0.335933125192343,-0.2668941133230286,many
AL,Alabama,Choctaw,1023,12252,9839,11.8,79.6,49.2,13.5,27.3,19.8,15.0,44.2,6.8,44.5,27.5,25.3,19.1,33.5,20.400000000000006,50.8,0.7285893069893282,1.5735966203529124,most barriers
MS,Mississippi,Hinds,28049,214870,165112,11.4,82.6,7.9,14.8,28.3,22.9,15.3,45.7,6.1,44.6,25.0,17.6,16.5,34.2,17.400000000000006,92.1,1.3766054921543358,1.3808389499299991,most barriers
MO,Missouri,Cedar,29039,14672,11098,10.8,75.3,49.9,10.6,18.0,14.7,11.7,34.8,6.9,40.1,24.3,27.3,21.4,32.7,24.700000000000003,50.1,0.25398890524154055,0.5777403438096298,many
IN,Indiana,Hamilton,18057,371645,278885,5.4,79.8,74.6,4.8,7.6,6.9,8.6,29.6,4.4,31.9,12.3,22.9,9.3,15.7,20.200000000000003,25.400000000000006,-1.5369596724499726,-1.4323980331541977,fewest barriers
AK,Alaska,Chugach,2063,6769,5268,9.2,65.7,61.2,7.7,12.0,10.6,8.0,29.7,5.3,30.7,16.5,19.0,14.7,20.2,34.3,38.8,-0.014250028894847314,-1.1212224071048906,many
MO,Missouri,Shannon,29203,7238,5590,10.9,75.1,49.9,10.1,17.3,14.2,11.2,34.4,6.6,36.8,23.3,26.9,21.2,31.9,24.900000000000006,50.1,0.20128141028158594,0.25329566207132787,many
AR,Arkansas,Scott,5127,9851,7622,13.2,75.6,50.1,10.4,20.0,15.4,11.7,37.6,7.0,37.2,25.5,26.7,19.1,34.6,24.400000000000006,49.9,0.43439892415821935,0.6468959527892851,most barriers
KS,Kansas,Shawnee,20177,177746,137140,10.0,77.1,65.8,7.7,14.7,12.6,10.3,34.3,5.6,38.5,18.8,24.0,15.7,24.6,22.900000000000006,34.2,-0.44678902733584797,-0.20717901553854276,some
LA,Louisiana,Jefferson,22051,421777,328457,10.4,81.3,57.2,10.9,21.5,17.3,13.6,38.0,6.0,41.5,22.2,25.1,15.0,29.0,18.700000000000003,42.8,0.047624914888647764,0.6227431535426169,many
NE,Nebraska,Chase,31029,3724,2808,11.9,72.0,59.8,7.4,14.0,10.9,9.7,29.4,5.5,37.3,16.3,17.7,14.5,27.7,28.0,40.2,-0.11182011899452587,-0.6546136682326867,many
NM,New Mexico,Bernalillo,35001,671586,538537,14.3,65.5,64.5,10.0,18.8,16.2,10.2,30.4,5.4,33.2,21.0,25.2,12.2,22.5,34.5,35.5,0.7587549878384725,-0.560485840440729,most barriers
WV,West Virginia,Monroe,54063,12382,9940,9.5,78.2,52.7,9.9,17.9,14.0,13.1,38.7,6.9,41.2,24.7,32.9,21.5,32.7,21.799999999999997,47.3,-0.0690270656482161,0.9304525347825313,many
WI,Wisconsin,Waushara,55137,24934,20556,10.0,74.1,59.1,7.8,14.4,11.7,10.2,30.2,5.9,39.5,18.3,24.1,16.9,29.2,25.900000000000006,40.9,-0.24060227939243897,-0.29161160849104617,some
VA,Virginia,Greensville,51081,11133,9333,13.2,78.3,54.7,13.5,25.7,20.5,15.6,42.2,6.8,44.9,26.2,19.6,19.0,30.9,21.700000000000003,45.3,0.7717964075287246,1.5021227810390745,most barriers
VA,Virginia,Suffolk,51800,100659,77077,8.8,79.6,66.0,9.1,16.2,14.5,12.1,36.4,5.2,42.0,18.6,21.6,13.1,25.2,20.400000000000006,34.0,-0.43949981629517837,0.08435266542053267,some
NE,Nebraska,Morrill,31123,4504,3482,12.5,72.4,63.1,8.3,16.4,12.2,10.4,30.5,5.9,41.9,18.3,18.4,16.5,30.0,27.599999999999994,36.9,0.02205457409243351,-0.15664492518473985,many
ND,North Dakota,Richland,38077,16558,13011,7.4,72.4,63.1,6.7,11.1,9.8,9.0,31.1,5.5,37.6,16.3,22.6,14.5,22.9,27.599999999999994,36.9,-0.5813007267035203,-0.6325623957008615,fewest barriers
VA,Virginia,Norfolk,51710,230930,184301,10.6,79.7,62.2,10.8,19.2,16.1,13.6,38.5,5.8,41.6,21.0,21.3,14.6,27.1,20.299999999999997,37.8,-0.050407981573730685,0.5442834783232156,many
CT,Connecticut,Northwest Hills,9160,113463,93325,8.0,78.7,70.5,7.1,12.2,10.5,7.9,26.6,4.7,29.2,14.2,23.9,11.5,21.9,21.299999999999997,29.5,-0.8848982614697922,-1.5773440007853317,fewest barriers
WI,Wisconsin,Green Lake,55047,19344,15139,9.6,73.8,59.2,8.0,14.6,11.7,10.1,30.0,5.9,40.4,18.8,25.4,16.5,29.8,26.200000000000003,40.8,-0.231407006751537,-0.2469924136545437,some
GA,Georgia,Forsyth,13117,272887,203939,9.0,77.9,69.7,5.2,8.6,7.9,8.8,27.9,4.2,26.8,12.9,17.8,8.8,19.6,22.099999999999994,30.299999999999997,-1.0918913231626075,-1.7307467769473803,fewest barriers
ID,Idaho,Custer,16037,4523,3769,9.8,71.7,65.3,7.8,13.0,10.7,9.0,29.5,5.7,31.4,17.1,23.3,13.3,21.4,28.299999999999997,34.7,-0.29946119903452345,-0.8842517487960542,some
MN,Minnesota,Pennington,27113,13714,10676,8.3,72.4,68.1,7.9,12.4,10.4,9.3,29.7,5.3,40.5,16.4,26.0,16.0,23.5,27.599999999999994,31.900000000000006,-0.4761690584253438,-0.582937784562498,some
ID,Idaho,Valley,16085,12644,10405,9.7,71.6,63.2,7.8,13.0,10.8,9.2,29.8,5.7,33.3,17.5,23.3,13.3,22.6,28.400000000000006,36.8,-0.265814641895519,-0.7530751416139778,some
VA,Virginia,Prince George,51149,42871,34450,10.7,77.4,59.6,9.4,16.6,14.6,12.3,36.1,5.8,39.7,20.0,21.8,14.7,25.8,22.599999999999994,40.4,-0.10601589412184731,0.20105075217902155,many
NY,New York,Suffolk,36103,1523170,1210387,7.7,79.5,66.6,7.0,13.2,12.5,8.3,27.6,4.6,29.7,14.8,16.6,9.7,23.1,20.5,33.400000000000006,-0.7844531667355916,-1.4761336923349895,fewest barriers
MI,Michigan,Kalkaska,26079,18490,14833,7.7,76.9,63.8,9.0,16.4,12.6,10.3,33.4,6.4,38.2,20.2,29.5,18.0,25.3,23.099999999999994,36.2,-0.40827237535087346,0.00365536084967317,some
IL,Illinois,Cook,17031,5087072,4031580,12.0,76.5,62.7,9.4,19.6,16.4,10.7,28.9,4.7,31.0,18.7,19.0,11.2,22.8,23.5,37.3,0.1154646949217019,-0.9520736611352753,many
VA,Virginia,Essex,51057,10598,8706,11.2,78.6,55.6,11.4,21.4,17.5,13.5,37.8,6.2,42.5,23.3,24.5,17.4,28.9,21.400000000000006,44.4,0.2802860318151633,0.7483660379658807,many
AR,Arkansas,Independence,5063,38320,29054,12.1,76.6,48.9,9.9,19.2,14.7,11.4,37.2,6.8,42.0,24.2,27.0,17.8,34.1,23.400000000000006,51.1,0.2654563118050638,0.7049367339026051,many
GA,Georgia,Oglethorpe,13221,15754,12372,13.5,76.2,56.9,9.0,16.5,13.9,11.4,34.3,5.7,36.0,20.4,21.8,15.4,26.8,23.799999999999997,43.1,0.08720324392291928,-0.12197724416042319,many
WV,West Virginia,Hancock,54029,28145,22983,8.6,78.8,53.7,9.1,16.0,13.1,12.5,38.2,6.4,43.9,23.0,31.7,19.3,29.7,21.200000000000003,46.3,-0.29460132951105894,0.7736909861432901,some
AL,Alabama,Macon,1087,18370,15322,11.9,82.2,47.6,16.4,33.2,25.3,17.7,48.4,6.6,49.1,28.6,21.6,17.9,34.8,17.799999999999997,52.4,1.1746386891571532,2.188631874415271,most barriers
IA,Iowa,Tama,19171,16833,12823,10.0,74.4,62.8,8.8,16.2,12.7,10.7,31.4,6.0,40.4,20.2,21.4,17.8,27.8,25.599999999999994,37.2,-0.16176901974292898,-0.047551730857808415,many
IA,Iowa,Montgomery,19137,10139,7873,7.9,75.0,61.9,7.6,13.6,10.8,9.9,31.8,5.7,39.7,18.3,22.0,17.2,26.2,25.0,38.1,-0.5055143156511724,-0.2922760702330136,fewest barriers
MI,Michigan,Barry,26015,63808,50005,6.7,76.9,72.8,7.2,12.7,10.5,8.9,29.8,5.5,36.6,16.9,27.6,15.1,22.6,23.099999999999994,27.200000000000003,-0.8788952907721699,-0.7122537739506493,fewest barriers
KS,Kansas,Wichita,20203,2082,1493,15.7,72.9,60.2,9.1,17.7,15.2,11.4,32.4,6.2,42.2,21.2,20.2,16.5,32.0,27.099999999999994,39.8,0.40885563524300417,0.22937426599302305,most barriers
MT,Montana,Glacier,30035,13609,9584,14.6,67.8,42.2,20.0,32.4,22.7,14.5,34.8,7.9,39.9,30.8,26.0,26.9,32.0,32.2,57.8,2.19077909969085,1.3578771950871584,most barriers
VA,Virginia,Highland,51091,2339,2002,8.1,76.3,68.3,6.5,11.0,9.3,9.4,30.2,5.3,33.4,16.4,25.4,14.1,21.8,23.700000000000003,31.700000000000003,-0.8446524645953738,-0.863085220821209,fewest barriers
VA,Virginia,Lunenburg,51111,12038,9653,13.2,77.0,57.2,12.2,22.9,18.2,14.7,38.8,6.9,45.8,25.5,24.2,19.3,31.3,23.0,42.8,0.5575130711808269,1.3130980806518868,most barriers
NC,North Carolina,Iredell,37097,199710,155704,9.6,78.3,63.5,7.2,12.6,10.7,9.0,32.4,5.2,32.3,16.2,25.2,12.9,20.7,21.700000000000003,36.5,-0.6551189258999482,-0.8885230987590033,fewest barriers
IA,Iowa,Kossuth,19109,14396,11208,7.6,75.3,64.6,7.1,12.5,10.1,9.7,29.9,5.5,38.9,17.1,21.8,15.9,24.4,24.700000000000003,35.400000000000006,-0.6616065046317332,-0.5278604003605842,fewest barriers
MS,Mississippi,Franklin,28037,7610,5846,12.8,79.4,7.7,14.2,26.8,20.2,14.6,43.7,7.2,40.6,26.6,20.9,20.7,36.1,20.599999999999994,92.3,1.429722985010432,1.4057288034942075,most barriers
ND,North Dakota,Kidder,38043,2342,1833,7.9,72.5,59.5,6.8,11.5,9.8,9.1,30.3,5.7,40.2,16.7,22.1,15.3,24.1,27.5,40.5,-0.49122974654253415,-0.4759940232190477,some
VA,Virginia,Emporia,51595,5463,4042,14.0,80.1,50.6,15.5,30.3,24.3,16.6,42.1,6.7,44.9,28.1,22.1,19.3,34.7,19.900000000000006,49.4,1.1757220486826803,1.6473364095345762,most barriers
GA,Georgia,Irwin,13155,9120,7005,15.8,76.5,51.6,11.9,22.5,17.9,13.5,38.3,6.6,40.4,24.7,22.5,18.8,31.9,23.5,48.4,0.7605281102097114,0.8398732221442342,most barriers
CA,California,Shasta,6089,180366,141552,7.4,70.3,64.9,9.0,15.0,13.1,9.4,30.4,5.5,29.3,20.5,25.6,14.1,20.8,29.700000000000003,35.099999999999994,-0.13377490122601565,-0.7992622688756794,many
NY,New York,Clinton,36019,78115,63935,6.7,78.0,58.6,8.3,14.7,12.9,9.1,30.5,5.7,33.8,17.4,23.5,15.2,25.9,22.0,41.4,-0.5165484088895881,-0.7154076450241373,fewest barriers
IL,Illinois,Greene,17061,11543,9100,8.7,74.7,58.2,8.4,15.9,12.8,10.2,32.3,5.9,39.9,19.8,24.8,17.5,24.8,25.299999999999997,41.8,-0.20728028633241716,-0.11891521195130297,some
NC,North Carolina,Currituck,37053,31593,24619,8.6,77.4,67.5,6.4,10.7,9.5,8.6,30.1,5.1,33.6,15.1,25.8,12.9,20.4,22.599999999999994,32.5,-0.866946347718732,-1.03755034697589,fewest barriers
MN,Minnesota,Aitkin,27001,16102,13701,8.5,71.9,61.7,8.6,14.2,11.1,9.7,29.2,5.7,33.4,17.5,26.8,17.7,25.0,28.099999999999994,38.3,-0.2316714460185674,-0.7294788383618906,some
MT,Montana,Teton,30099,6430,4837,10.1,67.3,61.4,8.0,12.6,10.3,8.3,28.1,5.4,31.3,17.7,25.5,14.9,21.9,32.7,38.6,-0.025888520213000366,-1.056346205198271,many
GA,Georgia,Glascock,13125,2954,2319,13.9,74.9,57.0,9.7,17.9,14.4,11.8,35.4,6.3,37.2,21.9,23.6,18.3,29.0,25.099999999999994,43.0,0.2697086915251871,0.22809957332005495,many
SC,South Carolina,Marlboro,45069,25704,20526,18.1,78.9,45.6,16.4,34.7,25.2,17.4,44.7,7.3,40.9,30.5,22.5,21.4,37.3,21.099999999999994,54.4,1.7325479587724357,1.9090422157776836,most barriers
OH,Ohio,Lawrence,39087,56118,44136,9.1,77.7,54.1,9.0,16.9,13.3,12.2,37.3,6.7,41.2,22.1,28.8,19.8,30.6,22.299999999999997,45.9,-0.192988467728498,0.6255616319983799,some
MS,Mississippi,Pike,28113,39394,29430,14.0,81.8,6.6,16.6,31.6,24.2,16.3,46.5,7.1,46.5,28.5,20.0,21.0,37.7,18.200000000000003,93.4,1.818964161359819,1.9914098965261757,most barriers
OH,Ohio,Adams,39001,27521,20867,10.2,76.7,54.6,10.0,18.9,14.2,12.7,35.1,7.3,39.9,23.3,27.9,22.2,33.6,23.299999999999997,45.4,0.05578938793495489,0.7241698506510241,many
WI,Wisconsin,Outagamie,55087,193234,149418,7.4,77.0,67.2,6.1,10.7,9.1,8.9,30.0,5.1,36.4,15.4,24.3,12.8,24.7,23.0,32.8,-0.9399096288786142,-0.8794396551937146,fewest barriers
AZ,Arizona,Coconino,4005,144472,116865,10.4,69.0,60.3,10.1,16.8,13.5,9.8,28.4,5.5,25.3,18.9,22.2,12.9,16.8,31.0,39.7,0.28473607425277,-1.0939942254928903,many
WI,Wisconsin,Fond du Lac,55039,103948,82246,8.6,75.4,65.4,6.9,12.2,10.4,9.3,29.5,5.3,43.8,16.5,25.6,15.2,27.7,24.599999999999994,34.599999999999994,-0.6329493664076892,-0.44275399496556583,fewest barriers
ME,Maine,Aroostook,23003,67351,54697,10.1,78.5,56.1,10.0,15.1,13.6,10.7,34.4,6.4,40.0,21.2,27.9,18.6,29.2,21.5,43.9,-0.18706173076913557,0.20442871408356927,some
NC,North Carolina,Polk,37149,20060,17006,9.8,76.8,68.6,7.5,12.9,10.7,9.4,32.1,5.6,35.7,17.2,26.8,14.1,21.8,23.200000000000003,31.400000000000006,-0.6181038713628751,-0.5729786167058858,fewest barriers
ID,Idaho,Bear Lake,16007,6766,5018,9.9,71.1,66.9,7.7,13.3,11.0,9.0,28.2,5.6,31.2,17.3,23.7,13.8,23.0,28.900000000000006,33.099999999999994,-0.27343576002979036,-0.9630031122446535,some
KS,Kansas,Hodgeman,20083,1655,1265,8.7,74.5,65.0,6.2,10.7,10.1,8.8,30.0,5.1,36.4,15.1,20.4,13.6,23.5,25.5,35.0,-0.671158908295607,-0.9018164920041049,fewest barriers
NE,Nebraska,Fillmore,31059,5548,4435,8.8,74.0,63.9,6.4,11.3,9.2,9.2,29.4,5.2,42.0,15.0,18.1,14.4,26.2,26.0,36.1,-0.6326264903041232,-0.6267502589830218,fewest barriers
GA,Georgia,Wayne,13305,31373,23759,16.7,76.5,50.5,12.5,24.1,18.7,14.1,39.7,7.0,43.0,25.6,22.0,20.0,32.6,23.5,49.5,0.9342189893663125,1.2046345990758156,most barriers
VA,Virginia,Nottoway,51135,15566,12496,12.0,78.0,54.7,11.8,21.7,17.7,14.5,39.4,6.5,43.4,24.4,22.7,18.2,29.7,22.0,45.3,0.40462692869836187,1.0669126762034957,most barriers
MO,Missouri,Monroe,29137,8698,6787,10.3,75.8,54.4,9.7,16.3,13.8,11.0,33.7,6.4,38.0,22.4,27.2,20.2,31.1,24.200000000000003,45.6,0.004037429362258111,0.16858992930934807,many
AK,Alaska,North Slope,2185,10603,7948,11.6,65.3,51.8,11.3,18.3,14.6,11.0,35.3,6.3,41.2,20.6,17.7,19.9,24.1,34.7,48.2,0.8066808223329548,0.2690692299294838,most barriers
NC,North Carolina,Madison,37115,22071,18349,9.3,77.5,61.2,7.3,12.3,10.1,9.1,32.3,5.6,34.9,17.0,27.4,14.6,21.6,22.5,38.8,-0.624561560434616,-0.6351236023829522,fewest barriers
GA,Georgia,McDuffie,13189,21799,16447,14.8,77.6,54.5,12.4,24.0,19.5,13.8,39.4,6.2,39.1,24.0,21.4,17.8,30.8,22.400000000000006,45.5,0.7444257527511984,0.7248553550746878,most barriers
CA,California,Lake,6033,67878,52978,10.9,69.5,59.7,11.1,20.1,17.0,10.7,32.0,6.1,32.8,24.3,25.6,15.6,25.9,30.5,40.3,0.5809099838431113,-0.14458458765106885,most barriers
VA,Virginia,King William,51101,19030,14699,8.2,76.6,65.0,7.2,12.2,10.8,10.3,32.5,5.3,34.3,17.2,24.7,13.7,22.8,23.400000000000006,35.0,-0.6744026956922707,-0.612096833601373,fewest barriers
VA,Virginia,Augusta,51015,78247,64233,9.1,76.8,64.0,7.3,12.5,10.7,10.3,31.7,5.5,40.8,18.0,26.2,15.0,23.8,23.200000000000003,36.0,-0.6119338489673565,-0.27614401600089594,fewest barriers
IL,Illinois,Pike,17149,14342,11015,9.0,75.2,59.2,8.7,16.4,13.1,10.4,32.9,6.0,40.7,20.1,24.8,17.4,25.1,24.799999999999997,40.8,-0.18737979399514068,-0.0029397140033878776,some
NM,New Mexico,Quay,35037,8510,6759,18.7,66.9,54.6,13.4,26.4,20.4,12.7,33.1,6.8,38.2,26.4,24.1,16.6,29.2,33.099999999999994,45.4,1.6363010614052265,0.5822888304911151,most barriers
LA,Louisiana,Sabine,22085,21906,16848,10.0,79.4,52.5,13.5,26.8,19.0,14.3,40.9,7.3,44.9,26.9,29.6,21.9,34.3,20.599999999999994,47.5,0.5503895705605818,1.488322632947741,most barriers
OH,Ohio,Harrison,39067,14159,11246,9.2,75.8,58.0,8.6,15.6,12.6,11.8,35.5,6.5,41.1,20.6,28.7,19.5,29.3,24.200000000000003,42.0,-0.23635580490602573,0.3934694563131754,some
MN,Minnesota,Big Stone,27011,5105,3985,8.6,71.4,63.9,8.0,12.9,10.5,9.3,27.9,5.5,38.2,16.7,24.8,16.6,24.7,28.599999999999994,36.1,-0.32732023347550415,-0.6953046395858207,some
NY,New York,Cattaraugus,36009,75600,59190,7.0,78.4,58.2,9.5,17.3,14.4,9.6,32.3,6.0,35.9,18.9,22.9,17.1,26.8,21.599999999999994,41.8,-0.3147578370841517,-0.3623804278575615,some
NC,North Carolina,Clay,37043,11864,10069,9.6,76.7,60.9,7.5,12.8,10.5,9.3,32.1,5.8,35.5,17.3,27.9,14.9,22.2,23.299999999999997,39.1,-0.5239256743896431,-0.5364602134758918,fewest barriers
KS,Kansas,Sedgwick,20173,528469,398378,11.6,72.3,63.5,8.2,15.9,14.0,10.9,32.5,5.7,38.9,19.4,23.0,15.5,25.8,27.700000000000003,36.5,0.02437575504769599,-0.1598630851918247,many
NY,New York,Erie,36029,946147,756717,6.1,81.1,63.0,8.1,14.2,13.2,9.1,29.0,5.2,33.0,16.2,21.3,12.8,23.7,18.900000000000006,37.0,-0.7777686847398654,-0.990984062782711,fewest barriers
IL,Illinois,Vermilion,17183,71652,54905,10.2,76.9,55.3,10.3,20.1,16.1,11.7,36.7,6.2,44.1,22.0,24.0,17.8,27.5,23.099999999999994,44.7,0.16061030753245534,0.5543346313633328,many
KS,Kansas,Clay,20027,8007,6150,9.2,73.8,59.2,7.5,13.2,11.7,9.7,32.3,5.8,39.8,18.0,23.3,17.3,25.8,26.200000000000003,40.8,-0.32010529974390006,-0.2734833760337705,some
GA,Georgia,Thomas,13275,45649,34945,13.4,78.3,56.0,11.1,20.8,17.5,13.1,37.9,6.0,39.3,22.1,20.7,16.3,27.5,21.700000000000003,44.0,0.3723970176612097,0.47378200836373957,most barriers
OK,Oklahoma,Pontotoc,40123,38396,28720,10.0,77.1,53.5,9.7,17.7,13.9,10.9,37.0,6.2,40.3,19.5,26.0,17.1,28.9,22.900000000000006,46.5,-0.02080788483330782,0.21748727246982388,many
ID,Idaho,Latah,16057,41301,33280,8.4,72.8,69.4,7.3,11.8,10.0,8.4,30.2,5.4,31.6,16.1,23.1,11.6,19.0,27.200000000000003,30.599999999999994,-0.5762433137446888,-1.0189030904229877,fewest barriers
SC,South Carolina,Laurens,45059,68873,53894,14.7,78.4,59.9,10.8,22.2,16.8,13.0,35.9,6.1,36.3,23.9,24.4,16.8,30.6,21.599999999999994,40.1,0.3740274608683078,0.3564879588354951,most barriers
GA,Georgia,Newton,13217,120135,90194,13.5,79.1,56.4,11.2,21.4,18.8,13.3,38.7,5.5,42.3,21.3,18.9,14.9,30.0,20.900000000000006,43.6,0.40573688331862573,0.49575288795642825,most barriers
MT,Montana,Wibaux,30109,910,719,10.1,68.3,57.5,8.2,13.2,10.6,8.6,29.4,5.5,33.1,18.1,25.9,15.3,21.9,31.700000000000003,42.5,0.020639448077248046,-0.8541594609155059,many
MS,Mississippi,Choctaw,28019,8088,6352,12.0,78.9,9.0,11.4,21.7,16.6,12.9,40.2,6.2,40.5,22.9,20.8,18.0,32.7,21.099999999999994,91.0,0.9494831886523373,0.6900685358726946,most barriers
MO,Missouri,Dent,29065,14647,11351,10.5,75.6,53.4,9.9,16.4,13.8,11.1,34.3,6.6,39.3,22.8,26.2,20.4,31.6,24.400000000000006,46.6,0.053257009373666196,0.32683747143625563,many
SC,South Carolina,Berkeley,45015,255217,195733,11.8,78.9,64.6,8.3,17.0,13.4,11.9,34.7,5.2,37.8,18.0,22.6,12.9,25.3,21.099999999999994,35.400000000000006,-0.2932866309451903,-0.21463248660396905,some
IN,Indiana,Parke,18121,16484,12706,10.1,77.5,58.1,9.7,18.8,13.9,12.2,36.3,6.8,42.4,24.0,28.8,21.3,29.3,22.5,41.9,-0.07109274054636379,0.7466529166553727,many
NJ,New Jersey,Cumberland,34011,152326,115216,18.9,75.3,55.9,12.3,24.7,20.6,12.1,36.0,6.1,40.4,24.1,16.4,16.6,32.0,24.700000000000003,44.1,1.1119623631018611,0.4689307473366794,most barriers
MD,Maryland,Wicomico,24045,104800,81312,9.5,80.0,56.4,9.4,17.6,14.8,11.5,35.0,5.7,40.9,20.4,22.0,14.4,27.9,20.0,43.6,-0.21674328129620438,0.1299327316092272,some
KS,Kansas,Anderson,20003,7838,5838,10.3,73.1,59.1,8.1,15.2,12.5,10.2,32.8,6.1,40.3,19.7,22.9,18.8,28.0,26.900000000000006,40.9,-0.10472605001675088,-0.035511056584692266,many
OK,Oklahoma,Woodward,40153,19947,15150,12.5,75.4,53.3,9.0,17.8,13.8,10.7,36.2,6.3,41.6,20.0,24.7,17.2,29.7,24.599999999999994,46.7,0.15668912613861594,0.2704715566018575,many
CA,California,Plumas,6063,19131,15898,7.0,70.2,65.6,8.6,14.1,12.7,9.0,29.4,5.5,30.1,19.6,26.3,13.7,21.2,29.799999999999997,34.400000000000006,-0.22375469119216018,-0.8820567707167397,some
LA,Louisiana,Cameron,22023,4768,3710,8.1,78.5,57.8,8.7,16.2,12.7,10.6,35.5,6.1,36.3,20.3,29.6,17.4,26.4,21.5,42.2,-0.39874735133843126,-0.034964548621333094,some
WV,West Virginia,Brooke,54009,21373,17740,7.9,78.0,55.2,8.1,13.9,11.9,11.7,37.0,6.0,40.3,21.2,30.8,17.9,27.6,22.0,44.8,-0.4766670183305752,0.31535472877867327,some
MS,Mississippi,Marion,28091,24224,18622,13.3,79.2,7.0,14.0,26.8,19.9,14.4,43.1,7.0,43.6,26.6,21.3,20.9,35.7,20.799999999999997,93.0,1.4527875127803356,1.444322788383048,most barriers
AZ,Arizona,Maricopa,4013,4585871,3572375,13.1,72.0,61.9,8.6,15.7,12.2,9.6,28.6,5.0,30.6,17.5,18.9,11.0,20.0,28.0,38.1,0.08921328783423059,-1.0591404232102408,many
OK,Oklahoma,Oklahoma,40109,808866,605014,12.6,77.6,58.4,9.9,18.9,15.9,12.0,35.9,6.3,37.9,19.9,25.1,14.5,29.1,22.400000000000006,41.6,0.14532465792855262,0.20706223244391708,many
ME,Maine,Piscataquis,23021,17486,14518,10.1,77.7,59.9,10.2,15.4,13.6,9.6,30.8,6.6,34.3,20.4,28.8,18.6,25.3,22.299999999999997,40.1,-0.18232438971141038,-0.2784011186623003,some
OH,Ohio,Pike,39131,27001,20683,10.7,77.2,55.1,10.8,20.3,15.0,13.2,38.4,7.6,43.0,24.2,30.5,23.3,34.9,22.799999999999997,44.9,0.16683587126279711,1.1563800215581457,many
MN,Minnesota,Stevens,27149,9728,7542,10.3,71.3,64.2,8.1,13.2,11.1,9.6,28.3,5.4,39.4,17.0,24.7,14.8,25.1,28.700000000000003,35.8,-0.19878072818416478,-0.6109561399733785,some
VA,Virginia,Charlottesville,51540,44983,37336,7.7,78.3,63.1,7.8,13.0,11.0,11.5,33.0,5.5,35.2,17.7,23.9,12.3,23.1,21.700000000000003,36.9,-0.6927394362300171,-0.3735838559921748,fewest barriers
SC,South Carolina,Hampton,45049,18122,14442,17.2,79.2,50.4,14.5,31.4,23.3,17.1,42.0,6.9,41.6,27.6,21.9,19.4,33.6,20.799999999999997,49.6,1.3256608069893157,1.5704633138838373,most barriers
MO,Missouri,Ripley,29181,10806,8128,11.8,75.8,48.7,11.7,20.1,16.0,12.5,35.9,7.4,41.1,26.7,28.5,23.4,35.4,24.200000000000003,51.3,0.4722178730348296,0.9702762580268809,most barriers
MI,Michigan,Missaukee,26113,15311,11930,7.9,77.4,63.8,8.6,15.8,12.2,10.2,33.1,6.2,39.2,20.0,29.4,17.8,26.2,22.599999999999994,36.2,-0.4776443531989322,-0.032680889571726525,some
WI,Wisconsin,Chippewa,55017,66970,52829,8.0,73.0,66.3,7.0,11.8,10.1,9.4,29.5,5.6,41.4,17.5,25.3,15.8,26.6,27.0,33.7,-0.5764624150687543,-0.4191761589925155,fewest barriers
IA,Iowa,Keokuk,19107,9914,7694,7.8,74.3,64.9,7.8,14.0,11.0,10.4,32.8,5.9,41.5,18.7,22.7,18.2,26.7,25.700000000000003,35.099999999999994,-0.4889746219681601,-0.060103747002963094,some
MS,Mississippi,Newton,28101,21019,15910,12.2,79.1,7.4,13.3,24.8,18.7,13.7,41.3,6.7,41.5,24.9,20.9,19.4,33.4,20.900000000000006,92.6,1.2509952695967679,1.0645731738428181,most barriers
NY,New York,Orleans,36073,39124,31736,7.7,77.6,61.9,9.0,16.9,14.5,9.3,30.3,5.7,32.8,18.6,21.6,15.9,26.8,22.400000000000006,38.1,-0.3274004280733836,-0.6955947168911826,some
OH,Ohio,Gallia,39053,28986,22229,9.8,76.9,57.0,9.5,17.5,13.8,12.3,35.9,7.0,36.7,22.5,29.7,21.4,33.4,23.099999999999994,43.0,-0.09284762943545828,0.4720281878304208,many
NE,Nebraska,Scotts Bluff,31157,35699,27153,12.6,74.1,59.7,8.2,16.5,12.3,10.5,32.1,5.6,39.6,18.4,18.5,14.6,27.8,25.900000000000006,40.3,-0.006728614734452761,-0.2512910635924288,many
UT,Utah,Morgan,49029,13000,8784,6.8,70.7,72.0,5.0,7.9,7.3,7.5,26.4,4.4,25.1,12.4,25.2,7.7,14.9,29.299999999999997,28.0,-0.9416907216473841,-1.9555670640712097,fewest barriers
NM,New Mexico,Guadalupe,35019,4292,3499,24.7,64.6,52.9,13.9,29.1,22.8,14.3,33.1,6.5,37.5,28.7,20.0,14.6,31.7,35.400000000000006,47.1,2.289906941625529,0.7226840924802159,most barriers
IN,Indiana,Shelby,18145,45231,35206,9.0,77.6,57.4,7.6,14.4,11.5,11.3,35.1,5.9,41.0,20.3,28.0,18.1,24.8,22.400000000000006,42.6,-0.4611887666702703,0.16584740607132845,some
VA,Virginia,Surry,51181,6593,5458,9.3,78.3,61.7,9.6,17.2,14.7,12.4,36.5,5.7,39.5,20.3,23.1,14.9,26.5,21.700000000000003,38.3,-0.22290536644139305,0.20659270590157516,some
WV,West Virginia,Tucker,54093,6604,5662,8.5,78.0,58.7,8.6,15.2,12.4,11.9,37.9,6.4,39.0,22.5,32.2,19.1,30.0,22.0,41.3,-0.4106952570740956,0.47166492717111225,some
ND,North Dakota,Burke,38013,2134,1599,7.4,72.0,67.4,5.9,9.6,8.7,8.2,29.7,5.0,37.2,14.8,21.0,13.5,20.6,28.0,32.599999999999994,-0.7540234154571678,-0.9708597481901536,fewest barriers
MI,Michigan,Lapeer,26087,88977,71497,7.6,76.6,67.2,7.9,14.0,11.5,9.3,31.3,5.7,35.0,17.8,27.5,16.2,23.9,23.400000000000006,32.8,-0.6204234598756687,-0.593918543372452,fewest barriers
MO,Missouri,Taney,29213,56775,45069,10.1,75.6,55.1,9.1,15.1,13.2,10.6,33.5,6.1,36.4,20.9,25.8,17.9,29.4,24.400000000000006,44.9,-0.09808029752569757,-0.08700291493440211,many
MT,Montana,Silver Bow,30093,36360,29065,10.4,69.1,63.8,8.4,13.8,10.7,8.7,29.1,5.6,32.8,19.2,26.0,14.8,21.3,30.900000000000006,36.2,-0.061185525502091644,-0.7965340633364808,many
MN,Minnesota,Cass,27021,31446,25212,8.2,72.0,62.1,9.1,14.4,11.5,10.0,29.7,5.8,36.9,18.0,25.4,17.8,25.5,28.0,37.9,-0.2080005215250884,-0.4819714974179433,some
ID,Idaho,Oneida,16071,4953,3589,9.3,71.1,67.1,7.2,11.9,10.0,8.4,28.0,5.3,32.2,16.3,23.4,12.9,21.2,28.900000000000006,32.900000000000006,-0.4147988029379252,-1.10029258809853,some
MI,Michigan,Delta,26041,36790,29801,7.3,76.7,68.5,8.6,15.4,12.0,10.0,31.6,6.1,40.0,18.9,30.6,17.2,24.3,23.299999999999997,31.5,-0.5612752819672254,-0.15244291044666808,fewest barriers
IN,Indiana,Adams,18001,36288,24924,10.4,77.6,51.8,9.1,17.8,13.2,12.1,35.5,6.6,42.1,23.1,27.9,20.1,27.1,22.400000000000006,48.2,-0.05942782474429951,0.6011640288464666,many
KS,Kansas,Ottawa,20143,5818,4451,8.5,74.1,61.2,7.0,12.1,10.7,9.4,31.2,5.7,38.3,16.9,22.2,16.1,25.0,25.900000000000006,38.8,-0.49917277784375763,-0.48578708721039093,some
IA,Iowa,Clinton,19045,46158,35649,7.8,74.7,64.3,7.8,13.8,10.8,10.0,32.4,5.8,39.3,18.0,21.7,17.3,25.7,25.299999999999997,35.7,-0.5133611606544056,-0.2645721119720904,fewest barriers
MN,Minnesota,Scott,27139,155814,116237,6.9,73.1,67.9,6.3,9.9,8.9,8.5,28.4,4.5,31.5,14.1,22.6,11.9,22.2,26.900000000000006,32.099999999999994,-0.8025805373100967,-1.4028412298881756,fewest barriers
NE,Nebraska,Otoe,31131,16335,12426,9.5,74.3,63.3,6.6,12.0,9.6,9.4,30.8,5.2,40.7,15.7,18.8,13.7,25.6,25.700000000000003,36.7,-0.5551048704953088,-0.5758095966553652,fewest barriers
KS,Kansas,Phillips,20147,4761,3695,9.6,73.9,60.1,7.7,13.9,11.9,9.9,31.6,5.9,40.9,18.3,22.5,17.2,27.3,26.099999999999994,39.9,-0.2780382621594728,-0.19865727491576113,some
GA,Georgia,Sumter,13261,28890,22380,15.5,78.7,50.6,13.9,26.9,22.2,15.1,41.4,6.5,40.9,25.7,19.6,17.8,32.5,21.299999999999997,49.4,1.0559165800392998,1.152977391058176,most barriers
OK,Oklahoma,Johnston,40069,10216,7851,12.2,76.1,48.0,12.6,23.8,17.4,13.2,38.5,7.6,40.2,25.3,27.9,22.1,35.8,23.900000000000006,52.0,0.6972232105465594,1.0879389355160494,most barriers
OK,Oklahoma,Logan,40083,53029,41523,9.9,77.0,58.3,8.4,15.5,12.7,10.3,36.0,5.8,40.2,17.9,25.3,15.5,28.0,23.0,41.7,-0.27299568247454037,-0.053032165805839845,some
DE,Delaware,New Castle,10003,578592,456332,8.9,77.6,62.3,8.3,14.6,12.9,10.7,32.1,5.0,33.4,16.8,21.5,11.8,24.8,22.400000000000006,37.7,-0.4356910395393738,-0.7250716929610677,some
MS,Mississippi,Walthall,28147,13863,10730,13.6,79.6,8.1,14.2,27.5,20.8,14.4,43.7,6.8,43.2,26.9,20.3,19.8,35.8,20.400000000000006,91.9,1.499312245045455,1.4158315242769173,most barriers
MN,Minnesota,Grant,27051,6139,4712,8.4,71.8,63.2,8.4,13.6,11.0,9.6,29.8,5.8,39.9,17.3,26.7,17.2,24.5,28.200000000000003,36.8,-0.2855646329666095,-0.4138391575645543,some
KS,Kansas,Brown,20013,9250,6932,9.6,74.9,61.3,8.3,14.9,12.8,10.3,33.3,6.0,39.6,18.7,22.6,18.2,27.2,25.099999999999994,38.7,-0.24691519789356434,-0.1062196254787556,some
OH,Ohio,Mercer,39107,42439,31313,7.6,76.2,62.9,6.6,11.5,10.0,9.7,32.4,5.6,36.4,16.2,26.1,15.5,26.0,23.799999999999997,37.1,-0.7419374872991756,-0.5484293424549647,fewest barriers
IN,Indiana,Marshall,18099,46352,35175,10.9,76.0,58.8,8.3,16.0,12.4,11.5,35.0,6.1,43.4,21.5,27.0,17.9,27.4,24.0,41.2,-0.1816731687064609,0.38781051262920874,some
NE,Nebraska,Colfax,31037,10566,7357,20.7,70.8,55.8,9.6,19.8,15.6,11.9,29.6,5.8,39.0,20.2,14.3,14.5,31.8,29.200000000000003,44.2,0.9434468431930969,-0.127108062781094,most barriers
VA,Virginia,Giles,51071,16457,13231,9.1,75.3,63.4,7.7,13.2,10.8,10.6,33.0,5.8,36.0,18.9,26.6,16.4,24.9,24.700000000000003,36.6,-0.4831036003888241,-0.28986752296932916,some
MT,Montana,Prairie,30079,1112,902,13.2,67.3,51.0,11.2,18.7,14.0,10.2,30.8,6.6,34.0,22.7,26.2,19.2,26.5,32.7,49.0,0.786377029292415,-0.13469381391386442,most barriers
VA,Virginia,Franklin,51067,55549,45296,9.4,76.5,67.7,8.2,13.9,11.7,11.0,32.9,5.9,34.9,19.0,26.0,15.7,25.1,23.5,32.3,-0.504377734787354,-0.2773293858113534,fewest barriers
AL,Alabama,Lee,1081,183215,145050,9.1,79.3,57.5,9.4,17.5,13.7,12.7,38.6,5.9,39.9,20.1,23.4,13.8,25.7,20.700000000000003,42.5,-0.26514103270682027,0.378808822007964,some
NC,North Carolina,Burke,37023,88338,72201,12.4,77.2,60.4,9.4,17.4,13.4,10.9,34.1,6.4,36.7,21.0,27.4,17.4,26.7,22.799999999999997,39.6,-0.04237520021392643,0.056581476885438055,many
OK,Oklahoma,Atoka,40005,14525,11475,12.9,74.6,48.1,12.0,23.0,16.8,12.7,38.9,7.3,40.4,24.2,25.6,21.8,33.3,25.400000000000006,51.9,0.7265039563206709,0.9451157217786742,most barriers
AL,Alabama,Escambia,1053,36558,28282,13.5,78.5,47.9,14.9,29.9,20.8,15.6,44.0,7.6,43.9,29.9,24.9,21.6,34.1,21.5,52.1,1.0836553716392163,1.898743996591712,most barriers
MO,Missouri,Clay,29047,259772,199234,8.1,76.0,62.6,7.4,11.3,11.2,9.7,32.5,5.2,37.1,16.8,23.8,14.1,23.9,24.0,37.4,-0.613037125937895,-0.5858450666900727,fewest barriers
MS,Mississippi,Wilkinson,28157,8058,6454,14.8,81.4,5.9,17.9,34.5,26.3,17.6,48.8,7.3,47.7,30.2,17.5,21.2,40.3,18.599999999999994,94.1,2.1285584865523024,2.381067489966841,most barriers
KS,Kansas,McPherson,20113,30091,23489,8.2,74.4,65.5,6.4,10.9,10.0,8.8,30.8,5.2,38.0,15.9,22.2,14.6,25.3,25.599999999999994,34.5,-0.6867811043369375,-0.7377495390873975,fewest barriers
AR,Arkansas,Mississippi,5093,38663,28644,12.9,78.4,45.6,13.1,26.0,20.3,13.4,43.4,7.0,46.7,27.8,25.4,19.1,35.8,21.599999999999994,54.4,0.8585113497568465,1.557692638250094,most barriers
IL,Illinois,McHenry,17111,312800,242583,8.4,75.2,64.9,6.4,11.6,10.4,8.8,29.7,4.7,31.7,15.4,22.3,11.4,20.1,24.799999999999997,35.099999999999994,-0.6721204581604195,-1.2051161892668154,fewest barriers
VA,Virginia,Alleghany,51005,14595,12022,9.4,76.2,61.8,8.3,14.5,11.8,11.0,33.8,6.1,39.1,20.0,26.7,17.5,25.7,23.799999999999997,38.2,-0.3788214330696857,0.03819296748877271,some
GA,Georgia,Atkinson,13003,8293,6215,26.0,74.7,47.0,15.9,32.0,24.1,16.5,40.4,7.9,43.9,32.2,22.2,22.1,39.4,25.299999999999997,53.0,2.1932308421913027,2.006283816666341,most barriers
MT,Montana,Meagher,30059,2071,1699,9.6,68.9,64.8,7.6,11.9,9.9,8.3,28.1,5.3,32.6,17.0,25.3,14.3,20.7,31.099999999999994,35.2,-0.2381414358189479,-1.0559616748361162,some
AR,Arkansas,Yell,5149,20044,15261,16.1,75.1,49.0,10.9,21.3,16.5,12.2,38.3,6.9,41.9,26.2,26.1,18.6,34.0,24.900000000000006,51.0,0.7367622789244308,0.9322493871721449,most barriers
WI,Wisconsin,Sauk,55111,65920,51378,8.4,74.4,63.9,6.9,12.2,10.3,9.8,28.6,5.4,40.2,17.3,25.5,15.2,28.2,25.599999999999994,36.1,-0.5767508699468703,-0.532294327070068,fewest barriers
ND,North Dakota,Dunn,38025,4019,2975,8.1,72.0,62.7,7.1,11.9,10.2,9.4,30.3,5.6,36.5,16.5,20.7,15.0,22.7,28.0,37.3,-0.4577918245121195,-0.6447237823864151,some
NE,Nebraska,Wayne,31179,9874,7832,9.6,74.1,65.4,7.1,12.7,10.4,10.0,29.9,5.5,41.0,15.5,18.1,14.3,26.3,25.900000000000006,34.599999999999994,-0.49044650709010185,-0.48177568651425895,some
AL,Alabama,Randolph,1111,22786,17988,10.9,78.3,51.8,10.6,20.7,15.1,12.7,39.7,6.5,38.0,23.5,25.8,17.6,28.2,21.700000000000003,48.2,0.17384698786415811,0.6438282984597039,many
ND,North Dakota,Pierce,38069,3902,3000,7.5,73.1,63.4,6.9,11.9,9.8,9.0,29.3,5.4,40.9,16.5,22.0,14.9,23.6,26.900000000000006,36.6,-0.5812148009637644,-0.5794266803394721,fewest barriers
AR,Arkansas,Baxter,5005,42875,35338,10.7,76.7,53.4,9.5,17.3,13.6,10.3,36.2,6.8,38.2,23.2,28.7,17.9,29.8,23.299999999999997,46.6,0.0031929201209609467,0.35490431380796744,many
IL,Illinois,Henderson,17071,6088,4976,8.3,75.2,61.4,7.8,14.3,11.8,9.8,31.8,5.6,38.7,18.4,23.9,15.9,22.9,24.799999999999997,38.6,-0.41695822464813376,-0.36506058790989016,some
NY,New York,Lewis,36049,26548,20528,6.6,78.1,60.4,8.2,14.6,12.9,9.2,30.2,5.7,40.7,17.3,22.3,15.4,26.0,21.900000000000006,39.6,-0.5611737266571843,-0.4224448544098573,fewest barriers
GA,Georgia,Brantley,13025,18401,14186,15.1,74.5,52.6,10.3,19.3,14.9,11.9,35.5,6.7,38.7,23.5,25.0,19.9,31.1,25.5,47.4,0.5091644218222743,0.47789960208917864,most barriers
AR,Arkansas,Pulaski,5119,400009,307397,10.5,79.5,58.4,10.6,19.1,16.4,11.5,39.5,5.8,40.6,21.8,23.6,13.6,28.4,20.5,41.6,0.005986117470559993,0.3925071295278264,many
AR,Arkansas,Greene,5055,46743,35680,11.5,76.5,50.6,9.8,18.6,14.3,11.0,39.3,6.8,42.3,24.5,28.5,18.8,33.9,23.5,49.4,0.17619035135477643,0.783761512726516,many
WV,West Virginia,Gilmer,54021,7254,6147,11.6,78.3,52.1,11.2,20.6,16.7,14.5,42.0,7.3,43.8,26.7,28.6,21.5,34.2,21.700000000000003,47.9,0.30166721040599764,1.4949040319941997,many
MI,Michigan,Branch,26023,45215,34668,9.1,76.3,63.0,9.5,18.0,13.7,10.9,34.3,6.4,35.9,20.9,28.7,18.3,26.8,23.700000000000003,37.0,-0.17684232866624627,0.025504449145288415,many
NM,New Mexico,San Miguel,35047,26668,22308,21.2,66.4,58.6,12.8,26.1,21.5,13.3,30.2,5.9,38.0,26.2,20.9,12.3,29.8,33.599999999999994,41.4,1.7363585607580425,0.2734968086520356,most barriers
MO,Missouri,Greene,29077,304611,241659,8.6,76.7,62.1,8.5,13.9,12.3,10.2,31.6,5.8,37.8,19.3,24.8,16.4,25.8,23.299999999999997,37.9,-0.4354420248794981,-0.28710758249611995,some
OH,Ohio,Williams,39171,36591,28607,9.5,76.2,61.1,8.2,14.8,12.2,11.6,34.4,6.3,40.7,19.4,27.1,18.3,29.9,23.799999999999997,38.9,-0.345425387625172,0.20872202854590255,some
IN,Indiana,Henry,18065,48929,39114,8.9,76.9,56.9,8.1,15.1,11.9,11.2,36.0,6.2,43.6,20.8,27.8,18.4,27.6,23.099999999999994,43.1,-0.3609167105790017,0.4049452092200597,some
GA,Georgia,Clay,13061,2853,2290,15.3,79.7,52.6,15.3,29.2,23.9,16.1,43.2,6.7,42.3,26.9,19.9,18.6,34.5,20.299999999999997,47.4,1.178444667760756,1.481401903473833,most barriers
IN,Indiana,Washington,18175,28205,21906,9.4,77.3,59.6,8.7,16.4,12.5,11.9,36.9,6.5,41.0,22.2,28.6,20.0,27.1,22.700000000000003,40.4,-0.2987324895549817,0.528498356263078,some
IN,Indiana,Vermillion,18165,15417,12095,8.6,78.0,55.8,8.1,15.2,11.8,11.5,35.3,6.4,40.4,21.4,27.6,19.0,26.0,22.0,44.2,-0.41642490969814827,0.3392807691256917,some
AL,Alabama,Dallas,1047,36165,27736,13.0,81.8,47.4,17.9,35.9,26.5,18.1,49.2,7.2,46.5,31.3,21.4,20.1,36.1,18.200000000000003,52.6,1.4639576366149702,2.4144428099411157,most barriers
MO,Missouri,Nodaway,29147,20695,17134,8.7,76.9,55.3,8.6,13.8,12.4,10.4,33.3,6.1,39.5,20.1,26.4,17.5,28.3,23.099999999999994,44.7,-0.3354140114119246,-0.013824797092137936,some
VA,Virginia,Lynchburg,51680,79535,64016,9.1,78.5,65.8,9.6,17.2,14.4,12.5,36.5,5.8,40.4,20.2,24.1,14.9,25.3,21.5,34.2,-0.313948384102479,0.27501295310418,some
OK,Oklahoma,Custer,40039,28266,21204,12.3,75.8,57.1,10.0,19.4,15.1,11.8,35.6,6.6,43.1,21.4,26.0,17.0,32.1,24.200000000000003,42.9,0.22481054783453605,0.545786148221657,many
WI,Wisconsin,Marinette,55075,42106,34244,8.4,74.5,61.4,7.4,13.4,10.8,9.9,29.6,5.8,37.6,17.8,25.4,16.6,27.5,25.5,38.6,-0.4642694367762226,-0.47346309940455383,some
VA,Virginia,Radford,51750,16971,14797,9.7,77.3,62.1,10.9,19.0,14.7,13.7,37.5,7.2,40.5,23.4,27.9,18.5,29.0,22.700000000000003,37.9,-0.033136525213741636,0.9187402978276206,many
ND,North Dakota,Grand Forks,38035,72708,57336,7.1,73.8,62.6,6.7,11.1,9.6,9.8,30.3,5.5,37.9,16.5,22.7,12.9,22.6,26.200000000000003,37.4,-0.6668357540768298,-0.5730067296173365,fewest barriers
AL,Alabama,Chambers,1017,34079,26970,12.1,78.9,48.3,12.9,26.1,19.5,14.5,42.8,6.5,41.6,25.8,23.9,18.2,32.5,21.099999999999994,51.7,0.7123729225502003,1.1933295115002083,most barriers
NY,New York,Niagara,36063,209457,168091,6.1,80.0,65.3,8.2,14.3,13.2,8.9,31.4,5.3,39.4,16.7,22.3,14.0,24.8,20.0,34.7,-0.7480431348462043,-0.5819027026099913,fewest barriers
AK,Alaska,Dillingham,2070,4607,3180,13.4,63.5,47.4,16.9,27.4,20.9,12.5,33.9,7.3,38.5,26.5,20.0,25.7,29.3,36.5,52.6,1.8761406033525156,0.7395437840433324,most barriers
MO,Missouri,Bates,29013,16242,12485,10.5,75.3,56.2,9.9,16.8,14.2,11.1,34.6,6.5,41.0,23.1,27.6,21.0,32.2,24.700000000000003,43.8,0.05446252649219794,0.40227470698701834,many
NE,Nebraska,Gage,31067,21634,16755,9.5,74.4,59.5,7.2,12.9,9.9,9.7,32.7,5.6,41.8,16.5,19.0,16.2,26.5,25.599999999999994,40.5,-0.4341802780358792,-0.2867178469852635,some
OH,Ohio,Hocking,39073,27540,21637,9.3,77.0,55.0,9.0,16.8,13.1,12.3,36.0,6.9,35.8,21.3,28.7,20.8,31.4,23.0,45.0,-0.17136940576635276,0.35803215000759975,many
UT,Utah,Garfield,49017,5314,4137,9.4,71.8,65.7,7.0,12.1,9.9,8.9,28.3,5.2,28.9,16.3,26.4,9.8,18.1,28.200000000000003,34.3,-0.4339684222277125,-1.2123254353214539,some
ID,Idaho,Cassia,16031,25696,17834,16.0,70.4,61.2,9.4,17.6,14.3,10.2,30.5,5.8,37.9,20.7,22.4,13.4,26.4,29.599999999999994,38.8,0.5130506216553812,-0.2655310982938214,most barriers
UT,Utah,San Juan,49037,14358,10367,12.4,71.8,59.0,14.1,26.2,18.5,13.7,34.6,6.9,34.4,25.7,27.0,16.2,24.6,28.200000000000003,41.0,0.9579091360738102,0.5608090310262058,most barriers
AR,Arkansas,Carroll,5015,28814,22640,14.8,75.5,54.5,10.2,19.8,15.7,11.4,37.4,6.8,37.7,24.6,25.7,17.5,34.5,24.5,45.5,0.45589731194874555,0.5436493348718683,most barriers
AL,Alabama,Shelby,1117,233000,180682,7.4,78.0,67.1,6.5,11.6,9.5,9.6,36.4,4.8,31.6,15.3,22.3,10.6,19.9,22.0,32.900000000000006,-0.9241132851028099,-0.838808993052206,fewest barriers
KS,Kansas,Elk,20049,2467,1897,10.5,74.0,55.2,9.1,16.4,13.7,11.0,33.5,6.5,40.5,20.9,23.4,19.3,31.8,26.0,44.8,0.055650347867923694,0.2265307024945018,many
CA,California,Sonoma,6097,481812,391558,8.8,69.7,68.4,7.9,13.5,12.5,8.6,26.4,4.8,26.1,17.7,23.9,10.8,20.0,30.299999999999997,31.599999999999994,-0.208645723796312,-1.4764377636949706,some
VA,Virginia,Westmoreland,51193,19013,15601,12.2,78.0,59.2,11.2,20.9,16.5,13.2,35.9,6.5,41.2,23.9,25.1,17.9,30.2,22.0,40.8,0.2468606787215295,0.6872289808084797,many
ND,North Dakota,Walsh,38099,10305,7893,10.6,72.6,56.7,7.6,13.6,11.3,9.4,30.1,5.7,36.0,17.6,20.9,15.3,24.6,27.400000000000006,43.3,-0.14962402764038066,-0.6005078278230757,many
GA,Georgia,Dodge,13091,19776,16128,15.6,76.6,53.9,12.3,24.0,18.9,13.9,39.7,6.8,40.4,24.6,21.5,19.1,32.1,23.400000000000006,46.1,0.8154735864890726,0.9787861121350542,most barriers
GA,Georgia,Rockdale,13247,95987,73494,14.3,79.3,56.0,12.5,23.5,20.8,14.7,39.8,5.5,38.9,21.9,18.1,14.2,29.4,20.700000000000003,44.0,0.6556983725078037,0.5442591740894402,most barriers
NJ,New Jersey,Bergen,34003,957736,759402,10.4,76.6,69.2,6.1,11.3,10.8,8.0,28.1,4.1,25.4,13.7,14.6,8.4,20.6,23.400000000000006,30.799999999999997,-0.7064145899550294,-1.8430623453483819,fewest barriers
CA,California,Marin,6041,254407,206190,6.2,69.3,75.0,6.2,9.8,9.5,7.5,25.2,4.3,21.3,15.0,22.1,8.4,16.6,30.700000000000003,25.0,-0.7396367070549242,-2.0790720295529135,fewest barriers
IL,Illinois,Ogle,17141,51265,39938,9.4,75.4,58.7,7.6,14.0,12.1,9.7,31.2,5.3,40.9,17.8,23.0,14.2,22.5,24.599999999999994,41.3,-0.33769999125452194,-0.40437055393176563,some
MI,Michigan,Newaygo,26123,51108,40085,8.6,76.9,63.8,9.2,17.2,13.0,10.3,33.5,6.4,37.5,20.4,28.4,18.3,26.1,23.099999999999994,36.2,-0.3112198683061045,-0.01370641678876118,some
MS,Mississippi,Lauderdale,28075,70527,54144,12.4,80.3,8.1,14.0,26.2,20.5,14.1,43.1,6.7,42.3,24.9,19.6,19.0,34.3,19.700000000000003,91.9,1.3420912734862123,1.2100054521793964,most barriers
KS,Kansas,Harvey,20079,33504,25695,10.3,75.3,64.9,7.0,12.9,11.5,10.0,29.8,5.4,37.2,16.9,21.5,14.5,26.7,24.700000000000003,35.099999999999994,-0.46241593255655,-0.6134772276004261,some
SC,South Carolina,Chesterfield,45025,44031,34239,16.3,78.7,56.4,12.6,28.0,19.9,14.8,39.2,6.6,45.0,25.5,24.2,18.4,32.9,21.299999999999997,43.6,0.8794681216377755,1.229338449601668,most barriers
MI,Michigan,Sanilac,26151,40368,32004,8.3,76.8,59.3,8.9,16.7,12.8,10.3,33.2,6.3,39.9,20.1,29.6,18.5,28.0,23.200000000000003,40.7,-0.2966895814093619,0.04019893236380086,some
OK,Oklahoma,Rogers,40131,100248,77057,9.4,76.0,59.7,8.6,15.3,12.5,10.6,33.8,6.0,39.9,17.7,25.4,16.0,27.4,24.0,40.3,-0.2720733640620425,-0.09078247800911643,some
OH,Ohio,Erie,39043,74035,59711,8.2,78.7,66.5,7.8,14.0,12.1,11.0,34.4,5.8,40.3,17.1,26.2,15.6,26.0,21.299999999999997,33.5,-0.664198647582483,-0.08951643137693205,fewest barriers
NE,Nebraska,Keith,31101,8113,6429,10.3,71.0,62.1,7.0,12.7,10.3,9.3,29.1,5.4,35.7,16.2,17.4,14.8,28.1,29.0,37.9,-0.2630176822717519,-0.8016770184275936,some
ME,Maine,Washington,23029,31555,25717,10.5,78.2,56.4,11.1,16.2,14.2,10.7,34.0,6.5,39.9,21.7,29.1,19.2,29.8,21.799999999999997,43.6,-0.03762343288863276,0.23070988105750026,many
GA,Georgia,Lincoln,13181,7879,6351,14.1,76.9,57.1,11.7,21.9,17.7,13.2,37.9,6.5,38.0,23.6,22.2,18.6,30.2,23.099999999999994,42.9,0.5356505021582229,0.6174984196044828,most barriers
SC,South Carolina,Williamsburg,45089,29891,24199,16.1,80.7,50.2,14.5,31.8,24.3,16.3,43.7,6.4,45.1,27.3,21.1,18.1,32.9,19.299999999999997,49.8,1.2462938675849962,1.5858131429274551,most barriers
OK,Oklahoma,Harper,40059,3190,2450,14.8,75.8,56.9,9.4,18.8,14.7,11.2,35.6,6.4,39.3,20.9,24.5,16.1,31.6,24.200000000000003,43.1,0.2935555935960223,0.25469199239836826,many
OK,Oklahoma,Muskogee,40101,66677,50493,12.5,77.4,53.2,13.1,24.4,18.3,13.4,39.5,7.3,41.7,25.7,26.8,21.2,35.0,22.599999999999994,46.8,0.6553812235005259,1.1564770465936518,most barriers
MD,Maryland,St. Mary's,24037,115281,87752,7.9,76.5,64.3,7.0,12.3,11.7,10.3,32.6,5.1,37.2,16.6,21.5,12.7,22.3,23.5,35.7,-0.6490694886488436,-0.5579999314020931,fewest barriers
MT,Montana,Chouteau,30015,5847,4657,10.9,69.2,58.6,10.1,16.4,12.9,9.5,30.8,5.6,35.8,19.7,25.5,17.4,22.7,30.799999999999997,41.4,0.2914272545705122,-0.5013076983147465,many
IN,Indiana,Posey,18129,25040,19685,7.3,78.1,66.4,6.6,11.6,9.9,10.0,33.2,5.5,40.0,17.8,26.4,15.6,21.3,21.900000000000006,33.599999999999994,-0.9028173959193241,-0.2840467934252418,fewest barriers
MO,Missouri,Dade,29057,7716,6133,10.5,75.8,51.0,10.4,17.5,14.5,11.8,35.3,6.9,40.5,23.7,27.5,21.5,32.3,24.200000000000003,49.0,0.1644788473646643,0.5978662787505774,many
KS,Kansas,Chautauqua,20019,3347,2613,11.5,73.4,56.3,9.8,18.0,14.6,11.3,34.3,6.8,40.9,22.0,23.2,20.1,30.6,26.599999999999994,43.7,0.2423844897651081,0.42790251052223294,many
NE,Nebraska,Boone,31011,5310,4024,9.8,72.7,61.7,7.0,12.7,10.0,9.4,29.4,5.5,33.4,15.5,18.4,15.5,26.8,27.299999999999997,38.3,-0.37930690439240305,-0.8874429080986568,some
VA,Virginia,Shenandoah,51171,45228,35666,11.1,76.0,63.2,8.5,15.0,12.4,11.0,32.1,6.0,36.3,20.3,25.1,16.4,26.9,24.0,36.8,-0.24983960778528647,-0.16621151946070487,some
OH,Ohio,Stark,39151,372716,292739,8.1,76.4,64.6,8.0,14.0,12.0,11.1,33.2,6.0,40.5,19.2,26.4,17.6,27.5,23.599999999999994,35.400000000000006,-0.5212843120222915,0.02225246354105346,fewest barriers
OH,Ohio,Marion,39101,64851,50931,9.8,77.0,55.1,9.2,16.8,13.5,12.5,37.0,6.8,44.1,21.5,28.2,19.9,32.5,23.0,44.9,-0.11889396829028036,0.763917519953888,many
IA,Iowa,Hardin,19083,16463,13369,8.0,75.0,64.1,7.5,13.1,10.6,9.9,31.6,5.6,39.2,17.8,21.6,16.9,25.2,25.0,35.900000000000006,-0.5590898466917932,-0.3697777253999819,fewest barriers
IL,Illinois,Stark,17175,5218,4084,8.3,75.1,61.0,7.7,14.1,11.9,9.7,31.5,5.6,38.3,18.1,24.0,15.7,22.9,24.900000000000006,39.0,-0.41367953238642946,-0.4174119392910705,some
NC,North Carolina,Alexander,37003,36473,29341,11.7,76.4,61.9,8.7,15.8,12.5,10.1,33.5,6.1,36.2,19.6,27.0,17.1,24.7,23.599999999999994,38.1,-0.18153095309931647,-0.19860000181133186,some
ND,North Dakota,Stark,38089,33001,23903,8.5,72.9,61.8,6.7,11.5,10.0,8.9,30.4,5.6,37.5,16.6,19.8,14.3,23.2,27.099999999999994,38.2,-0.510010917639015,-0.6366676791492436,fewest barriers
MI,Michigan,Schoolcraft,26153,8149,6684,7.8,77.3,61.4,10.1,18.2,13.8,10.8,33.2,6.5,40.1,21.1,29.5,19.0,26.5,22.700000000000003,38.6,-0.2278789376118371,0.18786506679718576,some
RI,Rhode Island,Newport,44005,83832,70797,5.8,82.5,75.3,5.9,9.7,9.2,7.8,28.2,4.7,27.9,13.1,24.1,9.8,18.4,17.5,24.700000000000003,-1.447035830140458,-1.6257592653290787,fewest barriers
HI,Hawaii,Honolulu,15003,989408,787914,5.3,76.2,69.1,7.4,17.7,11.6,10.5,27.9,4.6,26.0,17.2,15.9,10.3,22.4,23.799999999999997,30.900000000000006,-0.674343454356149,-1.3221322579755723,fewest barriers
MS,Mississippi,Leflore,28083,26378,19118,15.0,83.2,5.2,20.0,38.4,28.8,19.0,49.2,7.5,43.9,32.1,18.0,21.6,41.1,16.799999999999997,94.8,2.387588880203539,2.49110350384242,most barriers
MS,Mississippi,Leake,28079,21258,16198,14.1,79.7,7.5,14.5,27.5,21.3,14.5,43.6,6.8,42.8,26.5,19.9,19.6,36.8,20.299999999999997,92.5,1.5666521327686738,1.3850240681998482,most barriers
VA,Virginia,Bristol,51520,16807,13451,10.0,76.5,60.2,9.4,16.7,13.0,11.8,34.8,6.4,39.3,21.7,27.1,17.8,27.6,23.5,39.8,-0.16745831967053956,0.3104950021796798,many
ND,North Dakota,Benson,38005,5745,3810,10.2,73.1,49.3,14.1,24.8,18.3,13.4,36.6,7.4,43.8,25.6,22.2,23.1,30.5,26.900000000000006,50.7,0.8699662078675519,1.1474133106833233,most barriers
UT,Utah,Box Elder,49003,62684,43845,10.4,73.4,67.8,7.1,12.7,10.1,8.9,28.2,5.2,32.7,16.5,26.6,9.9,19.4,26.599999999999994,32.2,-0.4596243360846044,-1.041639996733482,some
GA,Georgia,Ware,13299,36243,27189,16.8,77.1,49.5,13.3,25.5,20.1,14.7,40.0,7.0,41.5,26.8,22.5,20.0,35.6,22.900000000000006,50.5,1.064088457347657,1.2589020811271012,most barriers
ND,North Dakota,McLean,38055,9832,7747,7.1,73.4,64.7,6.4,10.3,9.1,8.6,29.9,5.2,40.2,15.5,21.9,14.3,22.7,26.599999999999994,35.3,-0.73621264410476,-0.7150259221717592,fewest barriers
AK,Alaska,Kodiak Island,2150,12565,9632,10.5,67.1,55.7,8.5,14.8,11.7,9.3,30.2,5.2,31.4,17.7,17.2,15.0,22.8,32.900000000000006,44.3,0.23112269852256903,-0.9254186144994178,many
IN,Indiana,Delaware,18035,112321,91956,8.7,78.4,55.5,9.3,17.3,13.6,12.9,35.8,6.5,38.9,22.7,29.6,19.0,25.6,21.599999999999994,44.5,-0.2286259156864158,0.5020243147258219,some
CA,California,Napa,6055,133216,107838,10.2,70.4,63.0,8.4,15.0,13.5,9.3,27.7,4.9,28.2,19.4,21.8,10.6,22.2,29.599999999999994,37.0,0.018119604516044916,-1.1671430416860487,many
LA,Louisiana,St. James,22093,19191,14995,8.2,81.6,56.6,11.6,22.7,18.6,13.4,40.3,5.9,43.7,22.9,25.7,16.8,30.7,18.400000000000006,43.4,0.04901878457802509,0.8037758096198034,many
MT,Montana,Flathead,30029,113679,89230,9.3,67.5,61.7,7.2,10.7,9.4,7.4,26.1,5.0,30.8,16.4,25.0,12.9,18.1,32.5,38.3,-0.21641172552317056,-1.3990841826398257,some
IA,Iowa,Buchanan,19019,20691,15459,6.8,74.9,69.7,6.4,11.0,9.3,8.9,30.5,5.2,37.4,15.7,21.3,15.6,22.6,25.099999999999994,30.299999999999997,-0.8707630912525463,-0.7766148531052485,fewest barriers
LA,Louisiana,Allen,22003,22112,17025,11.9,78.3,52.9,13.0,26.7,19.3,14.3,42.3,7.4,43.9,27.3,27.6,21.6,34.4,21.700000000000003,47.1,0.679694499822827,1.545922142633676,most barriers
NC,North Carolina,Caswell,37033,22807,18569,12.6,78.2,57.1,10.8,20.3,16.2,12.0,37.2,6.2,39.1,21.8,24.9,17.4,26.9,21.799999999999997,42.9,0.23693271238029037,0.3745279961908462,many
ND,North Dakota,Divide,38023,2135,1615,8.2,72.6,64.0,6.9,11.7,10.1,9.0,29.9,5.6,37.8,17.0,21.5,14.9,23.1,27.400000000000006,36.0,-0.5217067300037784,-0.6175525996437655,fewest barriers
OK,Oklahoma,Carter,40019,48596,36523,11.4,77.0,54.4,10.4,20.2,15.4,11.9,37.8,6.5,39.7,21.2,26.2,18.2,33.6,23.0,45.6,0.2135533966528225,0.4642369475008474,many
VA,Virginia,Hampton,51650,137098,107586,9.8,80.6,63.9,11.0,20.1,17.3,13.8,38.1,5.7,40.9,20.9,21.3,14.6,26.1,19.400000000000006,36.1,-0.0783764468711164,0.4854463625891185,many
OH,Ohio,Tuscarawas,39157,91874,70742,9.5,76.9,57.2,8.2,15.2,12.3,11.0,34.3,6.2,43.4,19.0,26.2,18.0,28.3,23.099999999999994,42.8,-0.30908889420123203,0.22643704742502974,some
LA,Louisiana,East Feliciana,22037,19229,15872,9.3,79.9,57.1,11.7,23.2,18.7,13.2,42.4,6.4,41.9,24.0,25.3,18.4,32.1,20.099999999999994,42.9,0.20744498740605588,0.9687014820828603,many
AR,Arkansas,Lincoln,5079,12898,10904,14.7,76.0,44.5,12.6,24.7,19.2,13.5,42.9,7.4,42.8,27.8,21.9,20.2,36.1,24.0,55.5,0.9803795819935289,1.4746620910726493,most barriers
MN,Minnesota,Kanabec,27065,16602,13036,9.1,69.9,60.6,8.7,14.7,11.5,9.8,29.4,5.7,37.3,18.1,26.7,18.2,26.0,30.099999999999994,39.4,-0.05036075557780901,-0.5150270407537707,many
IL,Illinois,Edwards,17047,5968,4705,8.9,75.0,62.0,9.0,16.8,13.4,10.7,32.9,6.2,40.3,20.5,25.5,17.9,25.0,25.0,38.0,-0.1828406697319518,0.0737871239635882,some
MT,Montana,Roosevelt,30085,10319,6918,13.1,68.5,46.5,17.4,28.1,20.5,13.5,35.4,7.3,41.3,28.2,26.9,23.7,29.5,31.5,53.5,1.659568127271237,1.0894972409921917,most barriers
OH,Ohio,Morgan,39115,13646,10828,9.4,77.4,59.3,9.2,16.7,13.4,12.3,35.9,6.8,41.0,21.4,28.3,20.0,31.2,22.599999999999994,40.7,-0.22675383691980078,0.5605133038026885,some
IN,Indiana,Montgomery,18107,38573,29757,9.6,78.0,58.4,8.1,15.5,12.0,11.2,35.0,6.2,39.5,20.8,27.1,18.1,27.2,22.0,41.6,-0.38451588741446874,0.18428534419592024,some
MO,Missouri,Crawford,29055,22719,17715,10.8,75.3,50.3,9.7,16.4,13.9,11.0,32.9,6.5,41.7,22.9,27.3,20.8,31.7,24.700000000000003,49.7,0.12070300573283453,0.34402346407398304,many
NH,New Hampshire,Strafford,33017,133243,110001,7.0,75.8,65.2,6.2,10.5,9.4,7.8,29.3,4.7,33.3,13.9,26.6,11.3,19.1,24.200000000000003,34.8,-0.8613004454851128,-1.3081288540872567,fewest barriers
GA,Georgia,Franklin,13119,24782,19292,14.7,75.4,53.4,10.5,19.7,15.3,12.4,36.5,6.6,39.4,23.4,23.4,18.6,29.7,24.599999999999994,46.6,0.47037381116710825,0.5651370976806362,most barriers
CT,Connecticut,South Central Connecticut,9170,568158,457936,10.6,78.7,67.9,9.5,16.7,15.3,9.2,30.0,4.9,33.9,15.9,20.9,11.3,26.0,21.299999999999997,32.099999999999994,-0.2584190869047602,-0.9890396876082536,some
NE,Nebraska,Pierce,31139,7299,5430,8.3,73.0,64.9,6.2,10.8,8.8,8.6,28.8,5.2,39.2,14.6,18.3,14.3,25.1,27.0,35.099999999999994,-0.6653213819874718,-0.8451362516074248,fewest barriers
MI,Michigan,Luce,26095,6435,5396,8.4,77.5,62.2,10.5,19.2,15.2,11.6,36.5,6.7,41.3,21.4,25.5,18.6,26.0,22.5,37.8,-0.11180958960829024,0.5118710708266967,many
MO,Missouri,Ste. Genevieve,29186,18642,14648,8.9,75.7,57.1,8.1,12.9,11.8,9.8,33.1,5.8,37.1,19.4,25.9,17.5,28.2,24.299999999999997,42.9,-0.3687786234078607,-0.2859760118858943,some
NC,North Carolina,Northampton,37131,16715,13758,12.8,80.4,55.9,13.8,26.7,21.2,14.2,41.1,6.5,43.1,24.9,24.4,18.4,30.2,19.599999999999994,44.1,0.7021743860238051,1.1207309396987817,most barriers
NE,Nebraska,Dawes,31045,8133,6654,8.2,72.8,62.1,7.0,12.2,9.8,9.6,30.3,5.4,38.3,15.7,18.8,14.4,25.5,27.200000000000003,37.9,-0.4965447239160315,-0.634115211835495,some
OK,Oklahoma,Ellis,40045,3648,2849,11.3,75.7,56.9,8.7,16.7,13.1,10.6,35.8,6.2,40.1,19.7,26.2,17.3,30.7,24.299999999999997,43.1,-0.04850701453436059,0.14114450007489132,many
GA,Georgia,DeKalb,13089,762992,591931,12.0,78.7,58.8,9.6,17.4,15.6,12.3,36.3,4.9,31.5,17.9,16.9,11.4,22.3,21.299999999999997,41.2,-0.016723077042654605,-0.4663049432309393,many
IA,Iowa,Harrison,19085,14670,11251,7.2,75.7,62.3,6.9,12.0,9.9,9.7,30.7,5.5,35.0,16.7,21.6,16.1,24.0,24.299999999999997,37.7,-0.7027377898579757,-0.6827184046410802,fewest barriers
GA,Georgia,Carroll,13045,127098,96984,14.3,75.6,59.5,10.0,18.5,15.5,12.2,35.9,5.9,34.7,21.3,21.4,16.6,28.1,24.400000000000006,40.5,0.2976262125567741,0.04903679389866979,many
AL,Alabama,Jefferson,1073,662895,511715,9.3,80.0,58.2,10.5,20.8,16.0,13.5,40.0,5.7,37.6,20.3,23.2,14.1,27.4,20.0,41.8,-0.054576952593759435,0.36709545729246884,many
KS,Kansas,Reno,20155,61497,48096,10.7,75.9,58.9,8.1,15.5,13.3,10.9,30.6,6.1,44.5,19.0,23.2,17.6,28.4,24.099999999999994,41.1,-0.17890459357584718,0.0864127210037128,many
KS,Kansas,Miami,20121,35320,27123,8.2,73.7,68.3,6.1,10.1,9.7,8.8,28.8,5.1,34.7,15.3,22.0,13.9,22.6,26.299999999999997,31.700000000000003,-0.7435976753587964,-1.017063182637972,fewest barriers
AR,Arkansas,Polk,5113,19436,15141,12.5,76.0,51.4,10.7,20.1,15.1,11.8,37.2,7.1,40.2,25.1,26.8,19.4,33.5,24.0,48.6,0.36731434601525875,0.7767525125346368,many
IA,Iowa,Howard,19089,9376,7026,8.0,74.4,67.0,7.3,12.9,10.3,9.7,31.0,5.7,38.2,18.0,21.8,17.2,24.6,25.599999999999994,33.0,-0.6000282971335521,-0.4223501642457309,fewest barriers
AR,Arkansas,Jefferson,5069,63661,50000,12.5,80.6,45.4,14.5,28.4,23.7,15.1,47.2,6.8,46.3,27.7,22.3,18.0,37.0,19.400000000000006,54.6,1.0121955302939145,1.79519683337545,most barriers
MA,Massachusetts,Norfolk,25021,727473,580073,4.0,79.8,70.9,6.4,9.8,9.0,7.7,26.3,4.3,23.4,12.6,22.6,9.3,16.4,20.200000000000003,29.099999999999994,-1.322648531259504,-2.03200599468897,fewest barriers
AL,Alabama,Geneva,1061,26988,21061,12.5,77.1,54.2,11.2,22.2,15.7,13.0,39.1,7.0,42.2,25.3,27.1,19.8,30.1,22.900000000000006,45.8,0.383061160090733,1.0337749368733957,most barriers
MO,Missouri,Madison,29123,12698,9847,10.1,75.0,55.5,9.0,15.0,13.0,10.6,33.2,6.1,37.5,21.5,26.7,19.6,30.4,25.0,44.5,-0.09067602753104105,-0.02446645802043157,many
MN,Minnesota,Wadena,27159,14241,10464,9.2,71.3,60.0,8.9,14.9,11.5,10.1,29.2,5.9,38.5,18.4,26.8,17.8,27.4,28.700000000000003,40.0,-0.08823216429999048,-0.38132464937603794,many
AL,Alabama,Morgan,1103,125133,96099,11.7,77.0,54.9,9.6,18.8,14.2,12.3,39.9,6.2,38.5,22.4,24.9,16.3,28.6,23.0,45.1,0.09041809424878035,0.5146063206543847,many
MT,Montana,Liberty,30051,1974,1533,12.4,68.3,48.5,10.8,18.2,13.2,9.9,31.8,6.5,34.5,22.8,27.2,18.6,25.4,31.700000000000003,51.5,0.6621506756581155,-0.11799625814774546,most barriers
IA,Iowa,Delaware,19055,17600,13528,7.5,74.6,68.6,7.2,12.7,10.0,9.5,30.6,5.6,39.8,17.4,21.3,16.9,25.8,25.400000000000006,31.400000000000006,-0.6824587933160525,-0.4387616728806766,fewest barriers
WI,Wisconsin,Richland,55103,17197,13613,9.3,73.7,64.0,7.9,14.5,11.4,10.1,29.4,6.0,37.6,18.8,24.5,17.2,29.2,26.299999999999997,36.0,-0.33160337748540575,-0.36943059991064997,some
MO,Missouri,Warren,29219,37806,29200,9.4,75.4,58.3,8.2,13.3,12.1,10.0,32.9,5.7,38.7,19.9,26.0,17.3,29.6,24.599999999999994,41.7,-0.3161221418464292,-0.20904303722525755,some
MN,Minnesota,Renville,27129,14348,11042,10.4,71.6,61.5,8.8,14.6,11.9,10.2,29.1,5.7,39.1,18.3,24.7,17.1,26.2,28.400000000000006,38.5,-0.059082474510199275,-0.404558448266848,many
VA,Virginia,Waynesboro,51820,23182,17775,10.5,76.7,62.5,8.8,15.7,13.0,11.4,33.8,5.8,38.6,20.0,25.0,15.4,26.3,23.299999999999997,37.5,-0.24603548520977922,-0.022603623495103517,some
GA,Georgia,Burke,13033,24438,18515,15.7,77.7,51.8,14.0,27.0,21.7,15.2,41.0,6.8,39.8,26.3,21.2,19.2,33.4,22.299999999999997,48.2,1.0875516752907526,1.1985695567180206,most barriers
NY,New York,Schenectady,36093,159902,125778,6.4,78.1,65.5,8.2,14.7,13.3,8.9,29.8,5.1,34.6,15.6,19.9,12.5,21.9,21.900000000000006,34.5,-0.6265679185487768,-0.9573258407228378,fewest barriers
IA,Iowa,Marshall,19127,40014,29881,11.5,76.6,63.2,8.2,15.7,12.7,10.8,30.6,5.6,44.4,19.4,20.0,15.5,27.4,23.400000000000006,36.8,-0.24471164596630116,-0.03275491470297625,some
CA,California,Butte,6007,207172,164973,8.4,70.8,60.8,9.7,16.9,14.6,9.9,30.5,5.7,30.6,21.3,26.0,13.9,22.7,29.200000000000003,39.2,0.1050980826853638,-0.6084323197909719,many
ND,North Dakota,Golden Valley,38033,1743,1411,8.0,72.6,62.4,7.5,12.8,10.7,9.8,31.7,6.0,37.8,17.8,22.2,16.5,25.7,27.400000000000006,37.6,-0.42083482541099015,-0.33637340462332443,some
MI,Michigan,Presque Isle,26141,13285,11288,7.3,77.4,64.7,8.7,15.8,12.2,10.1,32.1,6.3,41.1,19.5,29.9,17.5,25.0,22.599999999999994,35.3,-0.5166271236306553,0.00191925129735937,fewest barriers
NC,North Carolina,Watauga,37189,54748,48121,9.5,77.9,63.5,8.3,14.1,11.3,10.5,33.8,6.3,37.0,18.6,28.1,15.1,23.0,22.099999999999994,36.5,-0.5121021252391729,-0.1112405727192943,fewest barriers
MO,Missouri,Hickory,29085,8718,7163,11.9,75.6,48.4,12.5,22.0,17.0,12.9,37.1,7.6,43.1,27.4,28.5,24.6,36.5,24.400000000000006,51.6,0.6294378432587456,1.2241921548815775,most barriers
AR,Arkansas,Washington,5143,261549,200987,12.8,75.8,56.3,9.2,17.1,14.2,10.7,36.4,6.1,36.7,21.6,24.2,14.2,28.4,24.200000000000003,43.7,0.11809759326159447,0.0874998587250736,many
AL,Alabama,Covington,1039,37952,29514,10.9,77.7,53.1,10.6,20.5,14.8,12.8,39.6,6.6,38.1,24.3,26.0,18.3,29.7,22.299999999999997,46.9,0.1675203715671277,0.7137322758662723,many
LA,Louisiana,Morehouse,22067,23955,18408,11.3,81.1,45.3,17.6,35.4,25.9,16.8,47.5,7.8,44.9,31.4,27.7,23.5,37.1,18.900000000000006,54.7,1.3834955291512925,2.311873762030044,most barriers
NE,Nebraska,Clay,31035,6116,4559,10.1,73.1,60.6,6.9,12.6,10.1,9.3,29.6,5.4,40.1,15.8,17.9,15.2,25.9,26.900000000000006,39.4,-0.3719170177455287,-0.6068180060172749,some
GA,Georgia,Coffee,13069,43317,32601,19.4,76.5,50.0,14.2,28.1,21.6,15.0,39.9,7.2,39.4,28.0,21.8,20.9,34.6,23.5,50.0,1.4070023700227277,1.2933263959678172,most barriers
MI,Michigan,Cheboygan,26031,26048,22070,7.5,77.4,67.0,8.9,16.0,12.4,10.2,32.7,6.2,41.0,19.3,29.3,17.5,24.1,22.599999999999994,33.0,-0.5140253995104118,-0.002368664698920997,fewest barriers
IN,Indiana,Whitley,18183,34742,26865,8.0,77.6,62.7,6.9,12.5,10.4,10.2,32.8,5.7,39.4,17.9,25.8,16.1,22.7,22.400000000000006,37.3,-0.726226685955587,-0.25511524344880465,fewest barriers
OH,Ohio,Auglaize,39011,46050,35144,7.5,77.0,64.8,6.7,11.4,10.1,9.8,32.2,5.7,39.5,16.9,26.1,15.7,25.0,23.0,35.2,-0.8068831393704948,-0.3562775474399394,fewest barriers
IA,Iowa,Polk,19153,505255,383731,7.6,74.8,64.0,7.1,12.7,10.7,9.6,30.1,5.2,36.9,17.0,21.7,13.3,23.5,25.200000000000003,36.0,-0.5994182729924,-0.6945508105297338,fewest barriers
NV,Nevada,Lincoln,32017,4452,3519,10.0,70.2,57.1,8.0,13.4,11.8,8.8,29.4,5.4,31.7,18.5,23.0,15.6,22.1,29.799999999999997,42.9,-0.03167674047668193,-0.9043174644289873,many
IA,Iowa,Plymouth,19149,25722,19365,7.4,74.8,67.0,6.5,11.1,9.5,9.0,29.7,5.1,39.4,15.5,20.0,14.9,23.1,25.200000000000003,33.0,-0.7788097391303458,-0.747667774952453,fewest barriers
MS,Mississippi,Webster,28155,9988,7562,11.2,78.4,9.2,9.7,17.9,14.0,11.3,38.3,5.8,36.3,20.9,21.1,17.1,30.6,21.599999999999994,90.8,0.6238601579605855,0.0964966376332154,most barriers
IL,Illinois,Calhoun,17013,4317,3452,7.1,75.3,65.9,6.3,10.9,10.0,8.5,29.3,4.9,35.1,15.3,23.4,13.4,19.6,24.700000000000003,34.099999999999994,-0.8011449596881876,-1.0548963565683138,fewest barriers
WI,Wisconsin,Door,55029,30562,25848,7.1,75.2,64.3,6.0,9.8,8.7,8.6,27.9,5.1,36.8,14.7,23.4,12.7,23.9,24.799999999999997,35.7,-0.8717473170845467,-1.0077194743201687,fewest barriers
IN,Indiana,Jasper,18073,33535,25921,8.9,75.8,63.0,7.0,12.7,10.7,10.3,33.4,5.7,40.0,19.1,25.9,16.0,24.0,24.200000000000003,37.0,-0.5710130249471687,-0.14094754688934147,fewest barriers
ID,Idaho,Butte,16023,2758,2126,13.9,70.3,59.5,11.3,20.4,15.2,11.1,31.8,7.1,35.7,23.3,26.1,18.1,27.4,29.700000000000003,40.5,0.6532774359274794,0.2119321525783584,most barriers
WV,West Virginia,Logan,54045,30827,24401,10.6,77.7,45.2,11.8,21.4,16.4,14.2,41.0,7.6,44.7,29.5,36.2,24.6,37.1,22.299999999999997,54.8,0.4221211503013433,1.6665052426510798,most barriers
MS,Mississippi,Jones,28067,66250,49715,12.4,79.3,9.9,12.5,22.7,17.7,13.6,42.4,6.6,41.9,23.7,20.7,18.2,35.1,20.700000000000003,90.1,1.0726990850937652,1.0401840481394946,most barriers
NY,New York,Nassau,36059,1381715,1086193,6.4,79.9,68.6,6.5,11.9,11.6,8.3,27.4,4.2,28.3,13.6,14.0,8.7,22.0,20.099999999999994,31.400000000000006,-1.0018985515541496,-1.6988572723155713,fewest barriers
CA,California,Merced,6047,291920,209020,18.3,69.3,49.5,13.8,28.7,23.0,13.3,31.8,6.2,34.3,29.8,21.3,14.5,33.7,30.700000000000003,50.5,1.758065489786026,0.4154486853672631,most barriers
UT,Utah,Tooele,49045,82051,56930,10.7,70.6,67.3,6.8,12.4,9.7,9.4,30.3,4.8,37.3,16.4,27.3,9.3,21.3,29.400000000000006,32.7,-0.3400102657689977,-0.8126874566212257,some
AZ,Arizona,Pima,4019,1063162,858060,13.0,73.3,56.9,9.3,15.7,12.8,9.5,30.1,5.2,32.2,19.2,23.6,11.3,21.6,26.700000000000003,43.1,0.1559268595947933,-0.8093528830863326,many
CA,California,Trinity,6105,15670,12928,7.8,69.9,57.8,11.1,19.4,15.6,10.7,32.2,6.6,33.2,24.1,27.7,17.7,25.2,30.099999999999994,42.2,0.3496775992814289,-0.0038169269072440446,many
CA,California,Ventura,6111,829590,651461,10.7,71.6,64.4,8.7,16.0,14.6,9.9,27.3,4.8,25.7,21.0,21.1,10.5,22.8,28.400000000000006,35.599999999999994,0.05345505007457559,-1.19249058340656,many
AL,Alabama,Blount,1009,59816,46099,12.0,77.0,54.0,9.2,17.7,13.1,11.3,36.0,6.3,36.0,22.1,26.0,16.9,27.7,23.0,46.0,0.022804671642084055,0.16551193297454683,many
OK,Oklahoma,Stephens,40137,44014,33994,11.9,76.7,55.2,10.0,19.8,14.6,11.4,37.8,6.7,39.2,22.3,26.8,19.1,32.5,23.299999999999997,44.8,0.17784572062923834,0.49732721142566466,many
AR,Arkansas,Conway,5029,21077,16337,11.8,76.6,47.5,11.2,21.6,16.5,12.4,40.5,7.1,41.1,25.9,26.3,19.1,34.5,23.400000000000006,52.5,0.48149191325055113,1.0429055364583526,most barriers
KS,Kansas,Ford,20057,33980,23779,22.2,72.1,53.2,10.8,23.4,19.4,12.9,33.1,6.3,39.6,24.5,17.9,15.8,34.2,27.900000000000006,46.8,1.3137073687788947,0.4514655523526514,most barriers
IA,Iowa,Buena Vista,19021,20567,15115,13.2,75.4,62.4,9.5,19.1,14.8,11.7,31.6,6.0,38.9,22.1,18.3,16.2,29.7,24.599999999999994,37.6,0.16722728458846725,0.06951152556822786,many
NC,North Carolina,Wilson,37195,78970,60928,14.5,79.8,52.1,13.4,26.2,20.2,14.0,39.8,6.8,38.5,25.4,24.8,18.4,30.6,20.200000000000003,47.9,0.8004607746713829,0.944953382801099,most barriers
AR,Arkansas,Fulton,5049,12421,9795,12.2,76.3,43.8,11.4,21.9,15.8,12.4,39.6,7.7,39.7,26.9,28.8,21.4,34.5,23.700000000000003,56.2,0.5630554314747463,1.1381091566406574,most barriers
MN,Minnesota,Mille Lacs,27095,27427,21090,8.7,71.1,60.8,8.4,14.5,11.5,9.7,30.7,5.6,38.0,17.1,26.0,17.6,26.7,28.900000000000006,39.2,-0.15653422110272172,-0.508962761794914,many
MI,Michigan,Wayne,26163,1751169,1339690,8.3,79.5,62.5,12.4,24.2,19.3,12.5,37.1,6.3,37.3,23.3,24.9,17.2,28.8,20.5,37.5,0.18815433777183888,0.4284790865189114,many
NM,New Mexico,Otero,35035,68835,54011,15.9,67.8,58.7,12.1,23.2,18.6,11.8,32.4,6.3,38.1,23.9,24.4,15.7,24.4,32.2,41.3,1.1505228116168578,0.2323600620870853,most barriers
MO,Missouri,Buchanan,29021,82956,64505,11.0,76.2,58.0,9.9,16.8,14.4,11.4,34.6,6.4,43.1,22.5,25.5,19.1,31.7,23.799999999999997,42.0,0.018751035898028998,0.46864135908026094,many
NE,Nebraska,Antelope,31003,6302,4745,9.3,73.7,63.3,6.8,12.3,9.8,9.6,30.6,5.4,43.0,15.5,18.2,15.4,26.0,26.299999999999997,36.7,-0.5085049439885718,-0.42549270499460173,fewest barriers
SC,South Carolina,Dillon,45033,27698,20691,17.2,79.2,41.9,16.7,35.0,25.2,17.3,43.2,7.4,45.3,30.2,23.7,21.5,34.6,20.799999999999997,58.1,1.7486940330969567,2.040902368837609,most barriers
OK,Oklahoma,Okfuskee,40107,11300,8773,14.0,75.7,46.6,14.8,28.6,20.3,14.7,41.5,8.2,45.6,27.7,26.6,24.8,37.4,24.299999999999997,53.4,1.2057803610686104,1.8385497339475823,most barriers
GA,Georgia,Quitman,13239,2280,1849,16.8,78.3,51.4,15.5,30.4,24.2,16.0,42.6,7.0,43.3,28.3,21.0,20.9,35.3,21.700000000000003,48.6,1.4005583968534143,1.6286545872217357,most barriers
AK,Alaska,Juneau,2110,31555,25267,8.7,66.7,62.7,7.8,11.8,10.2,7.8,29.5,5.0,34.5,16.1,21.5,13.8,17.0,33.3,37.3,-0.12688734983846137,-1.0738518768083,many
IA,Iowa,Cerro Gordo,19033,42406,33545,7.6,74.5,66.3,7.1,12.4,10.2,9.5,30.5,5.5,40.5,17.0,22.9,16.3,24.9,25.5,33.7,-0.6454258462775205,-0.4552117857367054,fewest barriers
CA,California,El Dorado,6017,192215,155106,6.2,70.5,69.4,6.9,11.3,10.5,8.0,26.5,4.7,27.4,16.3,23.9,10.6,17.9,29.5,30.599999999999994,-0.5973969241124206,-1.5565557669576557,fewest barriers
GA,Georgia,Early,13099,10563,7986,16.3,78.4,49.1,14.8,29.0,23.3,15.4,41.6,6.6,41.1,27.2,20.9,19.5,34.3,21.599999999999994,50.9,1.2877077253799933,1.2890245642952824,most barriers
MN,Minnesota,Dodge,27039,21088,15823,7.3,71.5,71.1,6.4,9.8,8.7,8.3,26.4,4.8,34.9,14.4,24.9,13.4,21.7,28.5,28.900000000000006,-0.7531823875097934,-1.2677001298730264,fewest barriers
NE,Nebraska,Grant,31075,565,427,7.8,72.8,67.4,6.2,10.5,8.5,8.8,29.5,5.2,36.6,14.2,18.7,13.8,23.5,27.200000000000003,32.599999999999994,-0.7378740336025277,-0.9297244580302053,fewest barriers
OH,Ohio,Fulton,39051,42007,32339,9.0,76.7,59.6,7.2,12.8,11.2,10.7,32.3,5.7,36.8,17.2,25.9,15.4,25.7,23.299999999999997,40.4,-0.527256450186011,-0.37673649887661365,fewest barriers
MO,Missouri,Ozark,29153,8970,7255,12.4,75.0,44.8,12.1,20.9,16.6,12.5,36.7,7.6,42.3,27.2,28.4,24.0,35.5,25.0,55.2,0.668141793586726,1.128158924232057,most barriers
LA,Louisiana,Vernon,22115,46250,34491,9.8,79.5,56.2,11.0,21.7,16.0,12.6,39.2,6.6,39.4,23.9,27.4,19.2,31.9,20.5,43.8,0.07907245253189894,0.7180398463029762,many
KS,Kansas,Butler,20015,68632,51856,8.6,75.2,65.3,6.7,11.9,10.9,9.3,31.3,5.3,38.8,16.2,21.8,14.5,22.5,24.799999999999997,34.7,-0.6219506278675415,-0.5993863798222494,fewest barriers
GA,Georgia,Lanier,13173,10452,7992,16.6,76.3,47.4,13.1,24.9,19.4,14.6,39.4,7.1,40.9,26.0,22.3,19.9,33.2,23.700000000000003,52.6,1.0674848806496582,1.187561913185665,most barriers
MS,Mississippi,Carroll,28015,9535,7933,13.7,79.0,7.2,13.7,25.8,19.4,14.3,42.5,7.1,40.4,26.3,20.1,20.3,36.2,21.0,92.8,1.4166193073014555,1.282050683419466,most barriers
IN,Indiana,Ripley,18137,29227,22263,8.2,77.6,60.6,7.1,12.9,10.5,10.2,33.2,5.7,36.1,18.9,26.1,17.2,23.6,22.400000000000006,39.4,-0.6589549428735962,-0.33736806825033444,fewest barriers
NJ,New Jersey,Morris,34027,514423,409159,8.4,76.1,72.8,5.4,8.9,8.4,7.4,26.5,4.0,22.6,11.8,15.6,8.5,18.1,23.900000000000006,27.200000000000003,-1.0402026488946863,-2.195586651849426,fewest barriers
IL,Illinois,Montgomery,17135,27663,22131,9.1,75.0,58.2,8.3,15.5,12.8,10.1,32.0,5.8,39.2,19.4,23.5,16.6,23.9,25.0,41.8,-0.21754864691564593,-0.21366344618797856,some
MI,Michigan,Midland,26111,84039,66530,6.0,77.5,70.0,6.9,11.8,9.7,8.7,30.3,5.4,31.7,15.8,27.2,13.5,20.2,22.5,30.0,-0.9789157337829701,-0.9973296607010251,fewest barriers
NE,Nebraska,Lancaster,31109,326716,254106,8.8,75.4,67.4,6.5,11.5,9.5,9.4,29.8,5.2,35.7,14.9,20.5,12.6,20.5,24.599999999999994,32.599999999999994,-0.7287105748154706,-0.8718104484422001,fewest barriers
GA,Georgia,Bleckley,13023,12465,9890,13.7,77.5,57.3,11.0,20.4,16.8,12.8,36.7,6.3,38.3,22.6,22.7,17.4,28.8,22.5,42.7,0.36490461636237087,0.45043728647268155,many
MD,Maryland,Baltimore,24005,844703,661546,8.4,78.5,63.3,8.6,16.4,14.9,11.3,32.9,5.0,34.2,17.4,21.4,11.4,25.3,21.5,36.7,-0.3758989402886888,-0.5766105165827243,some
VA,Virginia,Wise,51195,35174,28336,11.2,76.0,57.3,10.1,18.4,13.9,12.7,37.4,6.9,43.5,23.2,27.2,19.9,30.2,24.0,42.7,0.0851007225323001,0.8735577430111455,many
OH,Ohio,Lorain,39093,317910,249779,9.1,77.5,62.2,8.0,14.6,12.4,11.5,33.4,5.8,36.7,18.2,26.4,15.3,27.5,22.5,37.8,-0.4557700909284903,-0.1945020362248907,some
NY,New York,Yates,36123,24472,18914,7.3,77.7,59.4,8.6,15.7,13.3,8.9,29.7,5.7,34.5,17.7,22.3,15.8,25.0,22.299999999999997,40.6,-0.42085499822855227,-0.722420874232195,some
WV,West Virginia,Pocahontas,54075,7765,6382,10.7,76.6,46.2,10.9,20.3,15.4,13.7,39.8,7.4,40.6,27.1,32.2,23.2,34.5,23.400000000000006,53.8,0.34553905595482665,1.2354533621613508,many
IA,Iowa,Grundy,19075,12384,9451,6.2,75.3,70.2,5.9,9.7,8.5,8.6,29.2,5.0,37.5,14.6,21.0,14.3,22.1,24.700000000000003,29.799999999999997,-1.0255555476511777,-0.9522314441802309,fewest barriers
KS,Kansas,Osborne,20141,3427,2619,8.8,74.7,61.7,7.4,13.1,11.5,10.0,31.4,6.0,39.2,18.2,22.3,16.6,26.9,25.299999999999997,38.3,-0.4379406867248432,-0.25205301516001355,some
IL,Illinois,Jackson,17077,52141,42149,8.7,77.6,55.1,10.1,18.9,15.1,11.8,34.5,6.2,42.8,20.9,23.1,16.1,25.2,22.400000000000006,44.9,-0.034371717917861346,0.3650719788694178,many
UT,Utah,Salt Lake,49035,1185813,893016,11.5,69.7,68.6,7.0,13.8,11.0,8.7,28.1,4.6,29.9,16.3,27.5,8.3,18.9,30.299999999999997,31.400000000000006,-0.1709636736471097,-1.3435119591700333,many
MS,Mississippi,Tishomingo,28141,18507,14543,12.2,77.4,9.4,10.5,19.3,14.0,11.9,38.2,6.8,39.4,23.2,23.5,19.5,33.1,22.599999999999994,90.6,0.8083131973340004,0.6323791846579738,most barriers
GA,Georgia,Union,13291,27124,23066,12.0,75.2,58.9,7.7,13.5,11.3,10.2,32.6,5.7,34.8,18.6,23.4,15.3,24.9,24.799999999999997,41.1,-0.23165000410827966,-0.43266190694861606,some
ND,North Dakota,Traill,38097,7908,6099,7.2,72.1,64.2,6.0,9.6,8.7,8.5,29.1,5.1,38.8,14.3,20.7,13.0,21.1,27.900000000000006,35.8,-0.7178469740622141,-0.8972489900120955,fewest barriers
IL,Illinois,Williamson,17199,66706,52683,7.9,75.6,59.2,7.9,14.5,12.1,10.0,32.0,5.6,39.9,18.2,24.0,14.9,22.8,24.400000000000006,40.8,-0.4033131465412352,-0.295653265976305,some
IN,Indiana,Floyd,18043,80809,62972,7.6,78.4,61.8,7.0,12.9,10.5,10.6,34.7,5.5,37.4,18.5,26.1,15.1,23.9,21.599999999999994,38.2,-0.7532862975105882,-0.25025565120503107,fewest barriers
SC,South Carolina,Greenville,45045,558036,430899,11.7,77.4,68.5,7.7,15.3,12.3,10.7,32.6,5.2,32.5,16.8,22.3,11.5,22.5,22.599999999999994,31.5,-0.4052424652304513,-0.6938952346982019,some
LA,Louisiana,St. Mary,22101,47055,35623,11.7,80.2,48.4,14.2,28.9,21.4,14.7,41.6,7.1,44.9,28.4,28.6,21.7,34.8,19.799999999999997,51.6,0.8524266067436295,1.5709682755381578,most barriers
WV,West Virginia,Wirt,54105,5000,3936,9.3,77.5,46.9,10.1,18.3,14.3,13.3,38.6,7.2,42.4,25.3,32.9,21.9,33.1,22.5,53.1,0.07234692994877888,1.0977937336493655,many
KS,Kansas,Nemaha,20131,10114,7414,8.5,73.8,61.5,6.6,11.4,10.1,9.0,31.1,5.4,39.3,16.5,22.0,15.5,24.4,26.200000000000003,38.5,-0.554663836171573,-0.5741504118855856,fewest barriers
ND,North Dakota,Morton,38059,33895,25862,7.2,73.4,64.6,6.2,10.3,9.2,8.3,29.3,5.2,38.4,15.0,21.6,13.6,21.7,26.599999999999994,35.400000000000006,-0.737204911412145,-0.8677168902400958,fewest barriers
MN,Minnesota,Itasca,27061,45365,36288,7.7,71.8,65.1,8.0,12.9,10.4,9.9,29.7,5.6,36.1,16.6,26.0,16.7,23.1,28.200000000000003,34.900000000000006,-0.4159963692781184,-0.6384410124439027,some
OH,Ohio,Darke,39037,51415,39329,8.8,76.7,59.1,8.1,14.5,11.8,11.3,33.6,6.3,36.6,19.8,28.2,18.4,28.1,23.299999999999997,40.9,-0.40826821128644103,-0.012121743990441636,some
MT,Montana,Dawson,30021,8810,6918,9.5,67.0,60.5,7.3,10.9,9.4,8.2,28.2,5.1,33.0,16.5,24.5,14.1,21.1,33.0,39.5,-0.15264943636009928,-1.1153170950568831,many
AK,Alaska,Wrangell,2275,2064,1686,11.0,65.2,55.3,10.2,15.9,13.4,9.1,31.4,6.0,35.0,20.0,20.2,18.0,22.3,34.8,44.7,0.5527475128008278,-0.433892048592743,most barriers
UT,Utah,Davis,49011,373207,263292,8.7,73.5,73.0,5.8,9.5,8.5,8.4,27.4,4.7,32.7,14.5,28.7,7.4,17.2,26.5,27.0,-0.8554768940651171,-1.3334243584120533,fewest barriers
IA,Iowa,Benton,19011,25796,19933,6.5,75.6,66.6,6.3,10.5,8.8,8.6,30.1,5.2,40.6,15.7,21.3,15.2,22.1,24.400000000000006,33.400000000000006,-0.9157893224505885,-0.6802082470353075,fewest barriers
IA,Iowa,Winneshiek,19191,19815,16136,6.3,75.8,71.0,6.0,9.6,8.4,8.5,28.6,5.1,36.1,14.4,20.6,13.7,21.5,24.200000000000003,29.0,-1.0571505927415112,-1.031438861545147,fewest barriers
NE,Nebraska,Thurston,31173,6557,4284,11.1,74.6,51.8,13.0,23.8,16.9,13.1,35.5,6.6,46.3,22.7,18.2,21.9,30.2,25.400000000000006,48.2,0.6618111844995049,0.8549659087691847,most barriers
KS,Kansas,Harper,20077,5435,4018,12.0,73.3,52.1,9.5,17.9,14.3,11.4,33.5,6.6,42.1,22.3,23.2,19.9,30.8,26.700000000000003,47.9,0.302168771389789,0.419678267818867,many
GA,Georgia,Chattooga,13055,25222,19718,17.9,74.2,49.9,12.3,23.6,17.8,13.5,37.5,7.2,35.1,26.7,24.0,21.6,33.6,25.799999999999997,50.1,1.0592859345468029,0.8141209620056765,most barriers
NC,North Carolina,Granville,37077,62192,49581,12.3,78.4,59.3,10.1,18.9,15.4,11.3,36.1,5.9,35.9,20.4,24.2,15.5,25.4,21.599999999999994,40.7,0.06915709163030896,-0.01049779347571195,many
GA,Georgia,Barrow,13013,92792,69765,14.9,75.8,59.4,9.2,17.4,14.6,11.6,34.6,5.6,34.8,19.9,19.7,14.7,27.8,24.200000000000003,40.6,0.209154121426773,-0.19145964560769307,many
IL,Illinois,Franklin,17055,37138,28958,9.2,75.6,55.9,9.3,17.4,13.7,10.9,32.7,6.3,41.4,21.2,25.1,18.1,25.8,24.400000000000006,44.1,-0.06328017553133806,0.18750688911823188,many
SC,South Carolina,Newberry,45071,38825,30495,14.0,78.7,59.8,10.4,21.4,16.3,13.1,37.1,6.0,38.6,20.9,23.1,16.1,29.5,21.299999999999997,40.2,0.2586979888540208,0.35575846583924753,many
IA,Iowa,Jackson,19097,19342,15066,7.4,74.7,64.9,7.2,12.5,10.2,9.6,31.3,5.6,40.2,17.5,22.2,16.8,25.0,25.299999999999997,35.099999999999994,-0.6372590875989106,-0.37873604939145367,fewest barriers
IN,Indiana,Hancock,18059,86166,66246,7.0,77.0,65.4,6.0,10.1,9.1,9.5,33.4,5.0,39.5,16.6,25.2,13.6,19.8,23.0,34.599999999999994,-0.9575927754214533,-0.5198651794019007,fewest barriers
IN,Indiana,Knox,18083,36070,28282,8.7,77.9,61.2,8.1,15.2,11.9,11.4,35.1,6.2,37.7,21.1,26.6,18.5,24.5,22.099999999999994,38.8,-0.4797310509876796,0.14113116965237354,some
MI,Michigan,Alpena,26007,28904,23463,7.5,77.5,63.4,9.2,16.8,12.8,10.5,33.4,6.5,41.3,20.2,30.2,18.4,26.1,22.5,36.6,-0.412277888187079,0.18145075717307357,some
KS,Kansas,Trego,20195,2731,2207,7.9,74.6,64.6,6.1,10.5,9.7,8.7,29.9,5.2,40.3,15.1,21.6,14.3,24.0,25.400000000000006,35.400000000000006,-0.7398437833606505,-0.71983954831957,fewest barriers
OH,Ohio,Warren,39165,252148,192654,6.3,77.9,69.0,5.5,9.3,8.4,9.4,28.8,4.9,32.1,13.8,23.3,12.1,19.6,22.099999999999994,31.0,-1.1691995777890625,-1.1946237278872818,fewest barriers
OK,Oklahoma,Grant,40053,4083,3090,10.2,76.3,51.4,8.7,16.3,12.8,10.4,35.3,6.2,36.5,19.4,26.1,17.6,30.2,23.700000000000003,48.6,-0.08032216706069585,-0.06806184122381904,many
MN,Minnesota,Lac qui Parle,27073,6630,5192,7.9,72.1,65.2,7.1,11.1,9.5,8.7,27.3,5.2,34.8,15.6,24.9,15.2,23.0,27.900000000000006,34.8,-0.5584988588161749,-1.0458197456010239,fewest barriers
GA,Georgia,Houston,13153,171974,128292,11.5,79.0,61.4,9.0,16.1,14.7,12.2,37.2,5.2,39.5,18.9,20.7,13.0,24.6,21.0,38.6,-0.20114579821031264,0.031002560837352134,some
NM,New Mexico,Valencia,35061,79141,61087,19.2,66.5,58.2,12.3,24.3,20.0,12.4,31.0,6.0,35.6,25.1,22.5,13.7,28.0,33.5,41.8,1.4937225187158971,0.0976639637986321,most barriers
NC,North Carolina,Surry,37171,71462,56528,13.3,77.0,57.8,9.6,18.0,13.8,10.8,34.1,6.4,40.8,21.8,28.4,17.5,27.1,23.0,42.2,0.09635176388378973,0.2627257391997707,many
LA,Louisiana,Concordia,22029,17688,13579,11.5,80.6,46.6,16.7,33.7,24.4,16.8,45.6,8.0,45.9,31.0,28.4,23.6,37.7,19.400000000000006,53.4,1.242401581956024,2.307800621667302,most barriers
WV,West Virginia,Morgan,54065,17649,14668,8.9,77.7,57.9,8.9,15.6,13.0,12.2,37.7,6.4,38.8,23.0,31.5,19.9,30.6,22.299999999999997,42.1,-0.3112575390797007,0.5036906652908101,some
NM,New Mexico,Torrance,35057,15633,12406,18.8,65.3,52.6,13.6,26.5,20.6,13.0,33.2,7.0,34.7,27.3,25.6,17.5,29.0,34.7,47.4,1.771304802520534,0.550434856622491,most barriers
MI,Michigan,Gratiot,26057,41368,33395,8.5,77.1,68.9,9.3,17.2,13.6,10.5,33.5,6.3,37.5,20.2,27.3,17.4,25.8,22.900000000000006,31.099999999999994,-0.3702152583303189,-0.029811548033134683,some
MI,Michigan,Iron,26071,11740,9748,7.5,76.5,64.2,8.7,15.9,12.3,10.2,33.3,6.2,39.2,19.5,28.9,17.7,25.2,23.5,35.8,-0.447861823579305,-0.046875029764832266,some
ID,Idaho,Gem,16045,21071,16445,11.3,71.9,65.8,7.7,13.2,11.0,8.7,28.3,5.3,33.0,17.4,23.4,13.3,22.7,28.099999999999994,34.2,-0.22533698456617024,-0.9767148430759212,some
LA,Louisiana,Plaquemines,22075,22386,16953,9.4,79.2,57.1,10.4,20.2,15.9,12.4,37.3,6.1,38.4,22.1,26.4,16.6,28.8,20.799999999999997,42.9,-0.020247283381471148,0.3722913037434733,many
GA,Georgia,Crawford,13079,12277,9813,14.3,75.6,54.8,10.0,18.9,15.5,12.1,36.0,6.0,36.9,21.5,21.9,17.3,28.6,24.400000000000006,45.2,0.3759844568874002,0.17418173275995846,most barriers
WI,Wisconsin,Clark,55019,34774,24557,11.9,71.5,59.8,8.6,16.4,12.6,10.2,28.9,6.4,38.1,20.6,23.7,18.9,32.0,28.5,40.2,0.11495333344436305,-0.17929250310808525,many
UT,Utah,Wasatch,49051,37144,26748,8.7,72.4,75.9,5.4,8.9,8.1,7.4,24.9,4.5,24.1,12.9,22.8,7.3,16.5,27.599999999999994,24.099999999999994,-0.8983129587255284,-2.0233149641276826,fewest barriers
MO,Missouri,Jackson,29095,718560,553202,10.1,76.1,63.0,9.9,16.9,16.1,11.0,33.4,5.5,37.2,20.8,25.8,16.0,30.2,23.900000000000006,37.0,-0.026594774288191403,-0.17413304348513386,many
IA,Iowa,Muscatine,19139,42218,32274,10.5,74.3,65.4,8.0,15.0,12.0,10.3,31.0,5.6,41.4,18.9,20.1,16.2,28.1,25.700000000000003,34.599999999999994,-0.27442195957255544,-0.2137991121336434,some
VA,Virginia,Dinwiddie,51053,28343,22735,9.3,78.0,61.0,8.8,15.6,13.8,11.8,35.2,5.4,40.1,19.2,23.8,14.7,26.3,22.0,39.0,-0.32372861763801913,0.001441075951914661,some
VA,Virginia,Rockbridge,51163,22358,18688,8.3,75.9,63.4,7.2,11.9,10.1,10.1,32.0,5.7,34.3,17.7,25.6,14.6,23.4,24.099999999999994,36.6,-0.6472878343736155,-0.5289418758484625,fewest barriers
MN,Minnesota,St. Louis,27137,200514,163794,7.2,72.3,63.1,8.2,12.3,9.9,9.4,28.1,5.5,36.2,16.7,26.1,16.3,22.6,27.700000000000003,36.9,-0.46283415400557915,-0.765391714330399,some
MO,Missouri,Laclede,29105,36680,27574,11.2,75.6,52.4,10.6,18.2,14.8,11.5,34.9,6.8,38.3,23.9,27.1,21.4,33.0,24.400000000000006,47.6,0.23401019187834424,0.44282166496253045,many
ID,Idaho,Washington,16087,11425,8903,14.1,71.1,60.2,10.2,18.5,14.5,10.7,30.2,6.4,33.8,21.5,23.7,16.0,26.9,28.900000000000006,39.8,0.4709903508056584,-0.22787665556777173,most barriers
MN,Minnesota,Red Lake,27125,3911,2973,8.1,72.3,64.9,7.7,12.3,10.3,9.1,28.7,5.4,38.8,16.2,25.8,16.1,24.5,27.700000000000003,35.099999999999994,-0.45428676451605227,-0.7007813032068793,some
MO,Missouri,Schuyler,29197,4053,2951,8.9,75.2,60.1,8.0,12.8,11.6,9.8,32.6,5.7,39.0,19.7,25.7,17.9,29.3,24.799999999999997,39.9,-0.40359425656980147,-0.23519005584980154,some
GA,Georgia,Treutlen,13283,6341,4946,18.9,76.2,46.1,15.4,30.3,22.5,16.1,41.0,7.8,41.6,30.3,22.5,23.3,36.9,23.799999999999997,53.9,1.6164914858260975,1.7850821280605775,most barriers
NC,North Carolina,Stokes,37169,45532,37073,10.5,77.1,60.6,8.3,14.5,11.7,9.9,33.5,6.0,36.8,18.9,28.2,16.5,24.1,22.900000000000006,39.4,-0.35134435141219983,-0.24647212401916616,some
IL,Illinois,Knox,17095,48411,38628,9.8,75.9,56.2,9.5,18.2,14.8,10.9,33.2,6.1,39.9,20.7,23.2,17.0,25.9,24.099999999999994,43.8,0.026161420936637803,0.07077361974296126,many
MO,Missouri,Miller,29131,25590,19541,9.7,75.9,55.9,9.0,15.0,12.9,10.6,33.1,6.2,37.3,21.3,27.2,19.0,29.6,24.099999999999994,44.1,-0.16590665742746488,-0.02158686227953931,many
MN,Minnesota,Lyon,27083,25427,18733,8.9,72.8,65.5,8.0,13.1,10.5,9.5,28.3,5.3,38.4,16.7,23.7,15.2,24.0,27.200000000000003,34.5,-0.39777630695074756,-0.7017719338973819,some
GA,Georgia,Haralson,13143,32038,24278,13.0,75.4,56.7,8.7,15.7,12.7,11.0,34.1,5.9,35.8,20.2,24.4,17.3,26.0,24.599999999999994,43.3,0.016513764922495216,-0.13388739210671247,many
KS,Kansas,Crawford,20037,38764,30098,10.2,75.0,59.1,8.8,15.8,13.5,10.8,34.9,6.4,38.8,19.9,22.8,18.1,27.9,25.0,40.9,-0.10720544442363376,0.1231715880037036,many
KS,Kansas,Wilson,20205,8382,6388,10.1,73.7,60.7,8.4,15.2,12.8,10.4,33.0,6.2,39.9,19.9,23.0,18.4,28.0,26.299999999999997,39.3,-0.13861239880768275,0.006895466378579263,many
MO,Missouri,Cape Girardeau,29031,82984,65388,8.5,77.4,55.9,8.4,13.4,12.2,10.2,33.3,5.7,35.9,19.4,25.1,16.1,28.0,22.599999999999994,44.1,-0.4097002641527134,-0.3193850363320673,some
NC,North Carolina,Durham,37063,336892,271458,9.6,80.4,68.2,8.2,14.3,12.3,10.4,32.8,4.9,36.5,16.5,22.8,11.0,21.7,19.599999999999994,31.799999999999997,-0.6584844207214041,-0.625451813784726,fewest barriers
IN,Indiana,Fulton,18049,20358,15626,9.9,77.1,58.4,8.3,15.9,12.3,11.5,34.9,6.3,41.7,21.6,27.0,19.1,26.9,22.900000000000006,41.6,-0.28991079163263617,0.3635457608122765,some
WV,West Virginia,Mercer,54055,58057,45722,9.2,79.1,54.8,10.6,18.8,15.1,13.6,38.7,7.0,41.0,25.9,33.0,22.1,32.9,20.900000000000006,45.2,-0.050914421787890046,1.044880973071494,many
IA,Iowa,Emmet,19063,9229,7456,9.5,74.7,66.1,7.9,14.2,11.5,10.0,32.1,5.8,43.2,18.6,21.0,17.0,26.2,25.299999999999997,33.900000000000006,-0.40461170018345644,-0.07983608177852283,some
AR,Arkansas,Dallas,5039,6185,4934,11.8,78.1,48.8,11.7,22.9,19.1,12.7,41.3,6.2,42.1,25.1,23.6,17.1,35.0,21.900000000000006,51.2,0.5555124821674594,0.8872593767070602,most barriers
AL,Alabama,Marshall,1095,100756,74538,13.1,76.2,56.3,9.8,19.2,13.9,12.4,37.5,6.4,37.6,23.5,26.2,16.8,29.7,23.799999999999997,43.7,0.19500781394481972,0.4832203190427501,many
AL,Alabama,Coffee,1031,55643,42235,11.7,77.6,59.5,10.5,20.3,14.9,12.7,39.5,6.3,40.8,22.8,25.0,16.7,28.8,22.400000000000006,40.5,0.11579014452464513,0.6765356784492256,many
NC,North Carolina,Forsyth,37067,392921,304926,11.3,78.6,63.7,9.2,16.7,14.0,11.0,33.7,5.5,41.5,19.1,24.0,13.8,24.5,21.400000000000006,36.3,-0.2244280509444201,-0.050584904468051806,some
AR,Arkansas,Ouachita,5103,21793,16948,11.9,79.0,50.8,13.0,25.6,20.3,13.9,42.7,6.9,43.4,27.2,24.6,18.7,35.8,21.0,49.2,0.6844412405545768,1.3768881010774645,most barriers
CA,California,Inyo,6027,18527,14859,8.4,70.2,64.6,8.9,15.0,13.5,9.4,27.8,5.2,28.5,19.7,23.8,12.4,21.1,29.799999999999997,35.400000000000006,-0.061543044085715225,-1.0531121587822432,many
IA,Iowa,Lyon,19119,12324,8896,7.8,76.6,68.5,6.5,11.0,9.3,9.8,32.4,5.5,42.6,17.4,22.2,16.6,26.0,23.400000000000006,31.5,-0.8782420420084122,-0.23969361705461675,fewest barriers
NE,Nebraska,Loup,31115,592,479,7.6,73.4,64.5,6.2,10.6,8.8,8.9,29.3,5.3,36.7,14.1,18.0,13.6,23.9,26.599999999999994,35.5,-0.7219639720538878,-0.9045633297375737,fewest barriers
AK,Alaska,Aleutians West,2016,5160,4734,13.1,64.9,51.7,9.0,16.4,12.7,11.4,32.2,5.7,30.5,18.7,13.1,14.9,25.6,35.099999999999994,48.3,0.6471152350657925,-0.5262670730115669,most barriers
MO,Missouri,Worth,29227,1907,1536,9.9,75.3,56.0,9.6,16.2,13.5,11.2,34.8,6.5,40.7,22.5,26.8,20.4,31.9,24.700000000000003,44.0,-0.0358797262890993,0.379333315934362,many
VA,Virginia,Henry,51089,49702,40192,12.1,77.5,54.0,11.3,21.2,16.6,13.4,37.5,6.6,42.2,24.5,25.7,18.7,30.4,22.5,46.0,0.3587018888927873,0.8671812524692977,many
KS,Kansas,Stafford,20185,3909,2956,11.0,74.1,59.7,7.7,14.0,12.4,10.1,31.5,5.7,41.5,18.8,21.9,16.0,27.4,25.900000000000006,40.3,-0.18539265996293594,-0.18599077981083606,some
AL,Alabama,Tuscaloosa,1125,237373,189087,9.6,81.1,55.4,10.2,20.1,15.5,12.4,40.8,5.9,43.2,21.2,24.7,15.0,26.8,18.900000000000006,44.6,-0.10882544673436485,0.6376501247372152,many
NY,New York,Steuben,36101,92162,72423,6.3,78.0,61.3,8.2,14.4,12.6,9.0,29.8,5.6,34.7,16.6,23.0,15.0,24.5,22.0,38.7,-0.6023292580779599,-0.7750487381512045,fewest barriers
MS,Mississippi,Itawamba,28057,24093,18967,10.9,77.8,9.6,9.1,16.1,12.5,10.8,37.2,6.0,37.0,20.1,21.8,17.1,31.1,22.200000000000003,90.4,0.4887701609968385,0.05041233193851931,most barriers
AR,Arkansas,Sevier,5133,15632,11232,21.2,75.4,48.3,13.4,27.7,20.9,13.7,37.6,7.6,41.5,30.6,24.5,19.1,40.0,24.599999999999994,51.7,1.496260043537249,1.3903034620601193,most barriers
MI,Michigan,Osceola,26133,23330,18218,8.1,77.2,63.7,9.2,17.4,13.0,10.4,33.2,6.5,39.4,20.9,29.6,18.6,26.9,22.799999999999997,36.3,-0.34567150015180576,0.11288601685354276,some
WI,Wisconsin,Juneau,55057,26594,21598,9.9,73.8,60.5,8.6,15.5,12.4,10.9,32.8,6.3,41.7,20.5,25.7,18.8,30.0,26.200000000000003,39.5,-0.1471024725021116,0.17321744466647523,many
WI,Wisconsin,Washburn,55129,16930,13886,8.3,74.7,62.9,7.4,13.0,10.7,9.7,29.9,5.8,35.1,17.4,24.1,16.1,27.7,25.299999999999997,37.1,-0.5158034796220198,-0.6057904640848494,fewest barriers
NC,North Carolina,Buncombe,37021,275901,227608,9.3,76.6,68.9,7.1,12.1,10.1,8.9,31.2,5.2,31.2,15.7,25.9,12.5,19.2,23.400000000000006,31.099999999999994,-0.7078376508452037,-1.0179922796047596,fewest barriers
IL,Illinois,Washington,17189,13536,10805,7.2,75.5,62.2,6.9,12.2,10.7,9.0,30.0,5.2,36.7,16.3,23.7,14.2,20.6,24.5,37.8,-0.6546591057522749,-0.7921268402189199,fewest barriers
NY,New York,Ulster,36111,182333,151636,6.9,79.0,63.3,8.0,13.7,13.1,8.8,31.7,5.2,30.6,15.6,20.3,12.1,22.8,21.0,36.7,-0.6595673552538874,-1.0366767133477066,fewest barriers
GA,Georgia,Evans,13109,10754,8115,18.1,77.0,46.8,13.4,26.2,20.7,14.8,39.9,6.8,42.6,26.4,21.4,19.6,34.3,23.0,53.2,1.2253316338850446,1.2439661774223023,most barriers
IA,Iowa,Sac,19161,9686,7495,7.6,74.7,67.8,7.0,12.0,9.9,9.2,30.1,5.5,41.6,17.0,21.5,15.8,24.1,25.299999999999997,32.2,-0.705305153046198,-0.450454859626462,fewest barriers
MO,Missouri,Chariton,29041,7399,5676,9.5,75.6,61.2,8.8,14.4,12.6,10.4,32.8,6.1,38.8,20.6,26.0,18.9,29.3,24.400000000000006,38.8,-0.27761360145378394,-0.04269798289263632,some
MN,Minnesota,Wilkin,27167,6306,4874,8.5,71.6,63.2,8.3,13.3,10.7,9.6,29.5,5.7,38.3,17.3,26.2,16.8,24.6,28.400000000000006,36.8,-0.29618266074235927,-0.5209811701974999,some
MT,Montana,Jefferson,30043,13048,10436,8.8,68.3,66.5,6.7,10.1,8.6,7.6,26.5,4.8,32.1,15.5,24.3,12.7,19.6,31.700000000000003,33.5,-0.4281227400667871,-1.3981148732904378,some
LA,Louisiana,Beauregard,22011,36827,27436,8.8,79.0,56.3,10.1,19.5,14.6,11.8,36.5,6.4,40.5,22.7,29.5,18.7,28.8,21.0,43.7,-0.11836759442502555,0.4788765569730792,many
GA,Georgia,Pierce,13229,20425,15398,14.5,75.2,57.1,10.1,18.6,15.0,12.1,35.4,6.5,36.1,22.4,23.3,18.4,29.4,24.799999999999997,42.9,0.35136412975963727,0.27878433702891375,many
IL,Illinois,Christian,17021,33228,26982,9.1,74.7,59.7,8.1,15.1,12.5,10.1,32.5,5.7,38.1,19.2,23.4,16.5,24.0,25.299999999999997,40.3,-0.25864223720652063,-0.27461992410991864,some
OK,Oklahoma,Blaine,40011,8539,6321,12.8,76.6,51.9,9.9,19.3,14.9,11.4,37.0,6.4,38.4,21.2,25.9,18.1,31.5,23.400000000000006,48.1,0.270207611634657,0.30505846037598305,many
AK,Alaska,Prince of Wales-Hyder,2198,5696,4429,11.8,66.4,52.3,13.5,21.8,17.3,11.0,33.2,6.9,37.7,23.9,21.4,22.0,25.1,33.599999999999994,47.7,1.085684461700214,0.32623327787825196,most barriers
AZ,Arizona,Yuma,4027,213221,161189,24.1,71.4,50.5,12.3,26.3,20.6,12.9,31.6,6.1,39.0,26.4,18.6,13.7,27.7,28.599999999999994,49.5,1.7016630564448516,0.3987488235705533,most barriers
WV,West Virginia,Lewis,54041,16500,12975,9.5,77.5,51.8,9.9,18.2,14.1,13.4,37.8,6.9,39.9,25.2,32.7,21.6,32.6,22.5,48.2,-0.009535611930104833,0.8852639547799337,many
MN,Minnesota,Cook,27031,5639,4830,6.9,72.9,70.9,7.2,11.0,9.4,8.8,27.5,5.0,35.2,14.4,24.9,13.5,21.4,27.099999999999994,29.099999999999994,-0.7336410083823628,-1.1148506624462704,fewest barriers
CA,California,San Mateo,6081,726353,587135,6.9,69.2,67.8,6.5,12.0,10.0,9.0,25.7,4.2,22.0,16.1,18.7,8.0,19.3,30.799999999999997,32.2,-0.496985564665184,-1.8700692967591324,some
MT,Montana,Cascade,30013,84900,66139,10.2,71.8,62.5,8.2,13.6,10.5,8.8,30.1,5.3,35.9,19.4,28.1,15.1,22.5,28.200000000000003,37.5,-0.2110569749725031,-0.6760366424191457,some
GA,Georgia,Marion,13197,7440,5938,17.4,76.4,49.6,12.7,24.8,19.6,14.3,38.8,6.7,38.5,25.5,21.9,18.9,32.2,23.599999999999994,50.4,1.0553174740763058,0.909500312788101,most barriers
VA,Virginia,Middlesex,51119,10924,9150,8.6,77.9,66.5,7.9,13.4,11.6,10.8,32.6,5.6,38.3,18.2,25.0,14.3,23.6,22.099999999999994,33.5,-0.6337018867496229,-0.2696196912168768,fewest barriers
IA,Iowa,Calhoun,19025,9763,7637,7.4,74.9,66.9,7.2,12.4,10.2,9.6,30.8,5.6,40.3,17.2,21.1,16.4,24.5,25.099999999999994,33.099999999999994,-0.6785294808334025,-0.4087576238920354,fewest barriers
MN,Minnesota,Benton,27009,41600,31235,8.2,73.1,67.6,8.0,12.8,10.7,9.3,28.9,5.3,41.2,16.3,26.1,15.9,23.3,26.900000000000006,32.400000000000006,-0.4802599895696365,-0.5902755307675924,some
AR,Arkansas,Clay,5021,14201,11154,11.6,75.2,48.6,9.8,18.6,14.2,11.1,36.8,6.9,40.2,24.3,28.5,19.0,33.5,24.799999999999997,51.4,0.2702818977425551,0.6124338876916618,many
SC,South Carolina,Anderson,45007,213076,165138,12.7,76.6,61.1,8.6,17.8,13.8,11.1,33.7,5.8,36.2,19.9,26.8,14.4,25.3,23.400000000000006,38.9,-0.026964702709432742,-0.16258655037243325,many
MT,Montana,Wheatland,30107,2057,1534,12.3,67.5,56.5,9.8,16.8,12.7,9.6,30.9,6.2,32.3,21.4,26.8,17.9,24.6,32.5,43.5,0.46529863945828326,-0.41562086945560744,most barriers
GA,Georgia,Jefferson,13163,15183,11719,17.5,78.1,44.8,15.0,29.7,23.7,15.5,42.4,6.8,41.3,27.9,20.7,20.3,35.3,21.900000000000006,55.2,1.4744296404582695,1.4211335435063541,most barriers
NC,North Carolina,Lee,37105,67059,51479,14.4,77.8,57.8,10.3,19.1,15.8,11.7,34.6,6.0,37.7,21.5,25.1,15.6,26.5,22.200000000000003,42.2,0.26466473355862247,0.11526769224332775,many
MN,Minnesota,Nicollet,27103,34242,27053,7.6,71.4,65.7,7.3,11.5,9.9,8.8,27.3,5.1,34.3,14.9,25.5,14.7,22.7,28.599999999999994,34.3,-0.5088986778392623,-1.1151387041507073,fewest barriers
KS,Kansas,Lane,20101,1529,1159,10.0,74.5,63.3,7.4,12.9,11.9,9.6,30.9,5.6,37.0,17.4,22.2,15.1,26.1,25.5,36.7,-0.3770454968216148,-0.5395904338615239,some
NC,North Carolina,Pender,37141,68521,53105,10.2,77.2,61.2,7.7,13.4,11.5,9.7,32.4,5.5,35.6,17.1,25.8,14.1,21.0,22.799999999999997,38.8,-0.4537151135151741,-0.5675693870639993,some
VA,Virginia,Nelson,51125,14705,12117,9.1,76.9,66.4,7.9,13.6,11.4,10.7,32.7,5.6,35.2,18.2,25.1,14.4,24.4,23.099999999999994,33.599999999999994,-0.5588144394612596,-0.409592977986431,fewest barriers
AK,Alaska,Kusilvak,2158,8001,4640,18.1,66.0,32.2,26.8,45.8,31.6,18.0,41.5,9.6,47.0,39.0,22.7,36.9,38.5,34.0,67.8,3.720315155226377,3.0483421353877995,most barriers
KS,Kansas,Johnson,20091,622237,477859,6.8,77.8,74.2,4.9,7.7,8.1,8.3,29.3,4.4,30.9,11.8,18.8,9.7,18.7,22.200000000000003,25.799999999999997,-1.3027618120865914,-1.537657404754659,fewest barriers
NC,North Carolina,Lenoir,37107,54895,42399,14.6,79.5,53.5,14.1,27.1,21.0,14.1,40.5,7.0,42.5,26.7,25.6,20.0,32.3,20.5,46.5,0.8972122835217536,1.26577907684727,most barriers
KS,Kansas,Grant,20067,7147,4979,18.0,72.5,58.9,7.8,15.7,14.7,10.6,29.0,5.1,35.7,19.2,17.6,12.9,28.8,27.5,41.1,0.41943232100727473,-0.6299097461191584,most barriers
WI,Wisconsin,Polk,55095,45762,36790,7.8,73.8,63.3,6.6,11.4,9.6,9.2,28.8,5.3,35.2,15.9,24.4,14.5,24.8,26.200000000000003,36.7,-0.6372848986335463,-0.8831888926539453,fewest barriers
OK,Oklahoma,Washington,40147,53706,40761,10.3,76.4,54.4,9.6,17.8,13.8,11.0,34.7,6.4,42.7,20.0,27.7,17.6,29.5,23.599999999999994,45.6,0.009682996824976099,0.30724775969635415,many
NE,Nebraska,Sherman,31163,2983,2327,9.8,72.4,58.6,7.4,13.7,10.5,9.7,30.5,5.7,41.9,16.9,18.7,16.1,26.9,27.599999999999994,41.4,-0.24982453855831008,-0.33132055416679906,some
NE,Nebraska,Dixon,31051,5491,4099,12.7,71.9,59.8,7.9,15.2,11.6,10.1,29.8,5.8,43.6,17.7,17.1,16.0,29.2,28.099999999999994,40.2,0.025014114407426347,-0.1900629756441635,many
VA,Virginia,Page,51139,23741,19159,10.2,75.3,63.3,8.1,14.3,11.5,10.7,32.8,6.0,34.4,20.1,26.9,17.5,26.9,24.700000000000003,36.7,-0.342371129993943,-0.2555010925652478,some
ME,Maine,Kennebec,23011,127259,103608,8.7,78.4,61.5,8.8,12.2,12.1,9.4,29.2,5.8,32.5,18.7,29.6,15.8,23.2,21.599999999999994,38.5,-0.5420367790977887,-0.7164273303931868,fewest barriers
OH,Ohio,Guernsey,39059,38089,29668,9.5,76.7,55.5,8.9,16.4,13.0,11.9,34.5,6.9,38.1,21.8,28.7,19.4,30.8,23.299999999999997,44.5,-0.1738216521253424,0.38294878435604596,many
CT,Connecticut,Capitol,9110,975328,780140,10.3,79.6,69.1,9.2,16.9,14.0,9.2,29.0,4.8,32.4,16.2,21.8,11.1,23.5,20.400000000000006,30.900000000000006,-0.3988239545123889,-1.1075013154868938,some
MS,Mississippi,Rankin,28121,160417,124962,9.1,79.4,11.5,8.3,14.7,12.0,10.7,37.5,5.1,36.4,17.5,19.8,13.1,26.3,20.599999999999994,88.5,0.18253668122212208,-0.31247880480287354,many
IL,Illinois,Mason,17125,12523,10018,8.3,75.2,63.3,8.1,14.9,12.2,10.0,31.7,5.8,37.2,18.9,24.4,16.5,23.5,24.799999999999997,36.7,-0.3946531555170181,-0.3448587632810631,some
WV,West Virginia,Cabell,54011,92082,73859,8.5,79.2,51.7,9.9,17.2,13.9,13.2,37.1,6.6,45.7,24.2,33.4,19.4,30.4,20.799999999999997,48.3,-0.18014036459604962,0.9720105924017526,many
MO,Missouri,Phelps,29161,45284,35710,9.1,75.6,56.1,9.0,14.5,12.4,10.9,33.9,6.2,36.2,21.3,26.5,17.9,29.1,24.400000000000006,43.9,-0.2191608538465882,-0.00965387815817636,some
GA,Georgia,Whitfield,13313,103687,78269,22.7,75.3,51.3,10.7,21.4,17.3,13.0,33.5,6.2,38.1,23.8,20.5,15.8,31.4,24.700000000000003,48.7,1.0672521188118833,0.35519379929186073,most barriers
ND,North Dakota,McKenzie,38053,14252,9705,9.2,71.7,57.4,7.6,13.0,11.0,9.9,31.3,5.7,40.9,17.0,20.5,15.0,24.2,28.299999999999997,42.6,-0.21795025068416443,-0.3193688601344281,some
VA,Virginia,Isle of Wight,51093,40711,31981,8.3,77.9,67.5,7.6,12.9,11.6,10.8,32.9,5.2,36.1,17.3,23.6,13.3,22.4,22.099999999999994,32.5,-0.6951594065466596,-0.4928715900167761,fewest barriers
VA,Virginia,Botetourt,51023,34125,27833,7.8,76.5,68.1,6.4,10.3,9.2,9.5,31.3,5.2,34.8,16.0,25.6,13.4,21.8,23.5,31.900000000000006,-0.8964671491930852,-0.7900623300374754,fewest barriers
NY,New York,Genesee,36037,57529,45851,6.2,78.0,61.5,7.7,13.4,12.3,8.5,29.8,5.3,30.1,16.0,22.3,13.9,23.3,22.0,38.5,-0.6787566823172485,-1.1215077495763004,fewest barriers
OH,Ohio,Columbiana,39029,100182,80055,9.1,76.0,57.8,8.5,15.7,12.7,11.8,35.4,6.5,41.0,20.4,26.7,19.0,29.8,24.0,42.2,-0.24782969442846184,0.3759170701574389,some
CA,California,Nevada,6057,102037,84878,6.1,70.4,62.8,7.3,11.6,10.8,8.0,28.1,5.0,27.6,16.8,25.3,11.5,18.2,29.599999999999994,37.2,-0.45984310581684773,-1.38413973266108,some
MO,Missouri,Barton,29011,11731,8988,11.5,75.4,50.6,11.2,19.1,15.4,12.0,35.6,7.1,40.8,25.3,27.1,22.2,33.8,24.599999999999994,49.4,0.3687140594614798,0.7629008918274932,most barriers
IN,Indiana,Sullivan,18153,20757,16872,9.7,77.2,56.4,9.0,17.3,13.1,12.0,37.1,6.7,43.4,22.8,26.0,20.2,27.2,22.799999999999997,43.6,-0.16635886271520403,0.727078601498928,many
ID,Idaho,Boise,16015,8517,7188,8.7,71.9,66.1,6.8,11.2,9.7,8.2,28.1,5.2,31.3,15.5,23.7,11.9,20.3,28.099999999999994,33.900000000000006,-0.5259498825465426,-1.213964108924314,fewest barriers
MS,Mississippi,Coahoma,28027,20077,14632,15.6,83.0,5.8,20.9,39.3,29.8,19.5,50.7,7.7,47.1,32.7,18.4,22.0,42.1,17.0,94.2,2.53697077193841,2.8142536396253406,most barriers
IL,Illinois,Jo Daviess,17085,21756,17877,7.5,75.3,65.8,6.9,12.1,10.5,9.0,30.0,5.2,36.4,16.4,23.2,13.9,21.0,24.700000000000003,34.2,-0.6910699460520465,-0.8007118325799525,fewest barriers
NH,New Hampshire,Coos,33007,31372,26302,9.4,73.9,59.8,8.3,14.4,11.6,9.4,29.9,5.7,36.1,18.1,24.5,15.6,25.6,26.099999999999994,40.2,-0.2474659893174049,-0.5819494171556988,some
NC,North Carolina,Cumberland,37051,337890,252626,11.7,79.8,61.4,10.9,20.5,16.9,12.6,38.9,5.8,41.1,21.0,24.8,15.6,25.9,20.200000000000003,38.6,0.08733756506693184,0.4506182399330149,many
IN,Indiana,Noble,18113,47430,36001,11.0,77.0,60.4,8.0,15.3,12.1,11.1,33.1,5.9,39.5,20.7,25.3,17.2,25.9,23.0,39.6,-0.296917902004092,0.017258314796264756,some
IL,Illinois,Richland,17159,15488,12015,8.1,75.3,62.2,8.0,14.6,12.1,9.9,31.4,5.7,39.5,18.6,24.5,16.0,23.0,24.700000000000003,37.8,-0.4123800490480824,-0.30417106422781737,some
WI,Wisconsin,Brown,55009,271417,209911,8.5,76.1,68.5,7.0,12.2,10.5,9.3,28.7,5.3,41.1,16.5,23.7,13.6,26.4,23.900000000000006,31.5,-0.7074514734289572,-0.5939691182341036,fewest barriers
OK,Oklahoma,Kiowa,40075,8398,6366,13.7,76.2,50.5,12.0,23.5,17.3,13.1,38.7,7.4,42.8,24.7,26.9,20.5,34.4,23.799999999999997,49.5,0.6890946675714056,1.1242621242253716,most barriers
VA,Virginia,Buchanan,51027,19087,15806,12.5,75.8,51.6,11.2,21.4,15.1,13.2,36.6,7.5,38.8,26.4,28.4,22.2,31.8,24.200000000000003,48.4,0.4389874174947411,0.9723518325848207,most barriers
SC,South Carolina,Marion,45067,28508,22259,16.9,80.8,49.2,16.4,35.3,26.0,17.7,43.4,7.1,45.2,29.7,22.8,20.7,34.9,19.200000000000003,50.8,1.571297001547114,1.9833687195577117,most barriers
GA,Georgia,Montgomery,13209,8761,6956,15.3,77.0,48.3,11.4,21.8,17.6,13.5,38.8,6.5,40.0,23.4,21.7,17.7,30.7,23.0,51.7,0.6966268108235031,0.7598806278625945,most barriers
WV,West Virginia,Barbour,54001,15378,12288,9.8,78.0,50.0,10.7,19.7,15.4,13.8,41.1,7.2,43.8,26.6,33.5,22.5,34.7,22.0,50.0,0.14618516689824734,1.3660740051650897,many
OK,Oklahoma,Pawnee,40117,15864,12110,11.2,76.2,56.7,10.4,19.8,15.0,11.5,36.4,6.7,39.6,21.8,27.4,19.7,31.5,23.799999999999997,43.3,0.1827092874401359,0.44268389182826484,many
MD,Maryland,Frederick,24021,293391,224828,8.0,77.2,66.7,6.2,10.9,10.5,9.4,31.0,4.7,34.3,14.1,21.0,9.1,19.5,22.799999999999997,33.3,-0.8445562209788267,-1.042884318735934,fewest barriers
MS,Mississippi,Marshall,28093,34123,27051,14.9,80.2,7.6,15.5,29.7,22.6,15.7,44.9,7.1,42.1,28.2,20.1,20.8,36.9,19.799999999999997,92.4,1.7525029086166815,1.6659786197961979,most barriers
NM,New Mexico,Los Alamos,35028,19444,15411,5.9,69.2,78.0,4.7,6.9,6.9,6.7,24.3,4.0,25.1,11.0,21.3,7.1,12.7,30.799999999999997,22.0,-1.0622641362729606,-2.276310606136046,fewest barriers
OH,Ohio,Ottawa,39123,39803,32975,7.8,76.2,64.9,6.5,11.0,9.9,9.6,32.2,5.4,37.9,16.0,25.9,14.6,25.6,23.799999999999997,35.099999999999994,-0.7834108140720621,-0.5587717629471058,fewest barriers
CA,California,San Bernardino,6071,2195611,1641803,14.4,69.4,55.8,11.5,23.1,18.9,11.8,31.6,5.6,33.3,25.6,19.5,12.4,26.4,30.599999999999994,44.2,1.0076311860615683,-0.10744558368716021,most barriers
OH,Ohio,Lake,39085,231640,187614,7.5,78.4,65.4,6.7,11.6,10.3,10.2,31.9,5.4,36.8,16.4,25.9,14.8,23.7,21.599999999999994,34.599999999999994,-0.871113145331202,-0.5481446168403983,fewest barriers
ID,Idaho,Shoshone,16079,14026,11081,11.9,71.3,54.6,9.6,17.1,13.3,10.2,30.5,6.2,35.9,20.8,24.5,16.3,26.1,28.700000000000003,45.4,0.3042462572727445,-0.24912367923386625,many
MS,Mississippi,Stone,28131,18756,14785,11.4,78.6,8.5,10.5,19.1,15.0,12.1,39.7,6.3,41.3,22.0,21.6,17.7,32.4,21.400000000000006,91.5,0.7533025271138131,0.6175191556918616,most barriers
WV,West Virginia,Wyoming,54109,20277,16181,11.1,77.3,44.4,11.7,22.1,16.5,14.3,42.1,7.8,44.1,29.5,33.7,25.2,37.4,22.700000000000003,55.6,0.49710115969970925,1.7446627573092137,most barriers
GA,Georgia,Oconee,13219,44182,32893,8.1,77.2,69.7,5.1,7.9,7.7,8.3,28.7,4.3,28.5,12.4,20.6,9.4,17.3,22.799999999999997,30.299999999999997,-1.1380852257533522,-1.6651840994847895,fewest barriers
GA,Georgia,Greene,13133,20722,17235,12.2,78.4,58.9,8.7,15.8,14.4,10.9,34.5,5.2,34.5,17.8,19.3,12.8,24.3,21.599999999999994,41.1,-0.13596662703822907,-0.4645478017447391,many
IN,Indiana,Clark,18019,125467,98156,8.5,78.7,58.3,7.6,14.3,11.6,10.9,36.4,5.7,43.5,19.8,26.5,16.5,24.0,21.299999999999997,41.7,-0.5536571536772693,0.22165125762994267,fewest barriers
CA,California,Sierra,6091,3200,2670,8.6,69.5,62.2,9.9,17.4,14.4,10.1,30.8,6.1,32.4,22.7,26.0,15.6,24.0,30.5,37.8,0.17714928182921194,-0.3373567829817501,many
NC,North Carolina,Chowan,37041,13891,11123,12.0,78.8,57.7,11.4,21.4,16.7,12.5,38.3,6.4,40.6,22.5,25.5,17.6,27.7,21.200000000000003,42.3,0.2515225761009498,0.6113034427413295,many
WV,West Virginia,Ritchie,54085,8167,6554,10.4,77.7,45.9,10.8,19.8,15.2,13.3,39.1,7.4,42.4,26.9,32.8,23.7,35.5,22.299999999999997,54.1,0.25240301196250714,1.2403737311691807,many
IA,Iowa,Washington,19183,22560,16984,8.2,75.1,68.2,7.1,12.2,10.0,9.6,31.6,5.4,38.8,17.1,21.9,15.6,24.6,24.900000000000006,31.799999999999997,-0.6836185953931339,-0.4949421843464742,fewest barriers
OK,Oklahoma,McCurtain,40089,30660,22566,12.8,76.6,47.0,12.9,25.0,18.5,13.3,38.6,7.4,42.7,25.2,26.4,21.7,35.3,23.400000000000006,53.0,0.8122340704840707,1.1559712307521977,most barriers
AZ,Arizona,Gila,4007,54003,43968,13.2,71.1,51.5,11.5,20.6,15.9,10.5,29.2,6.0,32.2,21.6,22.9,16.7,24.7,28.900000000000006,48.5,0.7359738974271987,-0.45181370840703583,most barriers
MS,Mississippi,Copiah,28029,27664,21515,13.0,80.8,8.1,14.7,27.7,21.8,15.3,44.1,6.7,42.4,26.5,19.7,18.6,36.1,19.200000000000003,91.9,1.4821123984917264,1.434460158721731,most barriers
NY,New York,Queens,36081,2252196,1821507,10.9,79.3,60.8,10.3,22.7,18.6,12.2,29.8,4.9,23.8,19.5,14.2,11.0,29.7,20.700000000000003,39.2,0.16977309074838934,-1.0102930856499674,many
KS,Kansas,Rush,20165,2830,2263,9.8,73.7,61.2,7.7,13.7,11.9,10.0,32.1,6.0,38.8,18.4,22.8,17.0,27.9,26.299999999999997,38.8,-0.2788058516920511,-0.23128711602822483,some
